UNIXTIMECO2,
1580807283,410
1580807284,410
1580807285,410
1580807286,1660
1580807287,1660
1580807288,1660
1580807289,1660
1580807290,1660
1580807291,1660
1580807292,1659
1580807293,1659
1580807294,1658
1580807295,1658
1580807296,1657
1580807297,1655
1580807298,1654
1580807299,1652
1580807301,1650
1580807302,1649
1580807303,1647
1580807304,1646
1580807305,1644
1580807306,1642
1580807307,1640
1580807308,1638
1580807309,1636
1580807310,1634
1580807311,1633
1580807312,1631
1580807313,1630
1580807314,1628
1580807315,1625
1580807316,1623
1580807317,1621
1580807318,1619
1580807319,1618
1580807320,1617
1580807321,1616
1580807322,1614
1580807323,1613
1580807324,1611
1580807325,1609
1580807326,1608
1580807327,1606
1580807328,1604
1580807329,1602
1580807330,1600
1580807331,1599
1580807332,1597
1580807333,1595
1580807334,1594
1580807335,1593
1580807336,1591
1580807337,1590
1580807338,1589
1580807340,1587
1580807341,1586
1580807342,1585
1580807343,1584
1580807344,1583
1580807345,1583
1580807346,1582
1580807347,1580
1580807348,1580
1580807349,1579
1580807350,1578
1580807351,1577
1580807352,1576
1580807353,1575
1580807354,1575
1580807355,1575
1580807356,1575
1580807357,1574
1580807358,1574
1580807359,1573
1580807360,1572
1580807361,1571
1580807362,1571
1580807363,1570
1580807364,1570
1580807365,1570
1580807366,1570
1580807367,1570
1580807368,1570
1580807369,1570
1580807370,1569
1580807371,1569
1580807372,1568
1580807373,1568
1580807374,1569
1580807375,1568
1580807376,1568
1580807378,1567
1580807379,1567
1580807380,1567
1580807381,1567
1580807382,1568
1580807383,1568
1580807384,1569
1580807385,1569
1580807386,1570
1580807387,1570
1580807388,1570
1580807389,1570
1580807390,1569
1580807391,1569
1580807392,1569
1580807393,1570
1580807394,1570
1580807395,1570
1580807396,1570
1580807397,1570
1580807398,1570
1580807399,1569
1580807400,1569
1580807401,1569
1580807402,1568
1580807403,1568
1580807404,1568
1580807405,1568
1580807406,1568
1580807407,1568
1580807408,1568
1580807409,1567
1580807410,1567
1580807411,1566
1580807412,1566
1580807413,1566
1580807414,1566
1580807416,1566
1580807417,1566
1580807418,1566
1580807419,1566
1580807420,1566
1580807421,1565
1580807422,1565
1580807423,1565
1580807424,1565
1580807425,1565
1580807426,1565
1580807427,1566
1580807428,1567
1580807429,1567
1580807430,1568
1580807431,1568
1580807432,1568
1580807433,1568
1580807434,1568
1580807435,1568
1580807436,1568
1580807437,1568
1580807438,1568
1580807439,1568
1580807440,1568
1580807441,1569
1580807442,1569
1580807443,1569
1580807444,1568
1580807445,1568
1580807446,1568
1580807447,1568
1580807448,1568
1580807449,1567
1580807450,1567
1580807451,1566
1580807452,1566
1580807454,1566
1580807455,1566
1580807456,1566
1580807457,1565
1580807458,1565
1580807459,1564
1580807460,1564
1580807461,1564
1580807462,1563
1580807463,1563
1580807464,1563
1580807465,1563
1580807466,1563
1580807467,1563
1580807468,1562
1580807469,1562
1580807470,1562
1580807471,1562
1580807472,1563
1580807473,1563
1580807474,1563
1580807475,1563
1580807476,1564
1580807477,1563
1580807478,1563
1580807479,1563
1580807480,1563
1580807481,1564
1580807482,1564
1580807483,1564
1580807484,1564
1580807485,1563
1580807486,1563
1580807487,1562
1580807488,1562
1580807489,1561
1580807490,1561
1580807491,1560
1580807493,1560
1580807494,1560
1580807495,1560
1580807496,1560
1580807497,1560
1580807498,1561
1580807499,1561
1580807500,1561
1580807501,1561
1580807502,1561
1580807503,1561
1580807504,1561
1580807505,1561
1580807506,1561
1580807507,1561
1580807508,1561
1580807509,1562
1580807510,1562
1580807511,1562
1580807512,1562
1580807513,1562
1580807514,1562
1580807515,1562
1580807516,1562
1580807517,1562
1580807518,1562
1580807519,1562
1580807520,1562
1580807521,1562
1580807522,1562
1580807523,1561
1580807524,1561
1580807525,1561
1580807526,1561
1580807527,1562
1580807528,1562
1580807529,1562
1580807531,1562
1580807532,1562
1580807533,1562
1580807534,1562
1580807535,1562
1580807536,1562
1580807537,1562
1580807538,1562
1580807539,1562
1580807540,1562
1580807541,1563
1580807542,1563
1580807543,1564
1580807544,1564
1580807545,1564
1580807546,1565
1580807547,1565
1580807548,1565
1580807549,1566
1580807550,1566
1580807551,1566
1580807552,1567
1580807553,1567
1580807554,1568
1580807555,1569
1580807556,1569
1580807557,1570
1580807558,1570
1580807559,1571
1580807560,1572
1580807561,1572
1580807562,1573
1580807563,1573
1580807564,1574
1580807565,1574
1580807566,1575
1580807567,1575
1580807569,1575
1580807570,1575
1580807571,1575
1580807572,1575
1580807573,1576
1580807574,1576
1580807575,1577
1580807576,1577
1580807577,1578
1580807578,1578
1580807579,1578
1580807580,1578
1580807581,1578
1580807582,1578
1580807583,1579
1580807584,1578
1580807585,1578
1580807586,1577
1580807587,1576
1580807588,1576
1580807589,1575
1580807590,1575
1580807591,1575
1580807592,1575
1580807593,1575
1580807594,1575
1580807595,1575
1580807596,1575
1580807597,1574
1580807598,1574
1580807599,1573
1580807600,1572
1580807601,1572
1580807602,1572
1580807603,1572
1580807604,1572
1580807605,1572
1580807607,1572
1580807608,1572
1580807609,1572
1580807610,1572
1580807611,1572
1580807612,1572
1580807613,1572
1580807614,1572
1580807615,1572
1580807616,1572
1580807617,1572
1580807618,1572
1580807619,1572
1580807620,1571
1580807621,1571
1580807622,1571
1580807623,1571
1580807624,1571
1580807625,1571
1580807626,1571
1580807627,1571
1580807628,1571
1580807629,1571
1580807630,1570
1580807631,1570
1580807632,1569
1580807633,1569
1580807634,1569
1580807635,1569
1580807636,1569
1580807637,1569
1580807638,1570
1580807639,1570
1580807640,1570
1580807641,1571
1580807642,1570
1580807643,1570
1580807645,1569
1580807646,1569
1580807647,1569
1580807648,1569
1580807649,1569
1580807650,1568
1580807651,1568
1580807652,1568
1580807653,1568
1580807654,1568
1580807655,1568
1580807656,1568
1580807657,1568
1580807658,1567
1580807659,1567
1580807660,1567
1580807661,1567
1580807662,1567
1580807663,1567
1580807664,1567
1580807665,1567
1580807666,1566
1580807667,1566
1580807668,1566
1580807669,1566
1580807670,1566
1580807671,1566
1580807672,1566
1580807673,1566
1580807674,1567
1580807675,1567
1580807676,1567
1580807677,1567
1580807678,1567
1580807679,1567
1580807680,1567
1580807681,1567
1580807683,1568
1580807684,1568
1580807685,1569
1580807686,1569
1580807687,1569
1580807688,1569
1580807689,1569
1580807690,1569
1580807691,1569
1580807692,1570
1580807693,1570
1580807694,1570
1580807695,1571
1580807696,1571
1580807697,1571
1580807698,1571
1580807699,1571
1580807700,1571
1580807701,1571
1580807702,1571
1580807703,1572
1580807704,1573
1580807705,1574
1580807706,1574
1580807707,1575
1580807708,1576
1580807709,1576
1580807710,1577
1580807711,1577
1580807712,1578
1580807713,1578
1580807714,1578
1580807715,1578
1580807716,1579
1580807717,1579
1580807718,1580
1580807719,1580
1580807721,1581
1580807722,1580
1580807723,1580
1580807724,1580
1580807725,1580
1580807726,1580
1580807727,1580
1580807728,1580
1580807729,1580
1580807730,1580
1580807731,1580
1580807732,1580
1580807733,1580
1580807734,1580
1580807735,1580
1580807736,1579
1580807737,1579
1580807738,1578
1580807739,1578
1580807740,1577
1580807741,1577
1580807742,1577
1580807743,1577
1580807744,1578
1580807745,1578
1580807746,1578
1580807747,1577
1580807748,1577
1580807749,1577
1580807750,1577
1580807751,1577
1580807752,1577
1580807753,1577
1580807754,1577
1580807755,1577
1580807756,1577
1580807757,1576
1580807759,1576
1580807760,1576
1580807761,1577
1580807762,1577
1580807763,1577
1580807764,1577
1580807765,1578
1580807766,1578
1580807767,1578
1580807768,1577
1580807769,1576
1580807770,1576
1580807771,1575
1580807772,1575
1580807773,1574
1580807774,1574
1580807775,1574
1580807776,1573
1580807777,1573
1580807778,1573
1580807779,1573
1580807780,1573
1580807781,1573
1580807782,1573
1580807783,1573
1580807784,1573
1580807785,1573
1580807786,1573
1580807787,1573
1580807788,1574
1580807789,1574
1580807790,1575
1580807791,1575
1580807792,1575
1580807793,1576
1580807794,1576
1580807795,1577
1580807796,1577
1580807798,1577
1580807799,1577
1580807800,1578
1580807801,1578
1580807802,1578
1580807803,1577
1580807804,1577
1580807805,1577
1580807806,1578
1580807807,1578
1580807808,1578
1580807809,1578
1580807810,1577
1580807811,1577
1580807812,1577
1580807813,1577
1580807814,1578
1580807815,1578
1580807816,1578
1580807817,1578
1580807818,1578
1580807819,1577
1580807820,1577
1580807821,1577
1580807822,1577
1580807823,1577
1580807824,1577
1580807825,1577
1580807826,1577
1580807827,1578
1580807828,1578
1580807829,1578
1580807830,1578
1580807831,1578
1580807832,1578
1580807833,1578
1580807834,1579
1580807836,1579
1580807837,1580
1580807838,1580
1580807839,1580
1580807840,1580
1580807841,1580
1580807842,1580
1580807843,1580
1580807844,1580
1580807845,1580
1580807846,1580
1580807847,1580
1580807848,1580
1580807849,1581
1580807850,1581
1580807851,1581
1580807852,1581
1580807853,1581
1580807854,1581
1580807855,1581
1580807856,1581
1580807857,1581
1580807858,1581
1580807859,1582
1580807860,1582
1580807861,1582
1580807862,1582
1580807863,1582
1580807864,1582
1580807865,1582
1580807866,1582
1580807867,1582
1580807868,1582
1580807869,1582
1580807870,1582
1580807871,1582
1580807872,1582
1580807874,1583
1580807875,1583
1580807876,1583
1580807877,1583
1580807878,1583
1580807879,1583
1580807880,1583
1580807881,1583
1580807882,1583
1580807883,1583
1580807884,1583
1580807885,1583
1580807886,1583
1580807887,1583
1580807888,1584
1580807889,1584
1580807890,1585
1580807891,1585
1580807892,1585
1580807893,1586
1580807894,1586
1580807895,1586
1580807896,1586
1580807897,1586
1580807898,1586
1580807899,1586
1580807900,1586
1580807901,1586
1580807902,1586
1580807903,1586
1580807904,1586
1580807905,1585
1580807906,1585
1580807907,1584
1580807908,1583
1580807909,1583
1580807910,1582
1580807912,1582
1580807913,1582
1580807914,1581
1580807915,1581
1580807916,1580
1580807917,1580
1580807918,1580
1580807919,1581
1580807920,1580
1580807921,1580
1580807922,1580
1580807923,1580
1580807924,1580
1580807925,1580
1580807926,1579
1580807927,1579
1580807928,1578
1580807929,1577
1580807930,1576
1580807931,1576
1580807932,1575
1580807933,1575
1580807934,1575
1580807935,1575
1580807936,1575
1580807937,1575
1580807938,1576
1580807939,1576
1580807940,1577
1580807941,1578
1580807942,1578
1580807943,1579
1580807944,1579
1580807945,1580
1580807946,1580
1580807947,1580
1580807948,1580
1580807950,1580
1580807951,1580
1580807952,1580
1580807953,1580
1580807954,1580
1580807955,1579
1580807956,1579
1580807957,1578
1580807958,1578
1580807959,1578
1580807960,1578
1580807961,1577
1580807962,1577
1580807963,1576
1580807964,1576
1580807965,1575
1580807966,1575
1580807967,1575
1580807968,1576
1580807969,1576
1580807970,1576
1580807971,1576
1580807972,1576
1580807973,1576
1580807974,1576
1580807975,1576
1580807976,1576
1580807977,1576
1580807978,1576
1580807979,1575
1580807980,1575
1580807981,1575
1580807982,1575
1580807983,1575
1580807984,1575
1580807985,1574
1580807986,1574
1580807988,1574
1580807989,1574
1580807990,1573
1580807991,1573
1580807992,1572
1580807993,1572
1580807994,1572
1580807995,1572
1580807996,1571
1580807997,1571
1580807998,1571
1580807999,1571
1580808000,1571
1580808001,1571
1580808002,1571
1580808003,1571
1580808004,1571
1580808005,1572
1580808006,1572
1580808007,1573
1580808008,1573
1580808009,1574
1580808010,1574
1580808011,1574
1580808012,1574
1580808013,1574
1580808014,1574
1580808015,1574
1580808016,1574
1580808017,1574
1580808018,1574
1580808019,1574
1580808020,1574
1580808021,1574
1580808022,1574
1580808023,1574
1580808024,1574
1580808026,1574
1580808027,1574
1580808028,1574
1580808029,1574
1580808030,1574
1580808031,1573
1580808032,1573
1580808033,1573
1580808034,1573
1580808035,1573
1580808036,1573
1580808037,1573
1580808038,1573
1580808039,1573
1580808040,1572
1580808041,1572
1580808042,1572
1580808043,1573
1580808044,1573
1580808045,1573
1580808046,1573
1580808047,1573
1580808048,1573
1580808049,1572
1580808050,1572
1580808051,1572
1580808052,1571
1580808053,1571
1580808054,1571
1580808055,1570
1580808056,1570
1580808057,1570
1580808058,1570
1580808059,1570
1580808060,1569
1580808061,1569
1580808062,1569
1580808063,1569
1580808065,1570
1580808066,1570
1580808067,1571
1580808068,1571
1580808069,1572
1580808070,1572
1580808071,1572
1580808072,1571
1580808073,1571
1580808074,1571
1580808075,1570
1580808076,1570
1580808077,1570
1580808078,1570
1580808079,1570
1580808080,1570
1580808081,1569
1580808082,1569
1580808083,1569
1580808084,1569
1580808085,1569
1580808086,1569
1580808087,1569
1580808088,1569
1580808089,1569
1580808090,1569
1580808091,1569
1580808092,1569
1580808093,1569
1580808094,1570
1580808095,1570
1580808096,1571
1580808097,1571
1580808098,1570
1580808099,1570
1580808100,1570
1580808101,1570
1580808103,1570
1580808104,1570
1580808105,1570
1580808106,1570
1580808107,1570
1580808108,1571
1580808109,1572
1580808110,1572
1580808111,1573
1580808112,1573
1580808113,1574
1580808114,1574
1580808115,1574
1580808116,1574
1580808117,1574
1580808118,1574
1580808119,1574
1580808120,1575
1580808121,1575
1580808122,1575
1580808123,1575
1580808124,1575
1580808125,1575
1580808126,1575
1580808127,1575
1580808128,1575
1580808129,1575
1580808130,1575
1580808131,1575
1580808132,1574
1580808133,1574
1580808134,1573
1580808135,1573
1580808136,1573
1580808137,1573
1580808138,1573
1580808139,1572
1580808141,1572
1580808142,1572
1580808143,1572
1580808144,1571
1580808145,1571
1580808146,1571
1580808147,1571
1580808148,1571
1580808149,1571
1580808150,1571
1580808151,1572
1580808152,1572
1580808153,1572
1580808154,1573
1580808155,1572
1580808156,1572
1580808157,1572
1580808158,1572
1580808159,1572
1580808160,1571
1580808161,1571
1580808162,1571
1580808163,1571
1580808164,1571
1580808165,1572
1580808166,1572
1580808167,1572
1580808168,1572
1580808169,1572
1580808170,1572
1580808171,1572
1580808172,1572
1580808173,1571
1580808174,1571
1580808175,1571
1580808176,1571
1580808177,1571
1580808179,1571
1580808180,1571
1580808181,1571
1580808182,1571
1580808183,1571
1580808184,1571
1580808185,1571
1580808186,1571
1580808187,1571
1580808188,1572
1580808189,1572
1580808190,1571
1580808191,1571
1580808192,1571
1580808193,1571
1580808194,1571
1580808195,1572
1580808196,1572
1580808197,1572
1580808198,1572
1580808199,1572
1580808200,1572
1580808201,1572
1580808202,1571
1580808203,1571
1580808204,1570
1580808205,1569
1580808206,1569
1580808207,1569
1580808208,1568
1580808209,1568
1580808210,1568
1580808211,1568
1580808212,1568
1580808213,1568
1580808214,1568
1580808215,1568
1580808216,1568
1580808218,1567
1580808219,1567
1580808220,1566
1580808221,1565
1580808222,1565
1580808223,1564
1580808224,1564
1580808225,1564
1580808226,1563
1580808227,1563
1580808228,1563
1580808229,1563
1580808230,1564
1580808231,1564
1580808232,1563
1580808233,1563
1580808234,1562
1580808235,1561
1580808236,1561
1580808237,1561
1580808238,1561
1580808239,1561
1580808240,1561
1580808241,1561
1580808242,1561
1580808243,1562
1580808244,1561
1580808245,1561
1580808246,1561
1580808247,1561
1580808248,1561
1580808249,1560
1580808250,1560
1580808251,1560
1580808252,1560
1580808253,1560
1580808254,1560
1580808256,1561
1580808257,1560
1580808258,1560
1580808259,1559
1580808260,1559
1580808261,1559
1580808262,1559
1580808263,1559
1580808264,1559
1580808265,1559
1580808266,1558
1580808267,1558
1580808268,1558
1580808269,1558
1580808270,1558
1580808271,1558
1580808272,1558
1580808273,1559
1580808274,1559
1580808275,1560
1580808276,1561
1580808277,1561
1580808278,1562
1580808279,1562
1580808280,1563
1580808281,1563
1580808282,1563
1580808283,1563
1580808284,1563
1580808285,1563
1580808286,1562
1580808287,1562
1580808288,1562
1580808289,1562
1580808290,1562
1580808291,1562
1580808292,1563
1580808294,1563
1580808295,1563
1580808296,1563
1580808297,1563
1580808298,1563
1580808299,1563
1580808300,1563
1580808301,1563
1580808302,1563
1580808303,1563
1580808304,1564
1580808305,1564
1580808306,1564
1580808307,1564
1580808308,1564
1580808309,1564
1580808310,1564
1580808311,1564
1580808312,1564
1580808313,1564
1580808314,1564
1580808315,1564
1580808316,1565
1580808317,1565
1580808318,1566
1580808319,1566
1580808320,1567
1580808321,1567
1580808322,1568
1580808323,1568
1580808324,1568
1580808325,1569
1580808326,1569
1580808327,1569
1580808328,1569
1580808329,1569
1580808330,1569
1580808332,1569
1580808333,1570
1580808334,1570
1580808335,1570
1580808336,1570
1580808337,1570
1580808338,1571
1580808339,1571
1580808340,1571
1580808341,1571
1580808342,1572
1580808343,1572
1580808344,1572
1580808345,1571
1580808346,1571
1580808347,1570
1580808348,1570
1580808349,1570
1580808350,1569
1580808351,1569
1580808352,1569
1580808353,1568
1580808354,1568
1580808355,1567
1580808356,1567
1580808357,1567
1580808358,1567
1580808359,1567
1580808360,1568
1580808361,1568
1580808362,1568
1580808363,1568
1580808364,1568
1580808365,1569
1580808366,1569
1580808367,1569
1580808368,1569
1580808370,1569
1580808371,1569
1580808372,1569
1580808373,1569
1580808374,1569
1580808375,1569
1580808376,1569
1580808377,1569
1580808378,1569
1580808379,1569
1580808380,1569
1580808381,1569
1580808382,1569
1580808383,1569
1580808384,1569
1580808385,1569
1580808386,1569
1580808387,1570
1580808388,1570
1580808389,1570
1580808390,1571
1580808391,1571
1580808392,1571
1580808393,1571
1580808394,1572
1580808395,1572
1580808396,1572
1580808397,1573
1580808398,1573
1580808399,1573
1580808400,1573
1580808401,1574
1580808402,1574
1580808403,1574
1580808404,1574
1580808405,1574
1580808406,1574
1580808407,1574
1580808409,1573
1580808410,1573
1580808411,1573
1580808412,1573
1580808413,1574
1580808414,1574
1580808415,1574
1580808416,1575
1580808417,1574
1580808418,1574
1580808419,1574
1580808420,1573
1580808421,1573
1580808422,1572
1580808423,1572
1580808424,1571
1580808425,1571
1580808426,1570
1580808427,1570
1580808428,1570
1580808429,1570
1580808430,1570
1580808431,1570
1580808432,1569
1580808433,1569
1580808434,1569
1580808435,1569
1580808436,1568
1580808437,1568
1580808438,1568
1580808439,1568
1580808440,1567
1580808441,1567
1580808442,1567
1580808443,1567
1580808444,1567
1580808445,1567
1580808447,1567
1580808448,1568
1580808449,1568
1580808450,1567
1580808451,1567
1580808452,1567
1580808453,1567
1580808454,1567
1580808455,1567
1580808456,1567
1580808457,1567
1580808458,1568
1580808459,1568
1580808460,1569
1580808461,1569
1580808462,1569
1580808463,1570
1580808464,1569
1580808465,1569
1580808466,1569
1580808467,1569
1580808468,1569
1580808469,1569
1580808470,1569
1580808471,1569
1580808472,1569
1580808473,1570
1580808474,1571
1580808475,1572
1580808476,1573
1580808477,1575
1580808478,1576
1580808479,1578
1580808480,1579
1580808481,1580
1580808482,1581
1580808483,1582
1580808485,1582
1580808486,1583
1580808487,1583
1580808488,1583
1580808489,1584
1580808490,1584
1580808491,1584
1580808492,1584
1580808493,1583
1580808494,1583
1580808495,1582
1580808496,1582
1580808497,1581
1580808498,1581
1580808499,1580
1580808500,1580
1580808501,1579
1580808502,1578
1580808503,1578
1580808504,1578
1580808505,1578
1580808506,1577
1580808507,1577
1580808508,1576
1580808509,1576
1580808510,1576
1580808511,1576
1580808512,1575
1580808513,1575
1580808514,1575
1580808515,1574
1580808516,1574
1580808517,1573
1580808518,1573
1580808519,1572
1580808520,1571
1580808521,1571
1580808523,1571
1580808524,1571
1580808525,1570
1580808526,1570
1580808527,1570
1580808528,1570
1580808529,1570
1580808530,1570
1580808531,1569
1580808532,1569
1580808533,1568
1580808534,1567
1580808535,1567
1580808536,1566
1580808537,1565
1580808538,1565
1580808539,1565
1580808540,1565
1580808541,1565
1580808542,1566
1580808543,1566
1580808544,1566
1580808545,1565
1580808546,1565
1580808547,1565
1580808548,1565
1580808549,1565
1580808550,1564
1580808551,1564
1580808552,1563
1580808553,1562
1580808554,1562
1580808555,1562
1580808556,1562
1580808557,1563
1580808558,1563
1580808559,1564
1580808561,1564
1580808562,1564
1580808563,1564
1580808564,1564
1580808565,1565
1580808566,1565
1580808567,1565
1580808568,1565
1580808569,1565
1580808570,1567
1580808571,1569
1580808572,1574
1580808573,1599
1580808574,1644
1580808575,1706
1580808576,1747
1580808577,1767
1580808578,1767
1580808579,1767
1580808580,1766
1580808581,1765
1580808582,1763
1580808583,1761
1580808584,1757
1580808585,1754
1580808586,1750
1580808587,1747
1580808588,1743
1580808589,1738
1580808590,1734
1580808591,1729
1580808592,1724
1580808593,1719
1580808594,1715
1580808595,1711
1580808596,1707
1580808597,1702
1580808599,1698
1580808600,1693
1580808601,1688
1580808602,1683
1580808603,1679
1580808604,1675
1580808605,1672
1580808606,1668
1580808607,1665
1580808608,1661
1580808609,1654
1580808610,1651
1580808611,1648
1580808612,1644
1580808613,1641
1580808614,1637
1580808615,1634
1580808616,1631
1580808617,1628
1580808618,1625
1580808619,1623
1580808620,1620
1580808621,1617
1580808622,1614
1580808623,1612
1580808624,1610
1580808625,1608
1580808626,1606
1580808627,1604
1580808628,1601
1580808629,1599
1580808630,1597
1580808631,1596
1580808632,1594
1580808633,1592
1580808634,1590
1580808635,1589
1580808636,1588
1580808638,1587
1580808639,1585
1580808640,1584
1580808641,1582
1580808642,1581
1580808643,1580
1580808644,1579
1580808645,1578
1580808646,1577
1580808647,1576
1580808648,1575
1580808649,1575
1580808650,1574
1580808651,1573
1580808652,1572
1580808653,1572
1580808654,1572
1580808655,1571
1580808656,1571
1580808657,1570
1580808658,1570
1580808659,1570
1580808660,1570
1580808661,1569
1580808662,1569
1580808663,1568
1580808664,1568
1580808665,1568
1580808666,1568
1580808667,1567
1580808668,1567
1580808669,1567
1580808670,1567
1580808671,1568
1580808672,1568
1580808673,1567
1580808674,1567
1580808676,1567
1580808677,1567
1580808678,1566
1580808679,1566
1580808680,1566
1580808681,1565
1580808682,1565
1580808683,1565
1580808684,1565
1580808685,1565
1580808686,1565
1580808687,1565
1580808688,1564
1580808689,1564
1580808690,1564
1580808691,1564
1580808692,1563
1580808693,1563
1580808694,1563
1580808695,1563
1580808696,1564
1580808697,1564
1580808698,1564
1580808699,1564
1580808700,1563
1580808701,1563
1580808702,1563
1580808703,1562
1580808704,1562
1580808705,1561
1580808706,1561
1580808707,1560
1580808708,1560
1580808709,1560
1580808710,1560
1580808711,1559
1580808712,1559
1580808714,1559
1580808715,1559
1580808716,1559
1580808717,1559
1580808718,1559
1580808719,1559
1580808720,1558
1580808721,1558
1580808722,1558
1580808723,1558
1580808724,1558
1580808725,1558
1580808726,1558
1580808727,1559
1580808728,1559
1580808729,1560
1580808730,1561
1580808731,1561
1580808732,1561
1580808733,1562
1580808734,1562
1580808735,1563
1580808736,1563
1580808737,1563
1580808738,1562
1580808739,1562
1580808740,1562
1580808741,1562
1580808742,1562
1580808743,1563
1580808744,1563
1580808745,1564
1580808746,1564
1580808747,1564
1580808748,1564
1580808749,1564
1580808750,1564
1580808752,1564
1580808753,1564
1580808754,1564
1580808755,1564
1580808756,1564
1580808757,1564
1580808758,1564
1580808759,1564
1580808760,1564
1580808761,1565
1580808762,1565
1580808763,1565
1580808764,1565
1580808765,1565
1580808766,1565
1580808767,1565
1580808768,1565
1580808769,1565
1580808770,1564
1580808771,1564
1580808772,1564
1580808773,1563
1580808774,1563
1580808775,1562
1580808776,1562
1580808777,1561
1580808778,1561
1580808779,1561
1580808780,1560
1580808781,1560
1580808782,1560
1580808783,1560
1580808784,1560
1580808785,1559
1580808786,1559
1580808787,1558
1580808788,1556
1580808790,1555
1580808791,1554
1580808792,1554
1580808793,1554
1580808794,1554
1580808795,1553
1580808796,1553
1580808797,1552
1580808798,1552
1580808799,1552
1580808800,1553
1580808801,1553
1580808802,1553
1580808803,1554
1580808804,1554
1580808805,1553
1580808806,1553
1580808807,1553
1580808808,1552
1580808809,1552
1580808810,1552
1580808811,1552
1580808812,1551
1580808813,1551
1580808814,1551
1580808815,1551
1580808816,1551
1580808817,1550
1580808818,1550
1580808819,1549
1580808820,1548
1580808821,1548
1580808822,1547
1580808823,1547
1580808824,1547
1580808825,1547
1580808826,1547
1580808828,1546
1580808829,1546
1580808830,1546
1580808831,1547
1580808832,1547
1580808833,1546
1580808834,1546
1580808835,1545
1580808836,1545
1580808837,1544
1580808838,1544
1580808839,1544
1580808840,1544
1580808841,1543
1580808842,1543
1580808843,1543
1580808844,1543
1580808845,1543
1580808846,1542
1580808847,1542
1580808848,1541
1580808849,1541
1580808850,1540
1580808851,1540
1580808852,1539
1580808853,1539
1580808854,1539
1580808855,1539
1580808856,1538
1580808857,1538
1580808858,1538
1580808859,1538
1580808860,1538
1580808861,1537
1580808862,1537
1580808863,1537
1580808864,1537
1580808866,1537
1580808867,1537
1580808868,1537
1580808869,1537
1580808870,1537
1580808871,1536
1580808872,1536
1580808873,1536
1580808874,1535
1580808875,1535
1580808876,1535
1580808877,1535
1580808878,1534
1580808879,1534
1580808880,1534
1580808881,1533
1580808882,1533
1580808883,1533
1580808884,1533
1580808885,1533
1580808886,1533
1580808887,1533
1580808888,1533
1580808889,1533
1580808890,1532
1580808891,1532
1580808892,1532
1580808893,1531
1580808894,1531
1580808895,1531
1580808896,1531
1580808897,1530
1580808898,1530
1580808899,1529
1580808900,1529
1580808901,1529
1580808902,1529
1580808903,1529
1580808905,1529
1580808906,1529
1580808907,1530
1580808908,1530
1580808909,1531
1580808910,1532
1580808911,1532
1580808912,1532
1580808913,1532
1580808914,1532
1580808915,1533
1580808916,1533
1580808917,1534
1580808918,1534
1580808919,1535
1580808920,1535
1580808921,1536
1580808922,1536
1580808923,1537
1580808924,1537
1580808925,1538
1580808926,1539
1580808927,1539
1580808928,1540
1580808929,1540
1580808930,1541
1580808931,1541
1580808932,1542
1580808933,1542
1580808934,1543
1580808935,1543
1580808936,1544
1580808937,1544
1580808938,1545
1580808939,1546
1580808940,1547
1580808941,1548
1580808943,1548
1580808944,1549
1580808945,1549
1580808946,1549
1580808947,1549
1580808948,1549
1580808949,1549
1580808950,1549
1580808951,1550
1580808952,1550
1580808953,1550
1580808954,1550
1580808955,1550
1580808956,1550
1580808957,1550
1580808958,1549
1580808959,1549
1580808960,1549
1580808961,1549
1580808962,1549
1580808963,1549
1580808964,1549
1580808965,1548
1580808966,1548
1580808967,1547
1580808968,1546
1580808969,1545
1580808970,1545
1580808971,1544
1580808972,1543
1580808973,1542
1580808974,1541
1580808975,1540
1580808976,1539
1580808977,1539
1580808978,1538
1580808980,1538
1580808981,1537
1580808982,1536
1580808983,1536
1580808984,1536
1580808985,1536
1580808986,1535
1580808987,1535
1580808988,1535
1580808989,1535
1580808990,1536
1580808991,1536
1580808992,1536
1580808993,1536
1580808994,1536
1580808995,1536
1580808996,1537
1580808997,1537
1580808998,1536
1580808999,1536
1580809000,1536
1580809001,1536
1580809002,1536
1580809003,1536
1580809004,1536
1580809005,1536
1580809006,1537
1580809007,1536
1580809008,1536
1580809009,1536
1580809010,1536
1580809011,1536
1580809012,1535
1580809013,1535
1580809014,1535
1580809015,1535
1580809016,1536
1580809018,1536
1580809019,1536
1580809020,1536
1580809021,1536
1580809022,1536
1580809023,1536
1580809024,1536
1580809025,1536
1580809026,1536
1580809027,1536
1580809028,1536
1580809029,1536
1580809030,1536
1580809031,1536
1580809032,1537
1580809033,1537
1580809034,1537
1580809035,1536
1580809036,1536
1580809037,1536
1580809038,1535
1580809039,1535
1580809040,1535
1580809041,1534
1580809042,1534
1580809043,1533
1580809044,1533
1580809045,1532
1580809046,1531
1580809047,1531
1580809048,1531
1580809049,1530
1580809050,1530
1580809051,1530
1580809052,1529
1580809053,1529
1580809054,1528
1580809056,1528
1580809057,1528
1580809058,1528
1580809059,1527
1580809060,1527
1580809061,1526
1580809062,1526
1580809063,1526
1580809064,1526
1580809065,1526
1580809066,1526
1580809067,1526
1580809068,1526
1580809069,1526
1580809070,1526
1580809071,1527
1580809072,1527
1580809073,1527
1580809074,1527
1580809075,1528
1580809076,1528
1580809077,1528
1580809078,1529
1580809079,1529
1580809080,1529
1580809081,1528
1580809082,1528
1580809083,1528
1580809084,1528
1580809085,1528
1580809086,1529
1580809087,1529
1580809088,1529
1580809089,1529
1580809090,1529
1580809091,1529
1580809092,1529
1580809094,1529
1580809095,1529
1580809096,1529
1580809097,1529
1580809098,1529
1580809099,1528
1580809100,1528
1580809101,1528
1580809102,1527
1580809103,1527
1580809104,1527
1580809105,1527
1580809106,1526
1580809107,1526
1580809108,1526
1580809109,1526
1580809110,1526
1580809111,1526
1580809112,1525
1580809113,1525
1580809114,1524
1580809115,1524
1580809116,1523
1580809117,1523
1580809118,1523
1580809119,1523
1580809120,1523
1580809121,1523
1580809122,1523
1580809123,1523
1580809124,1523
1580809125,1523
1580809126,1522
1580809127,1522
1580809128,1522
1580809129,1522
1580809130,1522
1580809132,1522
1580809133,1523
1580809134,1523
1580809135,1523
1580809136,1524
1580809137,1525
1580809138,1525
1580809139,1526
1580809140,1526
1580809141,1526
1580809142,1526
1580809143,1526
1580809144,1526
1580809145,1526
1580809146,1526
1580809147,1526
1580809148,1525
1580809149,1525
1580809150,1525
1580809151,1526
1580809152,1526
1580809153,1526
1580809154,1526
1580809155,1526
1580809156,1526
1580809157,1525
1580809158,1525
1580809159,1524
1580809160,1524
1580809161,1524
1580809162,1524
1580809163,1524
1580809164,1524
1580809165,1523
1580809166,1523
1580809167,1522
1580809168,1522
1580809170,1522
1580809171,1522
1580809172,1522
1580809173,1522
1580809174,1521
1580809175,1521
1580809176,1521
1580809177,1520
1580809178,1520
1580809179,1520
1580809180,1519
1580809181,1519
1580809182,1519
1580809183,1519
1580809184,1518
1580809185,1518
1580809186,1518
1580809187,1518
1580809188,1518
1580809189,1518
1580809190,1518
1580809191,1517
1580809192,1517
1580809193,1516
1580809194,1516
1580809195,1515
1580809196,1515
1580809197,1514
1580809198,1513
1580809199,1513
1580809200,1513
1580809201,1513
1580809202,1513
1580809203,1514
1580809204,1514
1580809205,1514
1580809206,1515
1580809208,1515
1580809209,1516
1580809210,1515
1580809211,1515
1580809212,1515
1580809213,1515
1580809214,1515
1580809215,1516
1580809216,1516
1580809217,1517
1580809218,1517
1580809219,1517
1580809220,1517
1580809221,1517
1580809222,1517
1580809223,1517
1580809224,1517
1580809225,1517
1580809226,1517
1580809227,1516
1580809228,1516
1580809229,1516
1580809230,1516
1580809231,1516
1580809232,1516
1580809233,1517
1580809234,1517
1580809235,1517
1580809236,1517
1580809237,1516
1580809238,1516
1580809239,1516
1580809240,1516
1580809241,1516
1580809242,1516
1580809243,1516
1580809244,1516
1580809246,1516
1580809247,1516
1580809248,1515
1580809249,1515
1580809250,1515
1580809251,1515
1580809252,1515
1580809253,1515
1580809254,1515
1580809255,1515
1580809256,1515
1580809257,1515
1580809258,1515
1580809259,1515
1580809260,1515
1580809261,1515
1580809262,1515
1580809263,1516
1580809264,1516
1580809265,1516
1580809266,1516
1580809267,1516
1580809268,1516
1580809269,1517
1580809270,1517
1580809271,1518
1580809272,1519
1580809273,1519
1580809274,1520
1580809275,1520
1580809276,1521
1580809277,1521
1580809278,1521
1580809279,1521
1580809280,1521
1580809281,1522
1580809282,1521
1580809284,1521
1580809285,1521
1580809286,1520
1580809287,1520
1580809288,1520
1580809289,1520
1580809290,1520
1580809291,1520
1580809292,1520
1580809293,1521
1580809294,1522
1580809295,1524
1580809296,1526
1580809297,1528
1580809298,1531
1580809299,1533
1580809300,1536
1580809301,1538
1580809302,1541
1580809303,1542
1580809304,1544
1580809305,1545
1580809306,1546
1580809307,1547
1580809308,1547
1580809309,1547
1580809310,1547
1580809311,1546
1580809312,1546
1580809313,1545
1580809314,1544
1580809315,1543
1580809316,1541
1580809317,1539
1580809318,1537
1580809319,1537
1580809320,1536
1580809322,1536
1580809323,1535
1580809324,1534
1580809325,1533
1580809326,1532
1580809327,1531
1580809328,1530
1580809329,1529
1580809330,1527
1580809331,1526
1580809332,1525
1580809333,1524
1580809334,1523
1580809335,1523
1580809336,1522
1580809337,1521
1580809338,1520
1580809339,1519
1580809340,1518
1580809341,1518
1580809342,1517
1580809343,1516
1580809344,1515
1580809345,1515
1580809346,1514
1580809347,1513
1580809348,1512
1580809349,1512
1580809350,1511
1580809351,1510
1580809352,1510
1580809353,1509
1580809354,1508
1580809355,1508
1580809356,1507
1580809357,1506
1580809358,1506
1580809360,1505
1580809361,1504
1580809362,1504
1580809363,1504
1580809364,1503
1580809365,1503
1580809366,1503
1580809367,1503
1580809368,1503
1580809369,1503
1580809370,1502
1580809371,1502
1580809372,1502
1580809373,1503
1580809374,1503
1580809375,1502
1580809376,1502
1580809377,1501
1580809378,1501
1580809379,1501
1580809380,1501
1580809381,1501
1580809382,1502
1580809383,1502
1580809384,1502
1580809385,1501
1580809386,1501
1580809387,1501
1580809388,1500
1580809389,1500
1580809390,1499
1580809391,1498
1580809392,1497
1580809393,1496
1580809394,1496
1580809395,1496
1580809396,1496
1580809398,1496
1580809399,1496
1580809400,1496
1580809401,1497
1580809402,1498
1580809403,1498
1580809404,1499
1580809405,1499
1580809406,1500
1580809407,1501
1580809408,1501
1580809409,1502
1580809410,1502
1580809411,1502
1580809412,1502
1580809413,1502
1580809414,1502
1580809415,1501
1580809416,1501
1580809417,1500
1580809418,1500
1580809419,1499
1580809420,1498
1580809421,1497
1580809422,1497
1580809423,1496
1580809424,1495
1580809425,1495
1580809426,1494
1580809427,1494
1580809428,1494
1580809429,1495
1580809430,1495
1580809431,1495
1580809432,1495
1580809433,1494
1580809434,1494
1580809436,1493
1580809437,1493
1580809438,1493
1580809439,1493
1580809440,1492
1580809441,1492
1580809442,1491
1580809443,1491
1580809444,1491
1580809445,1490
1580809446,1490
1580809447,1490
1580809448,1490
1580809449,1490
1580809450,1489
1580809451,1488
1580809452,1488
1580809453,1487
1580809454,1486
1580809455,1485
1580809456,1485
1580809457,1485
1580809458,1484
1580809459,1484
1580809460,1484
1580809461,1484
1580809462,1484
1580809463,1484
1580809464,1485
1580809465,1485
1580809466,1485
1580809467,1485
1580809468,1484
1580809469,1484
1580809470,1484
1580809471,1484
1580809472,1483
1580809474,1483
1580809475,1483
1580809476,1483
1580809477,1482
1580809478,1482
1580809479,1482
1580809480,1482
1580809481,1482
1580809482,1482
1580809483,1482
1580809484,1482
1580809485,1482
1580809486,1483
1580809487,1483
1580809488,1483
1580809489,1483
1580809490,1482
1580809491,1482
1580809492,1481
1580809493,1481
1580809494,1481
1580809495,1481
1580809496,1481
1580809497,1480
1580809498,1480
1580809499,1480
1580809500,1480
1580809501,1479
1580809502,1479
1580809503,1478
1580809504,1478
1580809505,1477
1580809506,1477
1580809507,1477
1580809508,1476
1580809509,1476
1580809510,1474
1580809512,1474
1580809513,1473
1580809514,1473
1580809515,1473
1580809516,1473
1580809517,1472
1580809518,1472
1580809519,1472
1580809520,1472
1580809521,1472
1580809522,1471
1580809523,1471
1580809524,1471
1580809525,1470
1580809526,1470
1580809527,1469
1580809528,1469
1580809529,1469
1580809530,1469
1580809531,1469
1580809532,1469
1580809533,1468
1580809534,1468
1580809535,1468
1580809536,1467
1580809537,1467
1580809538,1467
1580809539,1466
1580809540,1466
1580809541,1466
1580809542,1466
1580809543,1466
1580809544,1466
1580809545,1466
1580809546,1465
1580809547,1465
1580809548,1464
1580809550,1464
1580809551,1464
1580809552,1464
1580809553,1463
1580809554,1463
1580809555,1463
1580809556,1463
1580809557,1463
1580809558,1463
1580809559,1463
1580809560,1463
1580809561,1462
1580809562,1462
1580809563,1462
1580809564,1463
1580809565,1463
1580809566,1463
1580809567,1463
1580809568,1463
1580809569,1463
1580809570,1463
1580809571,1463
1580809572,1463
1580809573,1463
1580809574,1462
1580809575,1462
1580809576,1462
1580809577,1462
1580809578,1462
1580809579,1462
1580809580,1462
1580809581,1461
1580809582,1461
1580809583,1461
1580809584,1461
1580809585,1461
1580809586,1461
1580809588,1460
1580809589,1460
1580809590,1460
1580809591,1460
1580809592,1460
1580809593,1460
1580809594,1460
1580809595,1460
1580809596,1461
1580809597,1460
1580809598,1460
1580809599,1460
1580809600,1460
1580809601,1461
1580809602,1461
1580809603,1461
1580809604,1461
1580809605,1461
1580809606,1460
1580809607,1460
1580809608,1459
1580809609,1458
1580809610,1458
1580809611,1458
1580809612,1458
1580809613,1458
1580809614,1458
1580809615,1458
1580809616,1458
1580809617,1458
1580809618,1458
1580809619,1458
1580809620,1457
1580809621,1457
1580809622,1456
1580809623,1456
1580809625,1456
1580809626,1456
1580809627,1456
1580809628,1456
1580809629,1456
1580809630,1456
1580809631,1455
1580809632,1455
1580809633,1455
1580809634,1455
1580809635,1455
1580809636,1456
1580809637,1456
1580809638,1456
1580809639,1456
1580809640,1457
1580809641,1457
1580809642,1457
1580809643,1457
1580809644,1457
1580809645,1458
1580809646,1458
1580809647,1458
1580809648,1458
1580809649,1457
1580809650,1457
1580809651,1457
1580809652,1457
1580809653,1457
1580809654,1457
1580809655,1457
1580809656,1457
1580809657,1457
1580809658,1456
1580809659,1456
1580809660,1456
1580809661,1455
1580809663,1455
1580809664,1455
1580809665,1455
1580809666,1454
1580809667,1454
1580809668,1453
1580809669,1452
1580809670,1451
1580809671,1450
1580809672,1450
1580809673,1450
1580809674,1450
1580809675,1450
1580809676,1450
1580809677,1450
1580809678,1450
1580809679,1450
1580809680,1450
1580809681,1450
1580809682,1450
1580809683,1450
1580809684,1449
1580809685,1449
1580809686,1449
1580809687,1449
1580809688,1449
1580809689,1449
1580809690,1448
1580809691,1448
1580809692,1447
1580809693,1447
1580809694,1446
1580809695,1446
1580809696,1446
1580809697,1446
1580809698,1446
1580809699,1446
1580809701,1446
1580809702,1446
1580809703,1445
1580809704,1445
1580809705,1444
1580809706,1443
1580809707,1443
1580809708,1443
1580809709,1443
1580809710,1442
1580809711,1442
1580809712,1442
1580809713,1442
1580809714,1441
1580809715,1441
1580809716,1440
1580809717,1440
1580809718,1439
1580809719,1439
1580809720,1439
1580809721,1439
1580809722,1439
1580809723,1440
1580809724,1440
1580809725,1440
1580809726,1441
1580809727,1441
1580809728,1441
1580809729,1442
1580809730,1442
1580809731,1442
1580809732,1442
1580809733,1443
1580809734,1443
1580809735,1444
1580809736,1444
1580809737,1444
1580809739,1444
1580809740,1444
1580809741,1444
1580809742,1444
1580809743,1444
1580809744,1444
1580809745,1444
1580809746,1444
1580809747,1445
1580809748,1445
1580809749,1445
1580809750,1445
1580809751,1444
1580809752,1444
1580809753,1444
1580809754,1444
1580809755,1443
1580809756,1443
1580809757,1442
1580809758,1442
1580809759,1441
1580809760,1441
1580809761,1441
1580809762,1440
1580809763,1440
1580809764,1439
1580809765,1439
1580809766,1439
1580809767,1438
1580809768,1438
1580809769,1437
1580809770,1437
1580809771,1436
1580809772,1436
1580809773,1435
1580809774,1435
1580809775,1435
1580809777,1434
1580809778,1434
1580809779,1433
1580809780,1432
1580809781,1431
1580809782,1430
1580809783,1429
1580809784,1429
1580809785,1428
1580809786,1428
1580809787,1427
1580809788,1427
1580809789,1427
1580809790,1427
1580809791,1427
1580809792,1427
1580809793,1427
1580809794,1427
1580809795,1427
1580809796,1426
1580809797,1426
1580809798,1425
1580809799,1425
1580809800,1425
1580809801,1425
1580809802,1425
1580809803,1424
1580809804,1424
1580809805,1424
1580809806,1424
1580809807,1423
1580809808,1423
1580809809,1423
1580809810,1422
1580809811,1421
1580809812,1421
1580809813,1421
1580809815,1421
1580809816,1421
1580809817,1421
1580809818,1421
1580809819,1421
1580809820,1421
1580809821,1421
1580809822,1422
1580809823,1422
1580809824,1422
1580809825,1423
1580809826,1423
1580809827,1423
1580809828,1423
1580809829,1423
1580809830,1423
1580809831,1423
1580809832,1423
1580809833,1423
1580809834,1423
1580809835,1422
1580809836,1422
1580809837,1421
1580809838,1421
1580809839,1420
1580809840,1420
1580809841,1419
1580809842,1419
1580809843,1419
1580809844,1418
1580809845,1418
1580809846,1418
1580809847,1418
1580809848,1418
1580809849,1417
1580809850,1417
1580809851,1417
1580809852,1416
1580809854,1416
1580809855,1416
1580809856,1415
1580809857,1415
1580809858,1414
1580809859,1414
1580809860,1414
1580809861,1414
1580809862,1414
1580809863,1414
1580809864,1413
1580809865,1413
1580809866,1413
1580809867,1413
1580809868,1414
1580809869,1414
1580809870,1414
1580809871,1414
1580809872,1414
1580809873,1414
1580809874,1414
1580809875,1413
1580809876,1413
1580809877,1413
1580809878,1412
1580809879,1412
1580809880,1412
1580809881,1412
1580809882,1412
1580809883,1412
1580809884,1412
1580809885,1412
1580809886,1411
1580809887,1411
1580809888,1411
1580809889,1412
1580809890,1412
1580809892,1413
1580809893,1413
1580809894,1414
1580809895,1413
1580809896,1413
1580809897,1413
1580809898,1413
1580809899,1413
1580809900,1413
1580809901,1413
1580809902,1413
1580809903,1413
1580809904,1413
1580809905,1412
1580809906,1412
1580809907,1411
1580809908,1411
1580809909,1411
1580809910,1411
1580809911,1411
1580809912,1411
1580809913,1411
1580809914,1411
1580809915,1411
1580809916,1411
1580809917,1411
1580809918,1411
1580809919,1410
1580809920,1410
1580809921,1410
1580809922,1409
1580809923,1409
1580809924,1408
1580809925,1408
1580809926,1408
1580809927,1408
1580809928,1408
1580809930,1408
1580809931,1407
1580809932,1407
1580809933,1407
1580809934,1407
1580809935,1406
1580809936,1406
1580809937,1405
1580809938,1404
1580809939,1404
1580809940,1403
1580809941,1403
1580809942,1402
1580809943,1402
1580809944,1401
1580809945,1401
1580809946,1401
1580809947,1400
1580809948,1400
1580809949,1400
1580809950,1399
1580809951,1399
1580809952,1399
1580809953,1399
1580809954,1399
1580809955,1399
1580809956,1399
1580809957,1399
1580809958,1399
1580809959,1400
1580809960,1399
1580809961,1399
1580809962,1399
1580809963,1399
1580809964,1399
1580809965,1399
1580809966,1399
1580809968,1400
1580809969,1400
1580809970,1400
1580809971,1400
1580809972,1400
1580809973,1400
1580809974,1400
1580809975,1400
1580809976,1400
1580809977,1400
1580809978,1400
1580809979,1400
1580809980,1400
1580809981,1401
1580809982,1401
1580809983,1401
1580809984,1400
1580809985,1400
1580809986,1400
1580809987,1401
1580809988,1401
1580809989,1401
1580809990,1401
1580809991,1401
1580809992,1401
1580809993,1401
1580809994,1401
1580809995,1401
1580809996,1400
1580809997,1400
1580809998,1399
1580809999,1399
1580810000,1398
1580810001,1398
1580810002,1398
1580810003,1398
1580810004,1397
1580810006,1397
1580810007,1396
1580810008,1395
1580810009,1395
1580810010,1394
1580810011,1393
1580810012,1393
1580810013,1392
1580810014,1392
1580810015,1392
1580810016,1392
1580810017,1391
1580810018,1391
1580810019,1390
1580810020,1390
1580810021,1390
1580810022,1390
1580810023,1390
1580810024,1390
1580810025,1389
1580810026,1389
1580810027,1388
1580810028,1387
1580810029,1387
1580810030,1387
1580810031,1387
1580810032,1387
1580810033,1387
1580810034,1386
1580810035,1386
1580810036,1386
1580810037,1386
1580810038,1386
1580810039,1386
1580810040,1386
1580810041,1386
1580810042,1386
1580810044,1386
1580810045,1387
1580810046,1387
1580810047,1387
1580810048,1386
1580810049,1386
1580810050,1386
1580810051,1386
1580810052,1386
1580810053,1386
1580810054,1386
1580810055,1386
1580810056,1386
1580810057,1386
1580810058,1385
1580810059,1385
1580810060,1385
1580810061,1385
1580810062,1385
1580810063,1385
1580810064,1384
1580810065,1384
1580810066,1383
1580810067,1383
1580810068,1383
1580810069,1383
1580810070,1383
1580810071,1382
1580810072,1382
1580810073,1382
1580810074,1382
1580810075,1382
1580810076,1382
1580810077,1382
1580810079,1382
1580810080,1382
1580810081,1381
1580810082,1381
1580810083,1380
1580810084,1380
1580810085,1380
1580810086,1380
1580810087,1380
1580810088,1380
1580810089,1380
1580810090,1379
1580810091,1379
1580810092,1378
1580810093,1378
1580810094,1378
1580810095,1378
1580810096,1378
1580810097,1377
1580810098,1377
1580810099,1376
1580810100,1376
1580810101,1376
1580810102,1376
1580810103,1375
1580810104,1375
1580810105,1375
1580810106,1374
1580810107,1374
1580810108,1374
1580810109,1374
1580810110,1374
1580810111,1374
1580810112,1374
1580810113,1373
1580810114,1373
1580810115,1373
1580810117,1373
1580810118,1373
1580810119,1372
1580810120,1372
1580810121,1372
1580810122,1372
1580810123,1372
1580810124,1373
1580810125,1372
1580810126,1372
1580810127,1372
1580810128,1372
1580810129,1372
1580810130,1372
1580810131,1372
1580810132,1373
1580810133,1373
1580810134,1373
1580810135,1373
1580810136,1373
1580810137,1372
1580810138,1372
1580810139,1372
1580810140,1373
1580810141,1373
1580810142,1373
1580810143,1373
1580810144,1373
1580810145,1372
1580810146,1372
1580810147,1372
1580810148,1372
1580810149,1372
1580810150,1372
1580810151,1373
1580810152,1373
1580810153,1372
1580810155,1372
1580810156,1372
1580810157,1372
1580810158,1372
1580810159,1372
1580810160,1372
1580810161,1371
1580810162,1371
1580810163,1370
1580810164,1370
1580810165,1370
1580810166,1370
1580810167,1370
1580810168,1370
1580810169,1370
1580810170,1370
1580810171,1371
1580810172,1371
1580810173,1370
1580810174,1370
1580810175,1370
1580810176,1369
1580810177,1369
1580810178,1369
1580810179,1368
1580810180,1368
1580810181,1368
1580810182,1367
1580810183,1367
1580810184,1367
1580810185,1367
1580810186,1366
1580810187,1366
1580810188,1365
1580810189,1365
1580810190,1365
1580810191,1365
1580810193,1364
1580810194,1364
1580810195,1363
1580810196,1363
1580810197,1363
1580810198,1363
1580810199,1363
1580810200,1363
1580810201,1362
1580810202,1362
1580810203,1362
1580810204,1362
1580810205,1362
1580810206,1362
1580810207,1362
1580810208,1362
1580810209,1362
1580810210,1362
1580810211,1362
1580810212,1362
1580810213,1362
1580810214,1361
1580810215,1361
1580810216,1360
1580810217,1360
1580810218,1360
1580810219,1360
1580810220,1360
1580810221,1359
1580810222,1359
1580810223,1359
1580810224,1359
1580810225,1360
1580810226,1360
1580810227,1361
1580810228,1361
1580810229,1361
1580810231,1361
1580810232,1361
1580810233,1362
1580810234,1362
1580810235,1362
1580810236,1362
1580810237,1362
1580810238,1362
1580810239,1363
1580810240,1362
1580810241,1362
1580810242,1362
1580810243,1362
1580810244,1362
1580810245,1362
1580810246,1362
1580810247,1362
1580810248,1362
1580810249,1362
1580810250,1363
1580810251,1363
1580810252,1363
1580810253,1363
1580810254,1363
1580810255,1363
1580810256,1362
1580810257,1362
1580810258,1361
1580810259,1360
1580810260,1360
1580810261,1359
1580810262,1358
1580810263,1357
1580810264,1356
1580810265,1355
1580810266,1354
1580810267,1353
1580810269,1353
1580810270,1352
1580810271,1352
1580810272,1352
1580810273,1351
1580810274,1351
1580810275,1351
1580810276,1351
1580810277,1351
1580810278,1352
1580810279,1352
1580810280,1352
1580810281,1351
1580810282,1351
1580810283,1350
1580810284,1350
1580810285,1349
1580810286,1348
1580810287,1348
1580810288,1348
1580810289,1348
1580810290,1348
1580810291,1347
1580810292,1347
1580810293,1347
1580810294,1347
1580810295,1347
1580810296,1347
1580810297,1347
1580810298,1346
1580810299,1346
1580810300,1345
1580810301,1345
1580810302,1345
1580810303,1345
1580810304,1345
1580810305,1344
1580810307,1344
1580810308,1343
1580810309,1343
1580810310,1343
1580810311,1344
1580810312,1344
1580810313,1345
1580810314,1345
1580810315,1345
1580810316,1345
1580810317,1344
1580810318,1344
1580810319,1344
1580810320,1344
1580810321,1343
1580810322,1343
1580810323,1343
1580810324,1343
1580810325,1343
1580810326,1342
1580810327,1342
1580810328,1342
1580810329,1342
1580810330,1342
1580810331,1342
1580810332,1341
1580810333,1341
1580810334,1341
1580810335,1340
1580810336,1340
1580810337,1339
1580810338,1339
1580810339,1339
1580810340,1338
1580810341,1338
1580810342,1338
1580810343,1338
1580810345,1338
1580810346,1338
1580810347,1338
1580810348,1338
1580810349,1339
1580810350,1339
1580810351,1339
1580810352,1339
1580810353,1338
1580810354,1338
1580810355,1337
1580810356,1337
1580810357,1336
1580810358,1336
1580810359,1336
1580810360,1336
1580810361,1335
1580810362,1335
1580810363,1335
1580810364,1335
1580810365,1335
1580810366,1334
1580810367,1334
1580810368,1334
1580810369,1334
1580810370,1334
1580810371,1334
1580810372,1333
1580810373,1333
1580810374,1333
1580810375,1333
1580810376,1333
1580810377,1333
1580810378,1333
1580810379,1333
1580810380,1333
1580810381,1333
1580810383,1333
1580810384,1333
1580810385,1333
1580810386,1333
1580810387,1333
1580810388,1333
1580810389,1332
1580810390,1332
1580810391,1332
1580810392,1332
1580810393,1332
1580810394,1331
1580810395,1331
1580810396,1330
1580810397,1330
1580810398,1330
1580810399,1330
1580810400,1330
1580810401,1330
1580810402,1330
