Time,Voltage(V),Current(A),D+(V),D-(V)
10:23:03,7.127,0.6354,0.94,0.37
10:23:04,4.655,0.652,0.75,0.36
10:23:05,4.651,0.6522,0.75,0.36
10:23:06,4.652,0.6062,0.75,0.36
10:23:07,4.613,0.4423,0.71,0.35
10:23:08,4.551,0.3693,0.75,0.36
10:23:09,4.617,0.5902,0.75,0.36
10:23:10,4.626,0.5815,0.75,0.36
10:23:11,4.626,0.5827,0.75,0.36
10:23:12,4.627,0.583,0.75,0.36
10:23:13,4.626,0.5854,0.75,0.36
10:23:14,4.627,0.5868,0.74,0.35
10:23:15,4.628,0.5884,0.75,0.34
10:23:16,4.628,0.5898,0.75,0.36
10:23:17,4.631,0.5916,0.75,0.36
10:23:18,4.63,0.592,0.71,0.33
10:23:19,4.633,0.5939,0.75,0.36
10:23:20,4.634,0.5939,0.75,0.36
10:23:21,4.634,0.5939,0.75,0.36
10:23:22,4.635,0.5965,0.75,0.35
10:23:23,4.636,0.5906,0.75,0.36
10:23:24,4.636,0.5922,0.75,0.36
10:23:25,4.637,0.6018,0.74,0.35
10:23:26,4.637,0.6022,0.74,0.36
10:23:27,4.636,0.6068,0.72,0.35
10:23:28,4.635,0.6081,0.75,0.36
10:23:29,4.636,0.6105,0.74,0.35
10:23:30,4.64,0.6117,0.73,0.34
10:23:31,4.641,0.6117,0.75,0.36
10:23:32,4.642,0.6131,0.75,0.36
10:23:33,4.642,0.6073,0.75,0.36
10:23:34,4.643,0.6099,0.73,0.35
10:23:35,4.643,0.6178,0.68,0.32
10:23:36,4.643,0.6196,0.74,0.37
10:23:37,4.643,0.621,0.74,0.37
10:23:38,4.641,0.622,0.74,0.37
10:23:39,4.641,0.6235,0.73,0.36
10:23:40,4.643,0.6255,0.61,0.3
10:23:41,4.645,0.6275,0.75,0.36
10:23:42,4.647,0.6275,0.75,0.36
10:23:43,4.647,0.6274,0.75,0.36
10:23:44,4.648,0.627,0.75,0.36
10:23:45,4.648,0.6235,0.75,0.36
10:23:46,4.649,0.6328,0.73,0.35
10:23:47,4.649,0.6344,0.74,0.36
10:23:48,4.648,0.6362,0.74,0.35
10:23:49,4.647,0.6391,0.74,0.36
10:23:50,4.647,0.6393,0.73,0.36
10:23:51,4.651,0.6395,0.72,0.35
10:23:52,4.652,0.6395,0.73,0.36
10:23:53,4.653,0.6405,0.69,0.36
10:23:54,4.653,0.6376,0.74,0.37
10:23:55,4.654,0.6395,0.74,0.37
10:23:56,4.654,0.6399,0.75,0.36
10:23:57,4.654,0.6474,0.75,0.36
10:23:58,4.655,0.6504,0.73,0.36
10:23:59,4.655,0.6518,0.73,0.36
10:24:00,4.655,0.6517,0.74,0.36
10:24:01,4.653,0.6518,0.75,0.34
10:24:02,4.656,0.6528,0.75,0.36
10:24:03,4.654,0.6539,0.74,0.35
10:24:04,4.657,0.6539,0.71,0.34
10:24:05,4.657,0.6539,0.71,0.35
10:24:06,4.657,0.6529,0.74,0.37
10:24:07,4.657,0.6533,0.74,0.37
10:24:08,4.657,0.6486,0.74,0.37
10:24:09,4.658,0.6504,0.66,0.31
10:24:10,4.659,0.6591,0.75,0.36
10:24:11,4.659,0.6616,0.75,0.36
10:24:12,4.66,0.666,0.74,0.36
10:24:13,4.658,0.6674,0.74,0.35
10:24:14,4.659,0.6703,0.75,0.36
10:24:15,4.663,0.6723,0.73,0.36
10:24:16,4.664,0.6723,0.74,0.37
10:24:17,4.664,0.6741,0.74,0.37
10:24:18,4.665,0.6676,0.69,0.35
10:24:19,4.666,0.6705,0.74,0.37
10:24:20,4.666,0.6708,0.73,0.35
10:24:21,4.667,0.68,0.71,0.33
10:24:22,4.667,0.6824,0.75,0.36
10:24:23,4.666,0.6827,0.75,0.36
10:24:24,4.665,0.6857,0.75,0.36
10:24:25,4.665,0.6877,0.72,0.34
10:24:26,4.669,0.6909,0.64,0.3
10:24:27,4.671,0.6909,0.74,0.37
10:24:28,4.672,0.6909,0.74,0.37
10:24:29,4.673,0.6883,0.74,0.36
10:24:30,4.673,0.6912,0.74,0.37
10:24:31,4.674,0.6895,0.73,0.36
10:24:32,4.673,0.6987,0.73,0.36
10:24:33,4.673,0.6982,0.73,0.36
10:24:34,4.673,0.7005,0.74,0.36
10:24:35,4.671,0.7015,0.74,0.37
10:24:36,4.672,0.7025,0.73,0.36
10:24:37,4.675,0.7029,0.74,0.35
10:24:38,4.676,0.7029,0.74,0.36
10:24:39,4.677,0.7041,0.73,0.34
10:24:40,4.678,0.7001,0.75,0.36
10:24:41,4.678,0.7031,0.75,0.36
10:24:42,4.679,0.7116,0.72,0.34
10:24:43,4.679,0.7145,0.65,0.3
10:24:44,4.679,0.7148,0.75,0.36
10:24:45,4.679,0.7165,0.75,0.36
10:24:46,4.678,0.7183,0.75,0.35
10:24:47,4.679,0.7181,0.67,0.31
10:24:48,4.68,0.7178,0.75,0.36
10:24:49,4.681,0.7178,0.74,0.37
10:24:50,4.681,0.7157,0.74,0.37
10:24:51,4.681,0.712,0.73,0.36
10:24:52,4.682,0.7189,0.75,0.36
10:24:53,4.682,0.7155,0.74,0.35
10:24:54,4.683,0.7246,0.72,0.34
10:24:55,4.683,0.7266,0.74,0.37
10:24:56,4.683,0.7286,0.74,0.38
10:24:57,4.685,0.7339,0.74,0.38
10:24:58,4.683,0.7337,0.73,0.35
10:24:59,4.687,0.734,0.69,0.33
10:25:00,4.687,0.734,0.73,0.37
10:25:01,4.687,0.7336,0.74,0.38
10:25:02,4.688,0.7338,0.74,0.37
10:25:03,4.688,0.7288,0.74,0.37
10:25:04,4.688,0.729,0.64,0.31
10:25:05,4.689,0.738,0.75,0.36
10:25:06,4.689,0.7406,0.75,0.36
10:25:07,4.689,0.7408,0.75,0.36
10:25:08,4.687,0.7438,0.75,0.36
10:25:09,4.688,0.7461,0.75,0.36
10:25:10,4.691,0.7465,0.73,0.36
10:25:11,4.691,0.7465,0.73,0.37
10:25:12,4.692,0.7483,0.74,0.37
10:25:13,4.693,0.7426,0.74,0.35
10:25:14,4.693,0.7445,0.73,0.37
10:25:15,4.693,0.7526,0.73,0.35
10:25:16,4.693,0.7554,0.74,0.37
10:25:17,4.694,0.7576,0.7,0.36
10:25:18,4.692,0.7576,0.74,0.38
10:25:19,4.693,0.7588,0.74,0.37
10:25:20,4.693,0.7609,0.71,0.34
10:25:21,4.697,0.7611,0.65,0.3
10:25:22,4.697,0.7611,0.75,0.36
10:25:23,4.697,0.761,0.75,0.36
10:25:24,4.698,0.7566,0.74,0.36
10:25:25,4.698,0.7565,0.67,0.32
10:25:26,4.698,0.768,0.75,0.36
10:25:27,4.698,0.7676,0.75,0.36
10:25:28,4.697,0.7676,0.75,0.36
10:25:29,4.696,0.768,0.75,0.36
10:25:30,4.696,0.7676,0.75,0.36
10:25:31,4.699,0.7676,0.74,0.36
10:25:32,4.699,0.7676,0.75,0.36
10:25:33,4.7,0.7655,0.75,0.36
10:25:34,4.7,0.7627,0.75,0.36
10:25:35,4.701,0.7643,0.75,0.36
10:25:36,4.703,0.767,0.74,0.35
10:25:37,4.703,0.7797,0.69,0.33
10:25:38,4.703,0.782,0.75,0.35
10:25:39,4.703,0.7834,0.75,0.36
10:25:40,4.702,0.7856,0.75,0.36
10:25:41,4.703,0.7874,0.71,0.34
10:25:42,4.707,0.7919,0.66,0.31
10:25:43,4.708,0.7919,0.75,0.36
10:25:44,4.709,0.7922,0.75,0.36
10:25:45,4.71,0.7911,0.75,0.36
10:25:46,4.711,0.791,0.75,0.36
10:25:47,4.711,0.7984,0.75,0.36
10:25:48,4.71,0.7985,0.75,0.36
10:25:49,4.71,0.801,0.75,0.36
10:25:50,4.71,0.8026,0.73,0.36
10:25:51,4.708,0.8029,0.73,0.34
10:25:52,4.711,0.8061,0.73,0.37
10:25:53,4.713,0.8063,0.72,0.35
10:25:54,4.713,0.8063,0.74,0.37
10:25:55,4.713,0.806,0.74,0.36
10:25:56,4.714,0.8022,0.74,0.37
10:25:57,4.714,0.8091,0.73,0.35
10:25:58,4.714,0.8095,0.71,0.34
10:25:59,4.714,0.8121,0.74,0.36
10:26:00,4.714,0.8122,0.73,0.37
10:26:01,4.711,0.8117,0.74,0.38
10:26:02,4.714,0.8117,0.72,0.34
10:26:03,4.715,0.8093,0.67,0.32
10:26:04,4.714,0.8093,0.75,0.34
10:26:05,4.715,0.8092,0.75,0.36
10:26:06,4.715,0.8026,0.75,0.36
10:26:07,4.715,0.8111,0.71,0.33
10:26:08,4.715,0.8132,0.74,0.37
10:26:09,4.715,0.8144,0.74,0.37
10:26:10,4.715,0.8158,0.73,0.36
10:26:11,4.713,0.8174,0.74,0.36
10:26:12,4.717,0.8194,0.64,0.3
10:26:13,4.717,0.8192,0.73,0.36
10:26:14,4.717,0.8192,0.74,0.38
10:26:15,4.718,0.8164,0.73,0.36
10:26:16,4.718,0.8142,0.71,0.36
10:26:17,4.718,0.8213,0.74,0.37
10:26:18,4.719,0.8164,0.73,0.35
10:26:19,4.719,0.8249,0.71,0.34
10:26:20,4.719,0.8248,0.74,0.37
10:26:21,4.719,0.8248,0.74,0.37
10:26:22,4.719,0.8284,0.74,0.37
10:26:23,4.717,0.8279,0.72,0.34
10:26:24,4.721,0.8281,0.68,0.33
10:26:25,4.721,0.8281,0.74,0.37
10:26:26,4.721,0.8261,0.74,0.36
10:26:27,4.721,0.8292,0.74,0.38
10:26:28,4.722,0.8235,0.72,0.36
10:26:29,4.722,0.8245,0.61,0.3
10:26:30,4.723,0.8334,0.73,0.37
10:26:31,4.723,0.8335,0.74,0.38
10:26:32,4.723,0.8367,0.74,0.36
10:26:33,4.721,0.8369,0.66,0.32
10:26:34,4.723,0.8393,0.74,0.36
10:26:35,4.724,0.8393,0.73,0.37
10:26:36,4.725,0.8381,0.74,0.37
10:26:37,4.725,0.8399,0.74,0.35
10:26:38,4.725,0.835,0.75,0.36
10:26:39,4.726,0.8336,0.75,0.36
10:26:40,4.726,0.8432,0.72,0.34
10:26:41,4.726,0.8431,0.73,0.36
10:26:42,4.726,0.8448,0.69,0.36
10:26:43,4.724,0.8438,0.75,0.36
10:26:44,4.724,0.8454,0.75,0.36
10:26:45,4.724,0.8482,0.71,0.33
10:26:46,4.727,0.8483,0.74,0.37
10:26:47,4.727,0.8483,0.75,0.36
10:26:48,4.728,0.844,0.75,0.36
10:26:49,4.728,0.8428,0.74,0.35
10:26:50,4.728,0.8411,0.65,0.3
10:26:51,4.728,0.85,0.75,0.35
10:26:52,4.728,0.8502,0.75,0.36
10:26:53,4.727,0.8519,0.75,0.36
10:26:54,4.726,0.8539,0.72,0.35
10:26:55,4.727,0.8542,0.75,0.36
10:26:56,4.73,0.8559,0.74,0.35
10:26:57,4.73,0.8559,0.75,0.36
10:26:58,4.731,0.8556,0.75,0.36
10:26:59,4.73,0.8517,0.75,0.36
10:27:00,4.731,0.8505,0.75,0.36
10:27:01,4.73,0.8575,0.73,0.35
10:27:02,4.73,0.8588,0.75,0.35
10:27:03,4.73,0.8591,0.75,0.35
10:27:04,4.728,0.8591,0.75,0.36
10:27:05,4.73,0.859,0.75,0.36
10:27:06,4.729,0.8602,0.72,0.34
10:27:07,4.732,0.8603,0.63,0.3
10:27:08,4.731,0.8603,0.75,0.36
10:27:09,4.728,0.8577,0.75,0.35
10:27:10,4.731,0.8523,0.75,0.36
10:27:11,4.728,0.8545,0.75,0.36
10:27:12,4.731,0.8604,0.75,0.36
10:27:13,4.729,0.8608,0.74,0.35
10:27:14,4.729,0.8663,0.75,0.36
10:27:15,4.729,0.8652,0.75,0.35
10:27:16,4.729,0.8675,0.75,0.36
10:27:17,4.73,0.8697,0.75,0.35
10:27:18,4.731,0.8694,0.73,0.35
10:27:19,4.732,0.8694,0.75,0.36
10:27:20,4.731,0.8675,0.7,0.35
10:27:21,4.732,0.8644,0.75,0.36
10:27:22,4.733,0.8719,0.74,0.35
10:27:23,4.732,0.8718,0.71,0.33
10:27:24,4.732,0.8716,0.75,0.36
10:27:25,4.732,0.8715,0.75,0.36
10:27:26,4.731,0.8725,0.75,0.36
10:27:27,4.732,0.8715,0.74,0.36
10:27:28,4.731,0.8727,0.64,0.31
10:27:29,4.732,0.8724,0.73,0.35
10:27:30,4.732,0.8724,0.73,0.37
10:27:31,4.732,0.8699,0.75,0.36
10:27:32,4.733,0.8725,0.74,0.36
10:27:33,4.733,0.8679,0.73,0.36
10:27:34,4.734,0.8754,0.73,0.35
10:27:35,4.734,0.8758,0.74,0.37
10:27:36,4.734,0.8757,0.74,0.37
10:27:37,4.733,0.8753,0.74,0.36
10:27:38,4.731,0.8764,0.73,0.36
10:27:39,4.734,0.8761,0.72,0.35
10:27:40,4.734,0.8761,0.73,0.35
10:27:41,4.734,0.8742,0.73,0.34
10:27:42,4.734,0.8744,0.74,0.36
10:27:43,4.734,0.8677,0.73,0.36
10:27:44,4.734,0.8691,0.73,0.37
10:27:45,4.734,0.8679,0.64,0.3
10:27:46,4.734,0.8754,0.75,0.36
10:27:47,4.734,0.8744,0.75,0.36
10:27:48,4.733,0.8745,0.75,0.36
10:27:49,4.731,0.8745,0.75,0.36
10:27:50,4.732,0.8756,0.75,0.36
10:27:51,4.734,0.8752,0.73,0.36
10:27:52,4.734,0.8752,0.73,0.35
10:27:53,4.734,0.8749,0.72,0.35
10:27:54,4.735,0.8701,0.74,0.36
10:27:56,4.735,0.8723,0.73,0.36
10:27:57,4.735,0.8786,0.73,0.35
10:27:58,4.735,0.8782,0.75,0.36
10:27:59,4.734,0.8782,0.75,0.36
10:28:00,4.733,0.8796,0.75,0.36
10:28:01,4.733,0.8798,0.74,0.35
10:28:02,4.736,0.8811,0.69,0.33
10:28:03,4.736,0.8811,0.74,0.37
10:28:04,4.736,0.8798,0.73,0.37
10:28:05,4.737,0.8748,0.74,0.36
10:28:06,4.737,0.8729,0.73,0.36
10:28:07,4.737,0.874,0.7,0.35
10:28:08,4.736,0.8806,0.74,0.36
10:28:09,4.737,0.8809,0.74,0.35
10:28:10,4.737,0.8809,0.75,0.36
10:28:11,4.736,0.8809,0.75,0.36
10:28:12,4.734,0.8829,0.75,0.36
10:28:13,4.736,0.8826,0.74,0.35
10:28:14,4.737,0.8828,0.73,0.34
10:28:15,4.737,0.8828,0.75,0.35
10:28:16,4.738,0.8825,0.75,0.36
10:28:17,4.738,0.8776,0.75,0.36
10:28:18,4.738,0.8837,0.74,0.35
10:28:19,4.738,0.8861,0.69,0.33
10:28:20,4.738,0.8859,0.71,0.36
10:28:21,4.737,0.8855,0.73,0.36
10:28:22,4.735,0.8841,0.73,0.37
10:28:23,4.736,0.8841,0.7,0.34
10:28:24,4.737,0.8857,0.64,0.31
10:28:25,4.738,0.8857,0.73,0.38
10:28:26,4.738,0.8835,0.73,0.36
10:28:27,4.739,0.879,0.74,0.37
10:28:28,4.739,0.8853,0.74,0.36
10:28:29,4.739,0.88,0.73,0.36
10:28:30,4.738,0.8888,0.73,0.35
10:28:31,4.738,0.8873,0.73,0.37
10:28:32,4.737,0.8872,0.72,0.35
10:28:33,4.738,0.8855,0.73,0.37
10:28:34,4.734,0.8855,0.73,0.35
10:28:35,4.738,0.8855,0.72,0.35
10:28:36,4.738,0.8855,0.73,0.37
10:28:37,4.738,0.8817,0.74,0.37
10:28:38,4.738,0.8835,0.73,0.37
10:28:39,4.739,0.8792,0.72,0.35
10:28:40,4.739,0.8867,0.71,0.33
10:28:41,4.739,0.8865,0.75,0.35
10:28:42,4.737,0.889,0.75,0.36
10:28:43,4.739,0.8885,0.75,0.36
10:28:44,4.736,0.8887,0.73,0.34
10:28:45,4.739,0.889,0.66,0.31
10:28:46,4.74,0.889,0.75,0.36
10:28:47,4.739,0.8887,0.75,0.36
10:28:48,4.739,0.8843,0.75,0.36
10:28:49,4.739,0.879,0.75,0.36
10:28:50,4.739,0.8802,0.75,0.36
10:28:51,4.739,0.8867,0.74,0.35
10:28:52,4.739,0.8868,0.74,0.36
10:28:53,4.739,0.8881,0.75,0.35
10:28:54,4.736,0.8894,0.75,0.34
10:28:55,4.737,0.8884,0.75,0.36
10:28:56,4.737,0.8902,0.74,0.35
10:28:57,4.74,0.89,0.71,0.33
10:28:58,4.74,0.89,0.72,0.35
10:28:59,4.74,0.8879,0.75,0.36
10:29:00,4.74,0.8829,0.75,0.36
10:29:01,4.739,0.8811,0.75,0.36
10:29:02,4.74,0.8837,0.75,0.36
10:29:03,4.739,0.8881,0.74,0.36
10:29:04,4.74,0.8894,0.73,0.35
10:29:05,4.74,0.8881,0.73,0.37
10:29:06,4.738,0.8881,0.74,0.36
10:29:07,4.736,0.8882,0.73,0.37
10:29:08,4.739,0.8883,0.73,0.36
10:29:09,4.74,0.8883,0.71,0.34
10:29:10,4.739,0.8883,0.73,0.37
10:29:11,4.739,0.8853,0.73,0.37
10:29:12,4.739,0.8809,0.73,0.37
10:29:13,4.739,0.8851,0.72,0.35
10:29:14,4.738,0.8851,0.68,0.33
10:29:15,4.738,0.8869,0.74,0.37
10:29:16,4.737,0.887,0.73,0.37
10:29:17,4.737,0.8886,0.73,0.37
10:29:18,4.739,0.8898,0.69,0.35
10:29:19,4.74,0.8901,0.61,0.3
10:29:20,4.74,0.8901,0.73,0.36
10:29:21,4.74,0.8879,0.74,0.36
10:29:22,4.741,0.8843,0.74,0.36
10:29:23,4.741,0.8904,0.67,0.32
10:29:24,4.741,0.8908,0.73,0.35
10:29:25,4.741,0.8924,0.73,0.37
10:29:26,4.74,0.8924,0.73,0.37
10:29:27,4.738,0.8912,0.73,0.37
10:29:28,4.74,0.8909,0.73,0.35
10:29:29,4.74,0.8892,0.73,0.35
10:29:30,4.74,0.8892,0.73,0.37
10:29:31,4.739,0.8855,0.72,0.36
10:29:32,4.739,0.8807,0.73,0.34
10:29:33,4.739,0.8853,0.73,0.37
10:29:34,4.739,0.8784,0.72,0.35
10:29:35,4.739,0.8859,0.71,0.33
10:29:36,4.739,0.8858,0.75,0.36
10:29:37,4.738,0.8861,0.75,0.36
10:29:38,4.738,0.8861,0.75,0.36
10:29:39,4.736,0.8863,0.75,0.35
10:29:40,4.736,0.8853,0.65,0.3
10:29:41,4.739,0.885,0.73,0.36
10:29:42,4.738,0.885,0.74,0.47
10:29:43,4.738,0.8845,0.73,0.36
10:29:44,4.738,0.876,0.71,0.36
10:29:45,4.739,0.8776,0.73,0.35
10:29:46,4.739,0.8849,0.74,0.35
10:29:47,4.739,0.8847,0.75,0.36
10:29:48,4.738,0.8863,0.75,0.36
10:29:49,4.736,0.8865,0.75,0.36
10:29:50,4.736,0.8865,0.74,0.36
10:29:51,4.736,0.8847,0.73,0.35
10:29:52,4.738,0.8849,0.69,0.32
10:29:53,4.738,0.8849,0.75,0.36
10:29:54,4.738,0.8817,0.75,0.36
10:29:55,4.738,0.8774,0.75,0.36
10:29:56,4.738,0.8758,0.71,0.34
10:29:57,4.737,0.8825,0.62,0.3
10:29:58,4.737,0.8804,0.75,0.36
10:29:59,4.736,0.8807,0.75,0.36
10:30:00,4.734,0.8808,0.75,0.36
10:30:01,4.735,0.8809,0.75,0.36
10:30:02,4.734,0.8811,0.75,0.36
10:30:03,4.736,0.8812,0.73,0.35
10:30:04,4.737,0.8811,0.72,0.34
10:30:05,4.737,0.8811,0.75,0.35
10:30:06,4.737,0.8788,0.75,0.36
10:30:07,4.737,0.8742,0.73,0.38
10:30:08,4.737,0.8786,0.71,0.35
10:30:09,4.736,0.88,0.68,0.32
10:30:10,4.736,0.8788,0.69,0.35
10:30:11,4.736,0.8784,0.73,0.37
10:30:12,4.734,0.8782,0.73,0.37
10:30:13,4.736,0.8779,0.69,0.33
10:30:14,4.736,0.8783,0.75,0.36
10:30:15,4.736,0.8783,0.75,0.36
10:30:16,4.735,0.8754,0.74,0.36
10:30:17,4.736,0.8703,0.74,0.35
10:30:18,4.735,0.8746,0.75,0.35
10:30:19,4.736,0.8707,0.74,0.36
10:30:20,4.736,0.8778,0.74,0.35
10:30:21,4.736,0.8758,0.75,0.36
10:30:22,4.735,0.8758,0.72,0.35
10:30:23,4.735,0.8748,0.75,0.36
10:30:24,4.734,0.877,0.74,0.35
10:30:25,4.736,0.878,0.71,0.35
10:30:26,4.736,0.878,0.73,0.36
10:30:27,4.736,0.8748,0.73,0.37
10:30:28,4.736,0.8768,0.73,0.36
10:30:29,4.737,0.8727,0.72,0.35
10:30:30,4.737,0.8792,0.68,0.33
10:30:31,4.737,0.8802,0.74,0.36
10:30:32,4.736,0.8813,0.73,0.37
10:30:33,4.736,0.8786,0.73,0.37
10:30:34,4.735,0.8796,0.73,0.37
10:30:35,4.735,0.8778,0.62,0.3
10:30:36,4.736,0.8779,0.73,0.35
10:30:37,4.736,0.8779,0.73,0.36
10:30:38,4.737,0.8781,0.73,0.37
10:30:39,4.737,0.8715,0.74,0.37
10:30:40,4.736,0.8703,0.73,0.37
10:30:41,4.736,0.8723,0.73,0.35
10:30:42,4.736,0.8778,0.7,0.34
10:30:43,4.736,0.8756,0.73,0.37
10:30:44,4.735,0.8755,0.73,0.37
10:30:45,4.734,0.874,0.73,0.37
10:30:46,4.734,0.8766,0.72,0.34
10:30:47,4.735,0.8762,0.68,0.32
10:30:48,4.735,0.8762,0.69,0.36
10:30:49,4.735,0.8715,0.73,0.36
10:30:50,4.735,0.8673,0.73,0.35
10:30:51,4.734,0.8652,0.73,0.36
10:30:52,4.734,0.8653,0.73,0.37
10:30:53,4.734,0.8701,0.73,0.36
10:30:54,4.733,0.8713,0.72,0.35
10:30:55,4.733,0.871,0.73,0.37
10:30:56,4.733,0.8712,0.73,0.34
10:30:57,4.734,0.8711,0.73,0.37
10:30:58,4.733,0.8715,0.73,0.35
10:30:59,4.733,0.8715,0.7,0.34
10:31:00,4.733,0.8715,0.73,0.37
10:31:01,4.733,0.8677,0.73,0.36
10:31:02,4.734,0.8614,0.73,0.35
10:31:03,4.736,0.8673,0.73,0.35
10:31:04,4.734,0.8618,0.66,0.32
10:31:05,4.735,0.8677,0.73,0.36
10:31:06,4.735,0.8661,0.73,0.37
10:31:07,4.734,0.8646,0.74,0.36
10:31:08,4.735,0.8646,0.73,0.35
10:31:09,4.733,0.8643,0.75,0.36
10:31:10,4.733,0.8644,0.75,0.36
10:31:11,4.735,0.8655,0.73,0.34
10:31:12,4.735,0.8655,0.75,0.36
10:31:13,4.735,0.8642,0.75,0.36
10:31:14,4.735,0.8571,0.75,0.36
10:31:15,4.735,0.8574,0.74,0.35
10:31:16,4.735,0.8648,0.69,0.33
10:31:17,4.735,0.8644,0.74,0.36
10:31:18,4.736,0.8648,0.73,0.36
10:31:19,4.733,0.8647,0.73,0.36
10:31:20,4.733,0.8657,0.73,0.36
10:31:21,4.733,0.8652,0.63,0.31
10:31:22,4.735,0.864,0.73,0.36
10:31:23,4.734,0.864,0.73,0.37
10:31:24,4.734,0.859,0.73,0.37
10:31:25,4.734,0.8539,0.73,0.37
10:31:26,4.734,0.8523,0.73,0.37
10:31:27,4.734,0.8551,0.73,0.37
10:31:28,4.734,0.8598,0.71,0.35
10:31:29,4.734,0.8608,0.66,0.32
10:31:30,4.734,0.8604,0.73,0.37
10:31:31,4.733,0.8601,0.73,0.37
10:31:32,4.731,0.8598,0.73,0.37
10:31:33,4.733,0.8601,0.68,0.33
10:31:34,4.734,0.8603,0.73,0.35
10:31:35,4.734,0.8603,0.73,0.36
10:31:36,4.734,0.858,0.73,0.36
10:31:37,4.734,0.8535,0.73,0.37
10:31:38,4.734,0.8588,0.64,0.31
10:31:39,4.734,0.8612,0.73,0.35
10:31:40,4.734,0.8613,0.73,0.36
10:31:41,4.733,0.8592,0.73,0.35
10:31:42,4.731,0.8604,0.73,0.37
10:31:43,4.734,0.8606,0.73,0.35
10:31:44,4.734,0.8604,0.73,0.35
10:31:45,4.734,0.8604,0.73,0.37
10:31:46,4.734,0.8582,0.72,0.36
10:31:47,4.734,0.8535,0.73,0.36
10:31:48,4.734,0.8577,0.73,0.35
10:31:49,4.734,0.8521,0.72,0.35
10:31:50,4.734,0.859,0.68,0.33
10:31:51,4.734,0.859,0.74,0.37
10:31:52,4.733,0.8594,0.75,0.36
10:31:53,4.733,0.858,0.74,0.36
10:31:54,4.731,0.8576,0.73,0.35
10:31:55,4.731,0.858,0.6,0.29
10:31:56,4.733,0.858,0.74,0.35
10:31:57,4.733,0.858,0.73,0.37
10:31:58,4.733,0.8555,0.73,0.37
10:31:59,4.733,0.8492,0.7,0.35
10:32:00,4.733,0.847,0.73,0.35
10:32:01,4.732,0.8541,0.73,0.35
10:32:02,4.732,0.8531,0.73,0.35
10:32:03,4.732,0.8532,0.74,0.37
10:32:04,4.731,0.8532,0.73,0.38
10:32:05,4.729,0.853,0.73,0.36
10:32:06,4.729,0.8526,0.71,0.34
10:32:07,4.731,0.8509,0.66,0.32
10:32:08,4.731,0.8509,0.73,0.37
10:32:09,4.731,0.8476,0.73,0.36
10:32:10,4.73,0.8403,0.73,0.36
10:32:11,4.73,0.8413,0.73,0.36
10:32:12,4.73,0.8403,0.73,0.35
10:32:13,4.729,0.8438,0.73,0.36
10:32:14,4.729,0.8452,0.72,0.35
10:32:15,4.729,0.8466,0.73,0.37
10:32:16,4.729,0.847,0.74,0.37
10:32:17,4.727,0.8458,0.73,0.37
10:32:18,4.729,0.8454,0.72,0.35
10:32:19,4.729,0.8444,0.69,0.34
10:32:20,4.728,0.8444,0.73,0.35
10:32:21,4.729,0.8395,0.73,0.37
10:32:22,4.729,0.8346,0.73,0.36
10:32:23,4.728,0.8405,0.71,0.34
10:32:24,4.728,0.8409,0.65,0.31
10:32:25,4.728,0.8387,0.73,0.36
10:32:26,4.727,0.8409,0.73,0.37
10:32:27,4.724,0.8413,0.73,0.35
10:32:28,4.727,0.8395,0.74,0.37
10:32:29,4.726,0.843,0.73,0.35
10:32:30,4.728,0.8417,0.73,0.36
10:32:31,4.728,0.8417,0.73,0.35
10:32:32,4.728,0.8391,0.73,0.37
10:32:33,4.728,0.8392,0.73,0.34
10:32:34,4.729,0.834,0.73,0.35
10:32:35,4.728,0.8407,0.72,0.35
10:32:36,4.728,0.8404,0.73,0.36
10:32:37,4.727,0.8387,0.7,0.36
10:32:38,4.727,0.8391,0.73,0.35
10:32:39,4.725,0.8387,0.73,0.35
10:32:40,4.725,0.8375,0.7,0.34
10:32:41,4.727,0.8374,0.63,0.3
10:32:42,4.727,0.8374,0.73,0.37
10:32:43,4.727,0.8371,0.73,0.36
10:32:44,4.727,0.8308,0.73,0.36
10:32:45,4.727,0.8308,0.73,0.35
10:32:46,4.727,0.831,0.74,0.36
10:32:47,4.726,0.8363,0.73,0.36
10:32:48,4.726,0.8351,0.74,0.36
10:32:49,4.725,0.8349,0.74,0.36
10:32:50,4.724,0.8351,0.74,0.36
10:32:51,4.724,0.8355,0.74,0.36
10:32:52,4.727,0.8355,0.72,0.35
10:32:53,4.726,0.8355,0.73,0.35
10:32:54,4.726,0.8314,0.74,0.37
10:32:55,4.725,0.8267,0.73,0.36
10:32:56,4.725,0.8231,0.73,0.35
10:32:57,4.724,0.8306,0.69,0.34
10:32:58,4.724,0.8296,0.73,0.35
10:32:59,4.724,0.8275,0.73,0.36
10:33:00,4.721,0.8275,0.73,0.37
10:33:01,4.721,0.8265,0.73,0.37
10:33:02,4.72,0.8263,0.73,0.37
10:33:03,4.722,0.8263,0.73,0.36
10:33:04,4.723,0.8262,0.72,0.35
10:33:05,4.723,0.8262,0.73,0.35
10:33:06,4.723,0.8235,0.73,0.36
10:33:07,4.723,0.8158,0.73,0.36
10:33:08,4.722,0.8159,0.73,0.35
10:33:09,4.723,0.8247,0.72,0.34
10:33:10,4.723,0.8233,0.72,0.36
10:33:11,4.721,0.8223,0.73,0.34
10:33:12,4.719,0.8227,0.73,0.36
10:33:13,4.72,0.8226,0.73,0.37
10:33:14,4.719,0.8223,0.73,0.36
10:33:15,4.719,0.8222,0.73,0.36
10:33:16,4.721,0.8207,0.73,0.35
10:33:17,4.721,0.8207,0.73,0.36
10:33:18,4.721,0.8172,0.73,0.35
10:33:19,4.721,0.8107,0.74,0.36
10:33:20,4.72,0.8095,0.73,0.35
10:33:21,4.72,0.8172,0.73,0.35
10:33:22,4.72,0.8171,0.73,0.36
10:33:23,4.719,0.8154,0.71,0.35
10:33:24,4.717,0.8144,0.73,0.36
10:33:25,4.716,0.8145,0.73,0.35
10:33:26,4.717,0.814,0.71,0.34
10:33:27,4.719,0.8115,0.66,0.31
10:33:28,4.718,0.8115,0.73,0.36
10:33:29,4.718,0.8069,0.73,0.36
10:33:30,4.718,0.8032,0.73,0.36
10:33:31,4.717,0.802,0.68,0.32
10:33:32,4.717,0.8103,0.73,0.36
10:33:33,4.717,0.8087,0.73,0.36
10:33:34,4.717,0.8086,0.73,0.36
10:33:35,4.714,0.8084,0.72,0.36
10:33:36,4.714,0.8088,0.69,0.35
10:33:37,4.715,0.8103,0.73,0.35
10:33:38,4.717,0.8102,0.72,0.35
10:33:39,4.718,0.8102,0.73,0.37
10:33:40,4.718,0.8075,0.74,0.36
10:33:41,4.717,0.8022,0.73,0.37
10:33:42,4.717,0.8008,0.73,0.36
10:33:43,4.717,0.8005,0.7,0.34
10:33:44,4.717,0.8085,0.63,0.3
10:33:45,4.717,0.8063,0.73,0.36
10:33:46,4.716,0.8063,0.73,0.36
10:33:47,4.713,0.8049,0.73,0.37
10:33:48,4.713,0.8044,0.71,0.36
10:33:49,4.713,0.8022,0.73,0.35
10:33:50,4.715,0.7998,0.73,0.35
10:33:51,4.714,0.7998,0.73,0.36
10:33:52,4.714,0.7963,0.73,0.37
10:33:53,4.714,0.7899,0.73,0.36
10:33:54,4.713,0.7878,0.73,0.35
10:33:55,4.713,0.7972,0.72,0.35
10:33:56,4.713,0.7945,0.73,0.36
10:33:57,4.711,0.7943,0.73,0.34
10:33:58,4.71,0.7927,0.73,0.37
10:33:59,4.709,0.7923,0.73,0.37
10:34:00,4.709,0.7903,0.7,0.33
10:34:01,4.711,0.7917,0.61,0.3
10:34:02,4.711,0.7917,0.73,0.36
10:34:03,4.711,0.7874,0.73,0.35
10:34:04,4.711,0.7828,0.73,0.36
10:34:05,4.71,0.7811,0.73,0.37
10:34:06,4.71,0.7809,0.73,0.36
10:34:07,4.71,0.787,0.73,0.35
10:34:08,4.71,0.7867,0.73,0.36
10:34:09,4.709,0.7854,0.73,0.35
10:34:10,4.707,0.7855,0.73,0.36
10:34:11,4.707,0.7852,0.73,0.37
10:34:12,4.707,0.783,0.72,0.35
10:34:13,4.708,0.7811,0.69,0.33
10:34:14,4.708,0.7811,0.7,0.35
10:34:15,4.708,0.7787,0.74,0.36
10:34:16,4.707,0.7736,0.75,0.36
10:34:17,4.707,0.7738,0.7,0.33
10:34:18,4.707,0.7805,0.73,0.36
10:34:19,4.707,0.7785,0.73,0.36
10:34:20,4.706,0.7782,0.73,0.36
10:34:21,4.704,0.7777,0.73,0.35
10:34:22,4.703,0.7751,0.74,0.35
10:34:23,4.703,0.7754,0.73,0.35
10:34:24,4.705,0.7751,0.72,0.35
10:34:25,4.705,0.7751,0.74,0.37
10:34:26,4.705,0.7724,0.75,0.35
10:34:27,4.705,0.77,0.75,0.36
10:34:28,4.705,0.7667,0.74,0.36
10:34:29,4.706,0.7667,0.75,0.36
10:34:30,4.705,0.7686,0.67,0.31
10:34:31,4.705,0.7734,0.73,0.35
10:34:32,4.705,0.771,0.73,0.37
10:34:33,4.703,0.7712,0.73,0.36
10:34:34,4.7,0.7709,0.68,0.33
10:34:35,4.703,0.7668,0.73,0.36
10:34:36,4.704,0.7668,0.73,0.36
10:34:37,4.703,0.7645,0.73,0.37
10:34:38,4.703,0.7586,0.73,0.37
10:34:39,4.703,0.7589,0.73,0.37
10:34:40,4.702,0.7599,0.73,0.35
10:34:41,4.702,0.7659,0.72,0.35
10:34:42,4.702,0.7658,0.73,0.35
10:34:43,4.701,0.7653,0.73,0.36
10:34:44,4.7,0.7663,0.73,0.36
10:34:45,4.699,0.7643,0.73,0.36
10:34:46,4.699,0.7655,0.71,0.34
10:34:47,4.703,0.7678,0.65,0.31
10:34:48,4.703,0.7678,0.75,0.36
10:34:49,4.703,0.7657,0.75,0.36
10:34:50,4.703,0.7584,0.75,0.36
10:34:51,4.702,0.7583,0.69,0.33
10:34:52,4.701,0.7631,0.74,0.36
10:34:53,4.701,0.7615,0.75,0.36
10:34:54,4.7,0.7616,0.74,0.36
10:34:55,4.699,0.762,0.75,0.35
10:34:56,4.699,0.7622,0.74,0.36
10:34:57,4.701,0.7626,0.74,0.36
10:34:58,4.701,0.7626,0.74,0.36
10:34:59,4.701,0.7599,0.74,0.36
10:35:00,4.701,0.7548,0.71,0.35
10:35:01,4.701,0.7536,0.75,0.36
10:35:02,4.7,0.7524,0.74,0.36
10:35:03,4.7,0.7522,0.71,0.34
10:35:04,4.7,0.7593,0.63,0.3
10:35:05,4.7,0.7591,0.73,0.36
10:35:06,4.699,0.757,0.73,0.36
10:35:07,4.697,0.7573,0.71,0.34
10:35:08,4.699,0.756,0.66,0.32
10:35:09,4.699,0.756,0.73,0.36
10:35:10,4.699,0.7546,0.73,0.36
10:35:11,4.699,0.7495,0.73,0.36
10:35:12,4.699,0.7483,0.73,0.36
10:35:13,4.699,0.7481,0.74,0.36
10:35:14,4.699,0.7574,0.73,0.36
10:35:15,4.699,0.7552,0.75,0.36
10:35:16,4.697,0.7548,0.75,0.36
10:35:17,4.696,0.7528,0.75,0.36
10:35:18,4.695,0.7529,0.74,0.36
10:35:19,4.698,0.753,0.73,0.35
10:35:20,4.697,0.753,0.74,0.36
10:35:21,4.696,0.7477,0.75,0.35
10:35:22,4.696,0.7416,0.75,0.36
10:35:23,4.696,0.7461,0.74,0.35
10:35:24,4.696,0.7483,0.72,0.34
10:35:25,4.696,0.748,0.73,0.36
10:35:26,4.695,0.7479,0.75,0.36
10:35:27,4.693,0.7477,0.75,0.36
10:35:28,4.693,0.748,0.75,0.36
10:35:29,4.693,0.7493,0.69,0.32
10:35:30,4.696,0.7489,0.74,0.36
10:35:31,4.696,0.7489,0.75,0.36
10:35:32,4.696,0.7461,0.74,0.36
10:35:33,4.695,0.7396,0.75,0.35
10:35:34,4.695,0.738,0.75,0.34
10:35:35,4.694,0.7368,0.74,0.36
10:35:36,4.694,0.7436,0.72,0.35
10:35:37,4.694,0.744,0.73,0.37
10:35:38,4.693,0.7443,0.7,0.36
10:35:39,4.692,0.7442,0.73,0.36
10:35:40,4.692,0.7444,0.73,0.36
10:35:41,4.693,0.7459,0.73,0.36
10:35:42,4.692,0.7469,0.63,0.3
10:35:43,4.696,0.7479,0.73,0.35
10:35:44,4.696,0.7479,0.73,0.36
10:35:45,4.695,0.7445,0.73,0.36
10:35:46,4.695,0.7366,0.73,0.34
10:35:47,4.695,0.7369,0.73,0.36
10:35:48,4.694,0.7441,0.73,0.35
10:35:49,4.694,0.7445,0.73,0.37
10:35:50,4.694,0.7446,0.73,0.37
10:35:51,4.692,0.7449,0.73,0.36
10:35:52,4.691,0.7445,0.73,0.35
10:35:53,4.695,0.7434,0.73,0.35
10:35:54,4.694,0.7434,0.75,0.36
10:35:55,4.694,0.7406,0.75,0.36
10:35:56,4.694,0.7353,0.75,0.36
10:35:57,4.694,0.7363,0.74,0.35
10:35:58,4.694,0.743,0.7,0.33
10:35:59,4.694,0.7434,0.73,0.35
10:36:00,4.694,0.7455,0.73,0.36
10:36:01,4.692,0.7453,0.73,0.37
10:36:02,4.692,0.7436,0.73,0.36
10:36:03,4.692,0.7439,0.66,0.31
10:36:04,4.695,0.7438,0.74,0.36
10:36:05,4.694,0.7438,0.74,0.36
10:36:06,4.694,0.7414,0.74,0.36
10:36:07,4.694,0.7374,0.75,0.36
10:36:08,4.694,0.7359,0.74,0.36
10:36:09,4.694,0.7358,0.74,0.36
10:36:10,4.694,0.743,0.72,0.34
10:36:11,4.694,0.7404,0.72,0.36
10:36:12,4.693,0.739,0.73,0.34
10:36:13,4.691,0.7378,0.73,0.36
10:36:14,4.689,0.738,0.73,0.36
10:36:15,4.689,0.7357,0.69,0.33
10:36:16,4.691,0.7331,0.73,0.36
10:36:17,4.691,0.7331,0.73,0.36
10:36:18,4.69,0.7299,0.73,0.36
10:36:19,4.69,0.7236,0.73,0.35
10:36:20,4.69,0.7235,0.63,0.31
10:36:21,4.69,0.7303,0.74,0.36
10:36:22,4.69,0.7291,0.75,0.36
10:36:23,4.688,0.7278,0.74,0.36
10:36:24,4.686,0.7256,0.72,0.36
10:36:25,4.685,0.7257,0.75,0.36
10:36:26,4.684,0.7242,0.74,0.35
10:36:27,4.687,0.7232,0.72,0.34
10:36:28,4.687,0.7232,0.75,0.36
10:36:29,4.686,0.7169,0.74,0.36
10:36:30,4.686,0.7102,0.74,0.36
10:36:31,4.685,0.7114,0.74,0.36
10:36:32,4.685,0.7111,0.69,0.32
10:36:33,4.685,0.7173,0.74,0.36
10:36:34,4.685,0.7183,0.75,0.36
10:36:35,4.684,0.7186,0.74,0.36
10:36:36,4.682,0.7175,0.73,0.36
10:36:37,4.681,0.7159,0.62,0.3
10:36:38,4.685,0.7157,0.73,0.36
10:36:39,4.684,0.7157,0.73,0.36
10:36:40,4.684,0.7124,0.73,0.36
10:36:41,4.683,0.7106,0.73,0.36
10:36:42,4.684,0.7074,0.73,0.36
10:36:43,4.684,0.707,0.73,0.36
10:36:44,4.683,0.713,0.7,0.34
10:36:45,4.683,0.7131,0.73,0.35
10:36:46,4.682,0.7114,0.73,0.36
10:36:47,4.679,0.7112,0.73,0.36
10:36:48,4.68,0.7114,0.72,0.35
10:36:49,4.683,0.7118,0.68,0.32
10:36:50,4.683,0.7118,0.7,0.35
10:36:51,4.683,0.7104,0.75,0.36
10:36:52,4.683,0.7047,0.73,0.36
10:36:53,4.683,0.705,0.73,0.36
10:36:54,4.683,0.7047,0.73,0.36
10:36:55,4.682,0.7116,0.73,0.36
10:36:56,4.682,0.7116,0.73,0.35
10:36:57,4.681,0.7106,0.73,0.35
10:36:58,4.679,0.7107,0.73,0.34
10:36:59,4.679,0.7109,0.73,0.36
10:37:00,4.679,0.7096,0.72,0.35
10:37:01,4.682,0.708,0.7,0.34
10:37:02,4.681,0.708,0.71,0.35
10:37:03,4.681,0.7045,0.73,0.36
10:37:04,4.681,0.7007,0.73,0.36
10:37:05,4.681,0.6991,0.73,0.36
10:37:06,4.682,0.7035,0.66,0.32
10:37:07,4.681,0.707,0.73,0.36
10:37:08,4.681,0.7069,0.73,0.36
10:37:09,4.68,0.7059,0.73,0.36
10:37:10,4.677,0.7059,0.73,0.35
10:37:11,4.677,0.7041,0.73,0.36
10:37:12,4.679,0.7019,0.73,0.36
10:37:13,4.679,0.7015,0.72,0.35
10:37:14,4.678,0.7015,0.73,0.36
10:37:15,4.678,0.698,0.68,0.35
10:37:16,4.677,0.6883,0.73,0.36
10:37:17,4.677,0.688,0.72,0.35
10:37:18,4.676,0.6936,0.69,0.33
10:37:19,4.676,0.6916,0.73,0.36
10:37:20,4.674,0.6889,0.73,0.36
10:37:21,4.672,0.6885,0.73,0.36
10:37:22,4.67,0.6861,0.72,0.36
10:37:23,4.67,0.686,0.73,0.34
10:37:24,4.67,0.6843,0.73,0.36
10:37:25,4.672,0.682,0.74,0.35
10:37:26,4.672,0.682,0.75,0.36
10:37:27,4.671,0.6786,0.75,0.36
10:37:28,4.672,0.6747,0.74,0.36
10:37:29,4.673,0.6762,0.74,0.35
10:37:30,4.673,0.6839,0.71,0.34
10:37:31,4.673,0.6853,0.73,0.36
10:37:32,4.672,0.6857,0.73,0.36
10:37:33,4.67,0.6869,0.73,0.36
10:37:34,4.672,0.6872,0.72,0.35
10:37:35,4.674,0.687,0.67,0.33
10:37:36,4.674,0.687,0.73,0.34
10:37:37,4.674,0.6851,0.73,0.36
10:37:38,4.674,0.6818,0.73,0.36
10:37:39,4.675,0.6814,0.73,0.36
10:37:40,4.676,0.6828,0.65,0.3
10:37:41,4.675,0.6909,0.74,0.36
10:37:42,4.675,0.6909,0.74,0.36
10:37:43,4.674,0.6908,0.74,0.36
10:37:44,4.672,0.6906,0.75,0.36
10:37:45,4.672,0.691,0.74,0.36
10:37:46,4.672,0.691,0.74,0.35
10:37:47,4.675,0.6895,0.72,0.34
10:37:48,4.675,0.6895,0.73,0.36
10:37:49,4.674,0.6861,0.74,0.36
10:37:50,4.674,0.6784,0.74,0.36
10:37:51,4.673,0.678,0.73,0.36
10:37:52,4.673,0.6782,0.67,0.33
10:37:53,4.672,0.6837,0.73,0.35
10:37:54,4.672,0.6824,0.73,0.36
10:37:55,4.671,0.6826,0.73,0.36
10:37:56,4.669,0.683,0.73,0.35
10:37:57,4.669,0.6827,0.73,0.36
10:37:58,4.669,0.6828,0.73,0.35
10:37:59,4.672,0.6827,0.72,0.35
10:38:00,4.672,0.6827,0.73,0.36
10:38:01,4.672,0.6802,0.7,0.35
10:38:02,4.672,0.678,0.73,0.36
10:38:03,4.672,0.6758,0.72,0.35
10:38:04,4.672,0.6837,0.71,0.34
10:38:05,4.672,0.6822,0.75,0.36
10:38:06,4.671,0.6808,0.74,0.36
10:38:07,4.668,0.6768,0.74,0.36
10:38:08,4.667,0.6758,0.74,0.36
10:38:09,4.666,0.6747,0.67,0.31
10:38:10,4.669,0.6737,0.73,0.35
10:38:11,4.668,0.6737,0.73,0.36
10:38:12,4.668,0.6701,0.73,0.36
10:38:13,4.668,0.6642,0.71,0.35
10:38:14,4.668,0.6643,0.73,0.36
10:38:15,4.668,0.6647,0.73,0.35
10:38:16,4.668,0.6713,0.72,0.35
10:38:17,4.668,0.6716,0.73,0.36
10:38:18,4.667,0.6712,0.74,0.36
10:38:19,4.665,0.6713,0.73,0.36
10:38:20,4.665,0.6729,0.73,0.35
10:38:21,4.665,0.6727,0.69,0.34
10:38:22,4.668,0.6717,0.6,0.29
10:38:23,4.668,0.6717,0.73,0.36
10:38:24,4.667,0.6683,0.73,0.36
10:38:25,4.666,0.661,0.73,0.36
10:38:26,4.666,0.664,0.69,0.35
10:38:27,4.666,0.6614,0.73,0.36
10:38:28,4.666,0.6589,0.72,0.35
10:38:29,4.666,0.6666,0.7,0.34
10:38:30,4.666,0.6669,0.73,0.36
10:38:31,4.665,0.6667,0.73,0.36
10:38:32,4.662,0.6654,0.73,0.36
10:38:33,4.663,0.6656,0.71,0.35
10:38:34,4.666,0.6654,0.67,0.32
10:38:35,4.665,0.6654,0.75,0.35
10:38:36,4.665,0.662,0.75,0.36
10:38:37,4.665,0.6581,0.75,0.36
10:38:38,4.665,0.6618,0.75,0.36
10:38:39,4.665,0.6561,0.74,0.36
10:38:40,4.664,0.6624,0.73,0.35
10:38:41,4.664,0.662,0.73,0.36
10:38:42,4.662,0.6597,0.73,0.36
10:38:43,4.66,0.6593,0.73,0.36
10:38:44,4.66,0.6593,0.73,0.36
10:38:45,4.66,0.659,0.73,0.36
10:38:46,4.66,0.6575,0.69,0.34
10:38:47,4.663,0.6574,0.6,0.29
10:38:48,4.663,0.6574,0.73,0.36
10:38:49,4.663,0.6553,0.73,0.36
10:38:50,4.663,0.6494,0.73,0.36
10:38:51,4.663,0.6504,0.65,0.31
10:38:52,4.662,0.6577,0.74,0.36
10:38:53,4.662,0.6579,0.74,0.36
10:38:54,4.661,0.6559,0.74,0.36
10:38:55,4.659,0.6555,0.75,0.36
10:38:56,4.659,0.6533,0.74,0.36
10:38:57,4.658,0.6534,0.74,0.36
10:38:58,4.66,0.6518,0.73,0.35
10:38:59,4.66,0.6518,0.73,0.36
10:39:00,4.66,0.6484,0.74,0.34
10:39:01,4.659,0.6417,0.74,0.36
10:39:02,4.658,0.6393,0.73,0.35
10:39:03,4.658,0.6462,0.7,0.33
10:39:04,4.658,0.6457,0.75,0.36
10:39:05,4.657,0.6445,0.74,0.36
10:39:06,4.655,0.6435,0.74,0.36
10:39:07,4.654,0.6438,0.74,0.36
10:39:08,4.654,0.6436,0.65,0.31
10:39:09,4.658,0.6425,0.74,0.36
10:39:10,4.657,0.6425,0.75,0.36
10:39:11,4.657,0.6399,0.74,0.36
10:39:12,4.656,0.632,0.72,0.36
10:39:13,4.656,0.6322,0.74,0.36
10:39:14,4.655,0.6312,0.73,0.35
10:39:15,4.655,0.6395,0.71,0.34
10:39:16,4.655,0.6377,0.73,0.36
10:39:17,4.654,0.6366,0.73,0.35
10:39:18,4.652,0.6365,0.74,0.36
10:39:19,4.652,0.6363,0.74,0.36
10:39:20,4.654,0.6363,0.69,0.32
10:39:21,4.654,0.6359,0.73,0.36
10:39:22,4.654,0.6359,0.73,0.36
10:39:23,4.654,0.6318,0.73,0.36
10:39:24,4.654,0.6273,0.73,0.35
10:39:25,4.654,0.6277,0.61,0.3
10:39:26,4.654,0.6346,0.74,0.36
10:39:27,4.654,0.6342,0.74,0.36
10:39:28,4.653,0.6341,0.75,0.36
10:39:29,4.651,0.6341,0.75,0.36
10:39:30,4.65,0.6344,0.75,0.36
10:39:31,4.651,0.6343,0.74,0.35
10:39:32,4.653,0.6332,0.7,0.34
10:39:33,4.654,0.6332,0.73,0.35
10:39:34,4.653,0.6312,0.73,0.36
10:39:35,4.653,0.6243,0.73,0.36
10:39:36,4.653,0.6241,0.72,0.35
10:39:37,4.653,0.6312,0.67,0.32
10:39:38,4.653,0.6311,0.69,0.36
10:39:39,4.652,0.6301,0.73,0.35
10:39:40,4.649,0.6302,0.73,0.35
10:39:41,4.649,0.6303,0.73,0.36
10:39:42,4.65,0.6302,0.73,0.36
10:39:43,4.652,0.6303,0.73,0.36
10:39:44,4.652,0.6303,0.73,0.35
10:39:45,4.652,0.6271,0.73,0.35
10:39:46,4.652,0.622,0.73,0.34
10:39:47,4.652,0.6204,0.73,0.36
10:39:48,4.652,0.6208,0.73,0.36
10:39:49,4.652,0.619,0.73,0.36
10:39:50,4.652,0.6212,0.62,0.3
10:39:51,4.651,0.6277,0.74,0.36
10:39:52,4.651,0.6275,0.74,0.36
10:39:53,4.65,0.6272,0.74,0.36
10:39:54,4.648,0.6273,0.75,0.36
10:39:55,4.648,0.627,0.74,0.36
10:39:56,4.648,0.6272,0.73,0.35
10:39:57,4.651,0.6271,0.71,0.34
10:39:58,4.651,0.6271,0.74,0.35
10:39:59,4.651,0.6245,0.74,0.36
10:40:00,4.651,0.62,0.74,0.36
10:40:01,4.651,0.618,0.75,0.36
10:40:02,4.651,0.6164,0.75,0.36
10:40:03,4.65,0.618,0.74,0.36
10:40:04,4.65,0.6158,0.73,0.35
10:40:05,4.649,0.6231,0.72,0.34
10:40:06,4.649,0.6226,0.74,0.36
10:40:07,4.648,0.6214,0.74,0.36
10:40:08,4.649,0.62,0.74,0.36
10:40:09,4.648,0.62,0.74,0.36
10:40:10,4.648,0.6176,0.74,0.36
10:40:11,4.648,0.6119,0.73,0.35
10:40:12,4.648,0.6116,0.74,0.36
10:40:13,4.648,0.6206,0.74,0.35
10:40:14,4.648,0.6209,0.75,0.36
10:40:15,4.649,0.6213,0.75,0.36
10:40:16,4.646,0.6225,0.74,0.36
10:40:17,4.646,0.6214,0.74,0.36
10:40:18,4.646,0.6202,0.72,0.34
10:40:19,4.649,0.6186,0.66,0.31
10:40:20,4.648,0.6186,0.73,0.36
10:40:21,4.647,0.6149,0.73,0.36
10:40:22,4.647,0.6077,0.73,0.36
10:40:23,4.646,0.6077,0.71,0.35
10:40:24,4.646,0.6077,0.73,0.36
10:40:25,4.646,0.6143,0.74,0.36
10:40:26,4.646,0.6141,0.74,0.36
10:40:27,4.645,0.6142,0.74,0.36
10:40:28,4.643,0.6141,0.75,0.36
10:40:29,4.645,0.6143,0.74,0.36
10:40:30,4.646,0.6146,0.73,0.35
10:40:31,4.647,0.6146,0.74,0.36
10:40:32,4.647,0.6131,0.74,0.36
10:40:33,4.647,0.6075,0.74,0.36
10:40:34,4.647,0.6093,0.74,0.36
10:40:35,4.647,0.6103,0.75,0.36
10:40:36,4.647,0.6099,0.65,0.31
10:40:37,4.647,0.6168,0.74,0.36
10:40:38,4.647,0.6172,0.74,0.36
10:40:39,4.646,0.6176,0.75,0.36
10:40:40,4.644,0.6175,0.75,0.36
10:40:41,4.645,0.62,0.75,0.36
10:40:42,4.644,0.618,0.74,0.36
10:40:43,4.647,0.617,0.72,0.34
10:40:44,4.648,0.617,0.74,0.36
10:40:45,4.647,0.6147,0.74,0.36
10:40:46,4.647,0.6093,0.74,0.36
10:40:47,4.647,0.6092,0.74,0.36
10:40:48,4.647,0.6075,0.7,0.33
10:40:49,4.646,0.6154,0.74,0.36
10:40:50,4.646,0.6157,0.73,0.36
10:40:51,4.645,0.6147,0.73,0.35
10:40:52,4.643,0.6135,0.75,0.36
10:40:53,4.642,0.6117,0.73,0.36
10:40:54,4.642,0.6114,0.73,0.36
10:40:55,4.644,0.6072,0.72,0.35
10:40:56,4.644,0.6072,0.73,0.36
10:40:57,4.643,0.6044,0.74,0.35
10:40:58,4.643,0.5969,0.73,0.36
10:40:59,4.642,0.5969,0.73,0.36
10:41:00,4.642,0.5979,0.71,0.34
10:41:01,4.642,0.603,0.66,0.32
10:41:02,4.642,0.6026,0.73,0.36
10:41:03,4.641,0.6012,0.73,0.35
10:41:04,4.638,0.601,0.73,0.35
10:41:05,4.638,0.5997,0.67,0.33
10:41:06,4.641,0.5998,0.73,0.36
10:41:07,4.641,0.5998,0.73,0.36
10:41:08,4.64,0.5959,0.73,0.36
10:41:09,4.64,0.5912,0.72,0.35
10:41:10,4.64,0.5888,0.73,0.34
10:41:11,4.64,0.5876,0.73,0.35
10:41:12,4.64,0.5967,0.72,0.35
10:41:13,4.64,0.5969,0.73,0.36
10:41:14,4.639,0.5972,0.72,0.36
10:41:15,4.637,0.5975,0.73,0.36
10:41:16,4.637,0.5985,0.73,0.35
10:41:17,4.637,0.5969,0.7,0.34
10:41:18,4.64,0.597,0.65,0.3
10:41:19,4.64,0.597,0.74,0.36
10:41:20,4.64,0.5959,0.74,0.36
10:41:21,4.639,0.5876,0.74,0.36
10:41:22,4.639,0.5873,0.72,0.36
10:41:23,4.639,0.5875,0.74,0.36
10:41:24,4.639,0.5947,0.74,0.35
10:41:25,4.639,0.5946,0.74,0.36
10:41:26,4.638,0.5946,0.74,0.36
10:41:27,4.636,0.5944,0.74,0.36
10:41:28,4.636,0.5944,0.74,0.36
10:41:29,4.636,0.5939,0.73,0.35
10:41:30,4.639,0.5937,0.69,0.32
10:41:31,4.638,0.5937,0.75,0.36
10:41:32,4.639,0.5912,0.74,0.36
10:41:33,4.638,0.5835,0.74,0.36
10:41:34,4.638,0.585,0.73,0.36
10:41:35,4.637,0.5821,0.61,0.3
10:41:36,4.637,0.5908,0.74,0.36
10:41:37,4.637,0.5904,0.74,0.36
10:41:38,4.636,0.5894,0.73,0.36
10:41:39,4.634,0.5892,0.73,0.36
10:41:40,4.633,0.5878,0.74,0.36
10:41:41,4.634,0.586,0.74,0.35
10:41:42,4.636,0.5858,0.7,0.34
10:41:43,4.636,0.5858,0.73,0.35
10:41:44,4.636,0.5833,0.73,0.36
10:41:45,4.636,0.5783,0.73,0.36
10:41:46,4.636,0.5793,0.71,0.35
10:41:47,4.635,0.5864,0.66,0.32
10:41:48,4.635,0.5843,0.71,0.34
10:41:49,4.634,0.5831,0.73,0.36
10:41:50,4.631,0.5827,0.73,0.36
10:41:51,4.63,0.5803,0.73,0.36
10:41:52,4.63,0.5793,0.73,0.36
10:41:53,4.63,0.5794,0.73,0.35
10:41:54,4.633,0.5791,0.71,0.35
10:41:55,4.633,0.5791,0.73,0.35
10:41:56,4.633,0.5756,0.73,0.35
10:41:57,4.632,0.57,0.73,0.35
10:41:58,4.632,0.577,0.74,0.35
10:41:59,4.632,0.5768,0.74,0.36
10:42:00,4.631,0.5768,0.72,0.35
10:42:01,4.629,0.5764,0.74,0.36
10:42:02,4.629,0.5762,0.74,0.36
10:42:03,4.629,0.5748,0.72,0.34
10:42:04,4.631,0.5745,0.67,0.32
10:42:05,4.631,0.5745,0.74,0.36
10:42:06,4.631,0.572,0.74,0.36
10:42:07,4.631,0.5665,0.74,0.36
10:42:08,4.631,0.5661,0.74,0.35
10:42:09,4.631,0.5664,0.74,0.36
10:42:10,4.631,0.574,0.74,0.36
10:42:11,4.631,0.573,0.74,0.36
10:42:12,4.63,0.572,0.74,0.36
10:42:13,4.628,0.5704,0.7,0.35
10:42:14,4.627,0.5705,0.74,0.36
10:42:15,4.627,0.5704,0.73,0.35
10:42:16,4.63,0.5703,0.7,0.33
10:42:17,4.63,0.5703,0.75,0.36
10:42:18,4.629,0.5677,0.74,0.36
10:42:19,4.63,0.5637,0.74,0.36
10:42:20,4.63,0.5635,0.7,0.34
10:42:21,4.63,0.5708,0.64,0.3
10:42:22,4.63,0.5712,0.74,0.36
10:42:23,4.63,0.5716,0.74,0.36
10:42:24,4.628,0.5716,0.74,0.36
10:42:25,4.627,0.5716,0.75,0.36
10:42:26,4.627,0.5713,0.74,0.36
10:42:27,4.63,0.5708,0.74,0.35
10:42:28,4.63,0.5708,0.74,0.36
10:42:29,4.63,0.5675,0.74,0.36
10:42:30,4.629,0.5621,0.74,0.36
10:42:31,4.63,0.562,0.74,0.36
10:42:32,4.63,0.5693,0.71,0.35
10:42:33,4.63,0.5691,0.72,0.36
10:42:34,4.628,0.5677,0.73,0.34
10:42:35,4.625,0.5676,0.73,0.36
10:42:36,4.626,0.5689,0.73,0.36
10:42:37,4.625,0.5677,0.7,0.34
10:42:38,4.628,0.5677,0.62,0.3
10:42:39,4.629,0.5677,0.73,0.35
10:42:40,4.629,0.5645,0.73,0.36
10:42:41,4.628,0.5588,0.73,0.35
10:42:42,4.628,0.5586,0.73,0.36
10:42:43,4.628,0.5589,0.73,0.35
10:42:44,4.628,0.5655,0.74,0.35
10:42:45,4.628,0.5656,0.74,0.36
10:42:46,4.627,0.5637,0.73,0.36
10:42:47,4.624,0.5655,0.74,0.36
10:42:48,4.624,0.5629,0.74,0.36
10:42:49,4.624,0.5626,0.73,0.35
10:42:50,4.627,0.5606,0.69,0.32
10:42:51,4.626,0.5606,0.73,0.36
10:42:52,4.626,0.556,0.74,0.36
10:42:53,4.625,0.5499,0.74,0.36
10:42:54,4.625,0.55,0.7,0.33
10:42:55,4.625,0.557,0.74,0.36
10:42:56,4.625,0.5582,0.74,0.36
10:42:57,4.624,0.5584,0.74,0.36
10:42:58,4.622,0.5586,0.74,0.36
10:42:59,4.623,0.5584,0.64,0.31
10:43:00,4.625,0.5581,0.74,0.36
10:43:01,4.626,0.5581,0.74,0.36
10:43:02,4.625,0.5556,0.74,0.36
10:43:03,4.625,0.5491,0.74,0.36
10:43:04,4.625,0.5492,0.74,0.36
10:43:05,4.625,0.5493,0.74,0.36
10:43:06,4.625,0.5576,0.71,0.34
10:43:07,4.625,0.5564,0.73,0.36
10:43:08,4.623,0.5544,0.73,0.36
10:43:09,4.621,0.5541,0.73,0.36
10:43:10,4.62,0.5525,0.72,0.35
10:43:11,4.623,0.5535,0.67,0.33
10:43:12,4.623,0.5535,0.73,0.34
10:43:13,4.623,0.5499,0.73,0.36
10:43:14,4.622,0.5442,0.73,0.36
10:43:15,4.623,0.5477,0.73,0.36
10:43:16,4.622,0.543,0.63,0.31
10:43:17,4.622,0.5493,0.74,0.36
10:43:18,4.622,0.5491,0.74,0.36
10:43:19,4.621,0.5494,0.74,0.36
10:43:20,4.621,0.5496,0.74,0.36
10:43:21,4.619,0.5515,0.74,0.36
10:43:22,4.62,0.5535,0.74,0.36
10:43:23,4.62,0.5536,0.72,0.34
10:43:24,4.623,0.5532,0.64,0.31
10:43:25,4.623,0.5532,0.74,0.36
10:43:26,4.623,0.5517,0.74,0.36
10:43:27,4.624,0.5462,0.74,0.36
10:43:28,4.623,0.5464,0.74,0.36
10:43:29,4.623,0.5452,0.74,0.36
10:43:30,4.623,0.5525,0.72,0.35
10:43:31,4.623,0.5528,0.73,0.35
10:43:32,4.622,0.5511,0.73,0.35
10:43:33,4.621,0.5511,0.73,0.36
10:43:34,4.619,0.5507,0.73,0.36
10:43:35,4.622,0.5504,0.73,0.35
10:43:36,4.622,0.5504,0.74,0.36
10:43:37,4.622,0.5473,0.71,0.35
10:43:38,4.622,0.5412,0.74,0.36
10:43:39,4.622,0.5408,0.74,0.36
10:43:40,4.621,0.5406,0.71,0.34
10:43:41,4.621,0.5467,0.64,0.31
10:43:42,4.621,0.5469,0.74,0.36
10:43:43,4.619,0.5434,0.74,0.36
10:43:44,4.617,0.5444,0.74,0.36
10:43:45,4.617,0.5443,0.74,0.35
10:43:46,4.617,0.5442,0.74,0.36
10:43:47,4.62,0.5439,0.73,0.36
10:43:48,4.619,0.5439,0.73,0.36
10:43:49,4.619,0.5396,0.73,0.36
10:43:50,4.619,0.5333,0.73,0.36
10:43:51,4.619,0.5335,0.73,0.36
10:43:52,4.619,0.5336,0.71,0.35
10:43:53,4.618,0.5408,0.69,0.32
10:43:54,4.618,0.539,0.73,0.36
10:43:55,4.616,0.5375,0.73,0.36
10:43:56,4.614,0.5374,0.73,0.36
10:43:57,4.614,0.5361,0.7,0.33
10:43:58,4.616,0.5357,0.61,0.29
10:43:59,4.617,0.5357,0.73,0.36
10:44:00,4.617,0.5327,0.73,0.36
10:44:01,4.617,0.528,0.74,0.36
10:44:02,4.617,0.5282,0.67,0.32
10:44:03,4.616,0.5351,0.74,0.36
10:44:04,4.616,0.535,0.74,0.36
10:44:05,4.616,0.5345,0.74,0.36
10:44:06,4.615,0.5346,0.74,0.36
10:44:07,4.614,0.5341,0.74,0.36
10:44:08,4.614,0.5342,0.74,0.35
10:44:09,4.616,0.5327,0.73,0.35
10:44:10,4.616,0.5327,0.73,0.36
10:44:11,4.616,0.5323,0.74,0.34
10:44:12,4.616,0.5254,0.74,0.36
10:44:13,4.616,0.5276,0.73,0.35
10:44:14,4.616,0.5335,0.69,0.33
10:44:15,4.616,0.5336,0.73,0.36
10:44:16,4.615,0.5351,0.73,0.36
10:44:17,4.614,0.5348,0.73,0.36
10:44:18,4.613,0.5349,0.73,0.35
10:44:19,4.614,0.5346,0.63,0.31
10:44:20,4.616,0.5333,0.74,0.36
10:44:21,4.616,0.5333,0.74,0.36
10:44:22,4.616,0.5306,0.74,0.36
10:44:23,4.616,0.525,0.72,0.36
10:44:24,4.616,0.5251,0.74,0.36
10:44:25,4.616,0.5337,0.72,0.35
10:44:26,4.616,0.5334,0.73,0.36
10:44:27,4.615,0.5317,0.73,0.36
10:44:28,4.612,0.5312,0.73,0.36
10:44:29,4.613,0.5302,0.73,0.36
10:44:30,4.612,0.5302,0.71,0.35
10:44:31,4.615,0.5304,0.67,0.32
10:44:32,4.614,0.5304,0.73,0.36
10:44:33,4.614,0.5272,0.73,0.36
10:44:34,4.614,0.5221,0.73,0.36
10:44:35,4.615,0.5225,0.72,0.35
10:44:36,4.614,0.5223,0.6,0.3
10:44:37,4.614,0.5286,0.74,0.36
10:44:38,4.614,0.5287,0.74,0.36
10:44:39,4.613,0.5282,0.74,0.36
10:44:40,4.611,0.5281,0.74,0.36
10:44:41,4.611,0.5279,0.74,0.36
10:44:42,4.611,0.5274,0.74,0.35
10:44:43,4.614,0.5276,0.71,0.34
10:44:44,4.614,0.5276,0.74,0.35
10:44:45,4.613,0.5256,0.74,0.36
10:44:46,4.614,0.5189,0.74,0.36
10:44:47,4.614,0.5223,0.72,0.34
10:44:48,4.613,0.5286,0.66,0.32
10:44:49,4.613,0.527,0.69,0.35
10:44:50,4.612,0.5288,0.74,0.36
10:44:51,4.611,0.5272,0.74,0.36
10:44:52,4.61,0.5273,0.74,0.36
10:44:53,4.611,0.5273,0.74,0.36
10:44:54,4.613,0.5268,0.73,0.35
10:44:55,4.613,0.5268,0.74,0.36
10:44:56,4.613,0.5238,0.73,0.36
10:44:57,4.614,0.5197,0.74,0.35
10:44:58,4.614,0.5217,0.74,0.36
10:44:59,4.614,0.529,0.72,0.35
10:45:00,4.614,0.5291,0.73,0.36
10:45:01,4.613,0.529,0.72,0.36
10:45:02,4.612,0.5294,0.73,0.36
10:45:03,4.613,0.5298,0.73,0.35
10:45:04,4.612,0.5295,0.71,0.34
10:45:05,4.614,0.5292,0.65,0.32
10:45:06,4.614,0.5292,0.73,0.36
10:45:07,4.614,0.5268,0.73,0.36
10:45:08,4.614,0.5195,0.73,0.36
10:45:09,4.613,0.5194,0.72,0.35
10:45:10,4.613,0.5181,0.73,0.35
10:45:11,4.613,0.5258,0.73,0.35
10:45:12,4.613,0.5262,0.73,0.36
10:45:13,4.612,0.526,0.73,0.36
10:45:14,4.61,0.5259,0.68,0.35
10:45:15,4.611,0.5257,0.73,0.36
10:45:16,4.613,0.5257,0.73,0.35
10:45:17,4.613,0.5257,0.74,0.36
10:45:18,4.613,0.5237,0.74,0.36
10:45:19,4.613,0.5193,0.74,0.36
10:45:20,4.614,0.5215,0.73,0.35
10:45:21,4.614,0.5284,0.71,0.34
10:45:22,4.614,0.5298,0.73,0.35
10:45:23,4.614,0.5298,0.74,0.36
10:45:24,4.612,0.5298,0.74,0.36
10:45:25,4.611,0.5299,0.74,0.36
10:45:26,4.611,0.5298,0.68,0.32
10:45:27,4.614,0.5296,0.74,0.36
10:45:28,4.615,0.5296,0.74,0.36
10:45:29,4.614,0.5266,0.74,0.36
10:45:30,4.614,0.5211,0.74,0.36
10:45:31,4.614,0.525,0.74,0.36
10:45:32,4.614,0.5282,0.74,0.36
10:45:33,4.614,0.5272,0.74,0.36
10:45:34,4.612,0.527,0.73,0.36
10:45:35,4.61,0.5258,0.74,0.34
10:45:36,4.609,0.5254,0.74,0.36
10:45:37,4.612,0.5227,0.72,0.35
10:45:38,4.612,0.5227,0.73,0.36
10:45:39,4.611,0.5179,0.73,0.36
10:45:40,4.611,0.513,0.73,0.36
10:45:41,4.611,0.5127,0.73,0.36
10:45:42,4.611,0.5123,0.71,0.35
10:45:43,4.611,0.5209,0.66,0.32
10:45:44,4.611,0.5197,0.74,0.36
10:45:45,4.61,0.5185,0.74,0.36
10:45:46,4.608,0.5199,0.74,0.36
10:45:47,4.608,0.5198,0.72,0.36
10:45:48,4.608,0.5199,0.74,0.36
10:45:49,4.611,0.5219,0.73,0.36
10:45:50,4.612,0.5219,0.74,0.36
10:45:51,4.612,0.5195,0.74,0.36
10:45:52,4.612,0.5146,0.74,0.36
10:45:53,4.612,0.5158,0.74,0.36
10:45:54,4.612,0.5229,0.73,0.35
10:45:55,4.612,0.5226,0.74,0.36
10:45:56,4.611,0.5222,0.74,0.36
10:45:57,4.608,0.5218,0.74,0.36
10:45:58,4.608,0.5205,0.74,0.36
10:45:59,4.609,0.5208,0.72,0.34
10:46:00,4.611,0.521,0.63,0.31
10:46:01,4.612,0.521,0.73,0.36
10:46:02,4.611,0.5183,0.73,0.35
10:46:03,4.611,0.513,0.73,0.36
10:46:04,4.611,0.5116,0.73,0.36
10:46:05,4.61,0.5142,0.73,0.36
10:46:06,4.61,0.5191,0.73,0.36
10:46:07,4.61,0.5187,0.73,0.36
10:46:08,4.609,0.5184,0.73,0.35
10:46:09,4.607,0.5169,0.73,0.36
10:46:10,4.607,0.5171,0.73,0.36
10:46:11,4.607,0.5172,0.72,0.35
10:46:12,4.609,0.5158,0.69,0.33
10:46:13,4.609,0.5158,0.71,0.35
10:46:14,4.609,0.5132,0.74,0.36
10:46:15,4.609,0.5108,0.74,0.36
10:46:16,4.609,0.5088,0.71,0.34
10:46:17,4.609,0.5138,0.64,0.3
10:46:18,4.609,0.5137,0.74,0.36
10:46:19,4.607,0.5133,0.74,0.36
10:46:20,4.605,0.513,0.73,0.36
10:46:21,4.605,0.5128,0.74,0.35
10:46:22,4.605,0.5118,0.74,0.36
10:46:23,4.605,0.5121,0.73,0.35
10:46:24,4.608,0.5118,0.72,0.34
10:46:25,4.608,0.5118,0.72,0.36
10:46:26,4.608,0.5081,0.74,0.36
10:46:27,4.608,0.5017,0.74,0.36
10:46:28,4.607,0.5039,0.73,0.35
10:46:29,4.607,0.5021,0.67,0.33
10:46:30,4.607,0.51,0.73,0.36
10:46:31,4.607,0.5086,0.73,0.36
10:46:32,4.606,0.5085,0.73,0.36
10:46:33,4.604,0.5081,0.73,0.35
10:46:34,4.603,0.508,0.61,0.29
10:46:35,4.606,0.5075,0.74,0.36
10:46:36,4.606,0.5075,0.73,0.36
10:46:37,4.606,0.5049,0.73,0.36
10:46:38,4.606,0.4988,0.69,0.35
10:46:39,4.606,0.4992,0.73,0.36
10:46:40,4.606,0.5067,0.72,0.36
10:46:41,4.606,0.5063,0.73,0.36
10:46:42,4.605,0.5062,0.73,0.36
10:46:43,4.602,0.5062,0.73,0.36
10:46:44,4.602,0.506,0.73,0.36
10:46:45,4.603,0.5058,0.71,0.34
10:46:46,4.606,0.5055,0.66,0.32
10:46:47,4.606,0.5055,0.74,0.35
10:46:48,4.605,0.5037,0.74,0.36
10:46:49,4.605,0.5002,0.74,0.36
10:46:50,4.606,0.4976,0.74,0.36
10:46:51,4.605,0.498,0.74,0.36
10:46:52,4.605,0.4983,0.74,0.36
10:46:53,4.605,0.4982,0.72,0.35
10:46:54,4.605,0.5045,0.68,0.32
10:46:55,4.605,0.5033,0.74,0.36
10:46:56,4.603,0.5032,0.74,0.36
10:46:57,4.605,0.5019,0.73,0.35
10:46:58,4.604,0.5019,0.73,0.36
10:46:59,4.604,0.4988,0.74,0.35
10:47:00,4.604,0.4944,0.74,0.36
10:47:01,4.604,0.494,0.74,0.36
10:47:02,4.603,0.4936,0.71,0.34
10:47:03,4.603,0.4996,0.66,0.32
10:47:04,4.603,0.4996,0.74,0.36
10:47:05,4.602,0.498,0.74,0.36
10:47:06,4.6,0.4977,0.74,0.36
10:47:07,4.599,0.4977,0.74,0.36
10:47:08,4.6,0.4975,0.74,0.36
10:47:09,4.603,0.497,0.73,0.36
10:47:10,4.602,0.497,0.73,0.36
10:47:11,4.602,0.4948,0.72,0.36
10:47:12,4.602,0.4885,0.73,0.34
10:47:13,4.602,0.4897,0.73,0.35
10:47:14,4.602,0.4962,0.72,0.35
10:47:15,4.602,0.4963,0.73,0.36
10:47:16,4.601,0.4959,0.73,0.36
10:47:17,4.6,0.4957,0.73,0.36
10:47:18,4.599,0.4953,0.73,0.36
10:47:19,4.599,0.4949,0.7,0.34
10:47:20,4.601,0.4944,0.64,0.3
10:47:21,4.601,0.4944,0.74,0.36
10:47:22,4.601,0.4917,0.73,0.36
10:47:23,4.601,0.4859,0.73,0.36
10:47:24,4.601,0.4862,0.71,0.36
10:47:25,4.6,0.4848,0.74,0.36
10:47:26,4.6,0.4867,0.73,0.35
10:47:27,4.6,0.4907,0.72,0.34
10:47:28,4.6,0.4905,0.74,0.36
10:47:29,4.599,0.4901,0.74,0.36
10:47:30,4.597,0.4899,0.74,0.36
10:47:31,4.597,0.4898,0.72,0.35
10:47:32,4.599,0.4896,0.67,0.33
10:47:33,4.599,0.4896,0.73,0.36
10:47:34,4.599,0.4861,0.73,0.36
10:47:35,4.599,0.4812,0.73,0.36
10:47:36,4.599,0.4796,0.7,0.34
10:47:37,4.599,0.4873,0.6,0.3
10:47:38,4.599,0.4861,0.73,0.36
10:47:39,4.597,0.4859,0.73,0.35
10:47:40,4.595,0.4855,0.73,0.36
10:47:41,4.594,0.484,0.65,0.32
10:47:42,4.597,0.4836,0.73,0.36
10:47:43,4.597,0.4836,0.73,0.36
10:47:44,4.597,0.4812,0.73,0.36
10:47:45,4.597,0.4755,0.73,0.35
10:47:46,4.597,0.4737,0.73,0.36
10:47:47,4.597,0.4751,0.72,0.35
10:47:48,4.596,0.482,0.71,0.35
10:47:49,4.596,0.4804,0.73,0.36
10:47:50,4.595,0.4801,0.68,0.35
10:47:51,4.593,0.4788,0.73,0.36
10:47:52,4.593,0.4789,0.73,0.35
10:47:53,4.593,0.4779,0.73,0.36
10:47:54,4.594,0.478,0.73,0.36
10:47:55,4.596,0.4778,0.73,0.36
10:47:56,4.595,0.4778,0.74,0.36
10:47:57,4.595,0.4731,0.73,0.36
10:47:58,4.595,0.4694,0.74,0.35
10:47:59,4.594,0.469,0.73,0.36
10:48:00,4.594,0.4759,0.72,0.35
10:48:01,4.594,0.4756,0.73,0.36
10:48:02,4.593,0.4753,0.72,0.36
10:48:03,4.59,0.475,0.73,0.36
10:48:04,4.591,0.4737,0.72,0.35
10:48:05,4.594,0.4727,0.7,0.35
10:48:06,4.593,0.4727,0.73,0.36
10:48:07,4.593,0.4707,0.73,0.36
10:48:08,4.593,0.4632,0.73,0.36
10:48:09,4.593,0.4628,0.71,0.35
10:48:10,4.592,0.4709,0.67,0.33
10:48:11,4.592,0.469,0.73,0.34
10:48:12,4.591,0.469,0.73,0.36
10:48:13,4.589,0.4686,0.73,0.36
10:48:14,4.589,0.4688,0.73,0.36
10:48:15,4.591,0.4687,0.62,0.31
10:48:16,4.591,0.4666,0.73,0.36
10:48:17,4.591,0.4666,0.74,0.36
10:48:18,4.591,0.464,0.74,0.36
10:48:19,4.591,0.4587,0.74,0.36
10:48:20,4.59,0.4619,0.74,0.36
10:48:21,4.59,0.4567,0.74,0.36
10:48:22,4.59,0.4565,0.71,0.34
10:48:23,4.59,0.4636,0.63,0.31
10:48:24,4.59,0.4639,0.73,0.36
10:48:25,4.589,0.4625,0.73,0.36
10:48:26,4.586,0.4624,0.73,0.36
10:48:27,4.586,0.4623,0.67,0.33
10:48:28,4.589,0.4623,0.74,0.36
10:48:29,4.589,0.4623,0.74,0.36
10:48:30,4.589,0.4575,0.74,0.36
10:48:31,4.589,0.4524,0.74,0.35
10:48:32,4.588,0.4524,0.74,0.36
10:48:33,4.588,0.4589,0.73,0.36
10:48:34,4.588,0.4571,0.74,0.36
10:48:35,4.588,0.4585,0.73,0.36
10:48:36,4.585,0.4563,0.72,0.35
10:48:37,4.585,0.4564,0.74,0.36
10:48:38,4.585,0.4562,0.73,0.35
10:48:39,4.587,0.4546,0.71,0.34
10:48:40,4.587,0.4546,0.74,0.36
10:48:41,4.587,0.4522,0.74,0.36
10:48:42,4.586,0.4453,0.73,0.36
10:48:43,4.586,0.4456,0.74,0.36
10:48:44,4.586,0.4437,0.74,0.36
10:48:45,4.586,0.4436,0.74,0.36
10:48:46,4.585,0.4524,0.73,0.35
10:48:47,4.585,0.4514,0.74,0.36
10:48:48,4.584,0.45,0.72,0.36
10:48:49,4.582,0.4498,0.74,0.36
10:48:50,4.582,0.4484,0.74,0.36
10:48:51,4.582,0.4486,0.72,0.35
10:48:52,4.585,0.4483,0.68,0.32
10:48:53,4.584,0.4483,0.74,0.36
10:48:54,4.584,0.4447,0.74,0.36
10:48:55,4.584,0.4392,0.73,0.36
10:48:56,4.584,0.4392,0.69,0.33
10:48:57,4.583,0.4461,0.73,0.36
10:48:58,4.583,0.4461,0.74,0.36
10:48:59,4.582,0.4457,0.74,0.36
10:49:00,4.58,0.4443,0.73,0.36
10:49:01,4.58,0.4441,0.7,0.35
10:49:02,4.58,0.4441,0.74,0.36
10:49:03,4.582,0.4421,0.73,0.35
10:49:04,4.582,0.4421,0.74,0.36
10:49:05,4.582,0.4396,0.73,0.36
10:49:06,4.582,0.4338,0.73,0.36
10:49:07,4.582,0.4336,0.73,0.36
10:49:08,4.582,0.4339,0.7,0.35
10:49:09,4.581,0.44,0.65,0.32
10:49:10,4.581,0.4398,0.73,0.36
10:49:11,4.58,0.4386,0.73,0.36
10:49:12,4.579,0.4384,0.73,0.36
10:49:13,4.578,0.438,0.71,0.36
10:49:14,4.578,0.4376,0.73,0.36
10:49:15,4.58,0.4362,0.73,0.35
10:49:16,4.58,0.4362,0.74,0.36
10:49:17,4.58,0.4328,0.74,0.36
10:49:18,4.579,0.4273,0.74,0.36
10:49:19,4.579,0.4275,0.73,0.36
10:49:20,4.579,0.4336,0.72,0.35
10:49:21,4.579,0.4334,0.73,0.35
10:49:22,4.578,0.4331,0.73,0.34
10:49:23,4.576,0.4327,0.73,0.36
10:49:24,4.576,0.4324,0.73,0.36
10:49:25,4.576,0.4311,0.73,0.36
10:49:26,4.576,0.4313,0.65,0.32
10:49:27,4.578,0.4303,0.73,0.36
10:49:28,4.578,0.4303,0.74,0.36
10:49:29,4.578,0.4273,0.74,0.36
10:49:30,4.577,0.4214,0.74,0.36
10:49:31,4.577,0.4224,0.74,0.36
10:49:32,4.577,0.4279,0.72,0.35
10:49:33,4.577,0.428,0.73,0.36
10:49:34,4.576,0.4277,0.72,0.35
10:49:35,4.574,0.4267,0.73,0.34
10:49:36,4.574,0.4266,0.73,0.36
10:49:37,4.573,0.4262,0.72,0.35
10:49:38,4.576,0.4246,0.69,0.33
10:49:39,4.576,0.4246,0.73,0.36
10:49:40,4.576,0.4216,0.74,0.36
10:49:41,4.576,0.4157,0.74,0.36
10:49:42,4.575,0.4155,0.74,0.36
10:49:43,4.575,0.4143,0.64,0.3
10:49:44,4.575,0.4222,0.73,0.36
10:49:45,4.575,0.4219,0.73,0.36
10:49:46,4.574,0.4215,0.72,0.36
10:49:47,4.572,0.421,0.71,0.35
10:49:48,4.571,0.4198,0.73,0.36
10:49:49,4.571,0.4195,0.73,0.36
10:49:50,4.572,0.4191,0.7,0.34
10:49:51,4.574,0.4169,0.65,0.32
10:49:52,4.573,0.4169,0.73,0.36
10:49:53,4.573,0.4145,0.73,0.36
10:49:54,4.574,0.409,0.73,0.35
10:49:55,4.574,0.4105,0.67,0.33
10:49:56,4.573,0.4198,0.73,0.36
10:49:57,4.573,0.4161,0.73,0.36
10:49:58,4.572,0.4139,0.73,0.36
10:49:59,4.569,0.4136,0.71,0.35
10:50:00,4.569,0.4131,0.7,0.34
10:50:01,4.569,0.4127,0.73,0.35
10:50:02,4.569,0.4123,0.72,0.35
10:50:03,4.572,0.4111,0.68,0.33
10:50:04,4.571,0.4111,0.73,0.36
10:50:05,4.571,0.409,0.73,0.36
10:50:06,4.571,0.4034,0.73,0.36
10:50:07,4.571,0.4015,0.73,0.35
10:50:08,4.571,0.4018,0.73,0.35
10:50:09,4.571,0.4014,0.73,0.36
10:50:10,4.57,0.4013,0.73,0.35
10:50:11,4.57,0.4072,0.71,0.34
10:50:12,4.57,0.4062,0.71,0.35
10:50:13,4.569,0.4058,0.74,0.36
10:50:14,4.57,0.4042,0.73,0.35
10:50:15,4.569,0.4042,0.74,0.36
10:50:16,4.569,0.4007,0.74,0.36
10:50:17,4.569,0.3957,0.74,0.36
10:50:18,4.569,0.3955,0.74,0.36
10:50:19,4.569,0.3958,0.72,0.35
10:50:20,4.568,0.4015,0.68,0.32
10:50:21,4.568,0.4018,0.74,0.36
10:50:22,4.567,0.4016,0.74,0.36
10:50:23,4.565,0.4011,0.73,0.36
10:50:24,4.566,0.4001,0.73,0.36
10:50:25,4.565,0.3991,0.61,0.3
10:50:26,4.567,0.399,0.74,0.36
10:50:27,4.567,0.399,0.73,0.36
10:50:28,4.567,0.3969,0.74,0.36
10:50:29,4.567,0.3902,0.74,0.36
10:50:30,4.566,0.3878,0.74,0.36
10:50:31,4.566,0.389,0.73,0.36
10:50:32,4.566,0.3889,0.71,0.34
10:50:33,4.566,0.3957,0.63,0.31
10:50:34,4.566,0.3946,0.74,0.36
10:50:35,4.565,0.3946,0.74,0.36
10:50:36,4.563,0.3947,0.72,0.35
10:50:37,4.565,0.3932,0.67,0.33
10:50:39,4.565,0.3932,0.69,0.35
10:50:39,4.565,0.3906,0.73,0.36
10:50:41,4.564,0.3845,0.72,0.35
10:50:42,4.564,0.3827,0.74,0.36
10:50:43,4.564,0.3855,0.73,0.36
10:50:44,4.564,0.3827,0.73,0.36
10:50:45,4.564,0.3837,0.72,0.35
10:50:46,4.563,0.389,0.68,0.33
10:50:47,4.563,0.389,0.73,0.35
10:50:48,4.563,0.388,0.73,0.36
10:50:49,4.563,0.3876,0.73,0.35
10:50:50,4.563,0.3876,0.73,0.36
10:50:51,4.563,0.3857,0.74,0.36
10:50:52,4.563,0.3794,0.73,0.36
10:50:53,4.563,0.3791,0.73,0.36
10:50:54,4.563,0.3788,0.72,0.34
10:50:55,4.562,0.3847,0.65,0.32
10:50:56,4.562,0.3843,0.73,0.36
10:50:57,4.562,0.3843,0.73,0.36
10:50:58,4.56,0.3829,0.72,0.36
10:50:59,4.56,0.3827,0.71,0.35
10:51:00,4.56,0.3827,0.73,0.36
10:51:01,4.561,0.3807,0.73,0.36
10:51:02,4.561,0.3807,0.74,0.36
10:51:03,4.561,0.3778,0.74,0.36
10:51:04,4.561,0.3728,0.74,0.36
10:51:05,4.56,0.3726,0.74,0.36
10:51:06,4.56,0.3725,0.73,0.35
10:51:07,4.56,0.3782,0.68,0.34
10:51:08,4.56,0.3768,0.73,0.36
10:51:09,4.56,0.3767,0.73,0.36
10:51:10,4.559,0.3765,0.73,0.36
10:51:11,4.558,0.3762,0.72,0.36
10:51:12,4.558,0.3762,0.63,0.31
10:51:13,4.559,0.3752,0.73,0.36
10:51:14,4.559,0.3752,0.73,0.36
10:51:15,4.559,0.3734,0.73,0.36
10:51:16,4.559,0.3699,0.73,0.36
10:51:17,4.559,0.3645,0.73,0.36
10:51:18,4.559,0.3719,0.72,0.35
10:51:19,4.559,0.3715,0.73,0.35
10:51:20,4.558,0.3713,0.73,0.35
10:51:21,4.557,0.3712,0.73,0.36
10:51:22,4.557,0.3707,0.73,0.36
10:51:23,4.557,0.3693,0.73,0.35
10:51:24,4.558,0.3683,0.69,0.33
10:51:25,4.558,0.3683,0.71,0.35
10:51:26,4.558,0.3653,0.73,0.36
10:51:27,4.558,0.3588,0.73,0.36
10:51:28,4.557,0.3589,0.69,0.34
10:51:29,4.557,0.3661,0.63,0.3
10:51:30,4.557,0.3658,0.73,0.36
10:51:31,4.556,0.3647,0.74,0.36
10:51:32,4.555,0.3648,0.74,0.36
10:51:33,4.554,0.3634,0.74,0.35
10:51:34,4.555,0.3635,0.74,0.36
10:51:35,4.557,0.3631,0.73,0.35
10:51:36,4.557,0.3631,0.74,0.36
10:51:37,4.556,0.3608,0.72,0.36
10:51:38,4.556,0.3555,0.74,0.36
10:51:39,4.556,0.3531,0.74,0.36
10:51:40,4.556,0.3534,0.73,0.35
10:51:41,4.556,0.3602,0.67,0.33
10:51:42,4.556,0.3599,0.73,0.36
10:51:43,4.556,0.3595,0.73,0.36
10:51:44,4.555,0.3584,0.73,0.36
10:51:45,4.555,0.3583,0.72,0.35
10:51:46,4.556,0.3581,0.6,0.29
10:51:47,4.556,0.3565,0.72,0.36
10:51:48,4.556,0.3565,0.73,0.36
10:51:49,4.556,0.3547,0.73,0.36
10:51:50,4.555,0.3478,0.69,0.36
10:51:51,4.555,0.3525,0.73,0.36
10:51:52,4.556,0.349,0.72,0.35
10:51:53,4.556,0.3557,0.69,0.34
10:51:54,4.556,0.3547,0.73,0.36
10:51:55,4.556,0.3545,0.73,0.36
10:51:56,4.557,0.3541,0.73,0.36
10:51:57,4.556,0.3538,0.72,0.35
10:51:58,4.556,0.3534,0.65,0.32
10:51:59,4.555,0.3521,0.72,0.36
10:52:00,4.555,0.3521,0.73,0.36
10:52:01,4.556,0.349,0.72,0.36
10:52:02,4.556,0.3428,0.73,0.36
10:52:03,4.556,0.3427,0.73,0.36
10:52:04,4.556,0.3427,0.72,0.36
10:52:05,4.559,0.3495,0.72,0.35
10:52:06,4.559,0.3493,0.74,0.36
10:52:07,4.557,0.3482,0.74,0.36
10:52:08,4.557,0.3478,0.74,0.36
10:52:09,4.556,0.3476,0.74,0.36
10:52:10,4.557,0.3466,0.7,0.33
10:52:11,4.557,0.3462,0.61,0.29
10:52:12,4.559,0.3462,0.74,0.36
10:52:13,4.56,0.3424,0.74,0.36
10:52:14,4.56,0.3359,0.72,0.36
10:52:15,4.56,0.3362,0.73,0.36
10:52:16,4.559,0.3403,0.72,0.35
10:52:17,4.559,0.3428,0.73,0.35
10:52:18,4.559,0.3429,0.73,0.35
10:52:19,4.558,0.3425,0.73,0.36
10:52:20,4.559,0.3424,0.73,0.36
10:52:21,4.559,0.342,0.72,0.36
10:52:22,4.559,0.3416,0.71,0.35
10:52:23,4.558,0.3416,0.71,0.36
10:52:24,4.558,0.3367,0.73,0.34
10:52:25,4.558,0.3318,0.73,0.35
10:52:26,4.558,0.3306,0.73,0.36
10:52:27,4.558,0.3316,0.68,0.33
10:52:28,4.558,0.3383,0.74,0.36
10:52:29,4.558,0.3379,0.74,0.36
10:52:30,4.559,0.3369,0.74,0.36
10:52:31,4.562,0.3359,0.74,0.36
10:52:32,4.563,0.3356,0.74,0.36
10:52:33,4.563,0.3353,0.74,0.36
10:52:34,4.564,0.3341,0.73,0.35
10:52:35,4.562,0.3337,0.71,0.34
10:52:36,4.561,0.3337,0.72,0.36
10:52:37,4.56,0.3298,0.74,0.36
10:52:38,4.562,0.3235,0.74,0.36
10:52:39,4.561,0.3231,0.72,0.34
10:52:40,4.562,0.331,0.66,0.31
10:52:41,4.562,0.3296,0.74,0.36
10:52:42,4.563,0.3298,0.74,0.36
10:52:43,4.565,0.3295,0.74,0.36
10:52:44,4.564,0.3284,0.74,0.35
10:52:45,4.566,0.3284,0.74,0.36
10:52:46,4.566,0.3281,0.74,0.35
10:52:47,4.567,0.3268,0.71,0.35
10:52:48,4.565,0.3268,0.71,0.35
10:52:49,4.565,0.3239,0.68,0.36
10:52:50,4.567,0.3174,0.73,0.35
10:52:51,4.568,0.3177,0.71,0.35
10:52:52,4.568,0.3251,0.68,0.33
10:52:53,4.568,0.325,0.73,0.36
10:52:54,4.568,0.3237,0.73,0.35
10:52:55,4.566,0.3235,0.72,0.36
10:52:56,4.566,0.3235,0.73,0.35
10:52:57,4.567,0.3234,0.62,0.31
10:52:58,4.568,0.3223,0.72,0.36
10:52:59,4.568,0.3223,0.73,0.36
10:53:00,4.567,0.3184,0.73,0.36
10:53:01,4.566,0.3164,0.7,0.36
10:53:02,4.566,0.3114,0.73,0.35
10:53:03,4.566,0.311,0.73,0.36
10:53:04,4.566,0.313,0.7,0.35
10:53:05,4.566,0.3186,0.65,0.32
10:53:06,4.566,0.3182,0.72,0.36
10:53:07,4.57,0.3181,0.73,0.36
10:53:08,4.579,0.3176,0.72,0.35
10:53:09,4.577,0.3172,0.73,0.35
10:53:10,4.579,0.3158,0.72,0.36
10:53:11,4.565,0.3156,0.72,0.35
10:53:12,4.564,0.3156,0.73,0.36
10:53:13,4.564,0.3122,0.72,0.36
10:53:14,4.564,0.3073,0.68,0.36
10:53:15,4.564,0.3053,0.72,0.36
10:53:16,4.564,0.3103,0.71,0.35
10:53:17,4.566,0.313,0.68,0.32
10:53:18,4.566,0.3127,0.73,0.36
10:53:19,4.569,0.3112,0.72,0.36
10:53:20,4.581,0.3111,0.72,0.36
10:53:21,4.571,0.3109,0.72,0.36
10:53:22,4.579,0.3099,0.73,0.34
10:53:23,4.581,0.3098,0.72,0.36
10:53:24,4.567,0.3087,0.73,0.35
10:53:25,4.568,0.3087,0.74,0.36
10:53:26,4.567,0.3061,0.74,0.36
10:53:27,4.567,0.2996,0.74,0.36
10:53:28,4.566,0.2995,0.74,0.36
10:53:29,4.568,0.3016,0.72,0.34
10:53:30,4.568,0.3057,0.65,0.32
10:53:31,4.568,0.3055,0.72,0.36
10:53:32,4.574,0.3052,0.72,0.36
10:53:33,4.582,0.3047,0.72,0.36
10:53:34,4.582,0.303,0.71,0.36
10:53:35,4.575,0.303,0.72,0.36
10:53:36,4.57,0.302,0.71,0.36
10:53:37,4.57,0.302,0.73,0.36
10:53:38,4.57,0.2994,0.73,0.36
10:53:39,4.57,0.2937,0.73,0.36
10:53:40,4.57,0.2953,0.72,0.36
10:53:41,4.571,0.2925,0.71,0.36
10:53:42,4.571,0.3,0.68,0.34
10:53:43,4.571,0.2996,0.73,0.37
10:53:44,4.575,0.2982,0.73,0.37
10:53:45,4.574,0.2972,0.73,0.36
10:53:46,4.58,0.2971,0.72,0.37
10:53:47,4.579,0.2968,0.69,0.36
10:53:48,4.578,0.2964,0.73,0.37
10:53:49,4.571,0.2943,0.72,0.36
10:53:50,4.57,0.2943,0.73,0.37
10:53:51,4.572,0.2911,0.73,0.36
10:53:52,4.571,0.285,0.73,0.37
10:53:53,4.571,0.2852,0.72,0.36
10:53:54,4.572,0.2925,0.7,0.35
10:53:55,4.572,0.2925,0.73,0.36
10:53:56,4.574,0.2913,0.73,0.37
10:53:57,4.577,0.2909,0.73,0.36
10:53:58,4.578,0.2907,0.73,0.37
10:53:59,4.577,0.2904,0.67,0.33
10:54:00,4.572,0.2887,0.73,0.36
10:54:01,4.572,0.2887,0.73,0.36
10:54:02,4.573,0.2858,0.73,0.37
10:54:03,4.573,0.2803,0.73,0.37
10:54:04,4.574,0.2803,0.73,0.37
10:54:05,4.574,0.28,0.72,0.36
10:54:06,4.575,0.286,0.71,0.35
10:54:07,4.575,0.2858,0.73,0.36
10:54:08,4.576,0.2846,0.73,0.36
10:54:09,4.577,0.2846,0.73,0.37
10:54:10,4.577,0.2844,0.72,0.36
10:54:11,4.575,0.2834,0.7,0.34
10:54:12,4.579,0.2834,0.71,0.36
10:54:13,4.58,0.2807,0.73,0.36
10:54:14,4.581,0.2749,0.73,0.37
10:54:15,4.582,0.2735,0.73,0.36
10:54:16,4.582,0.2732,0.73,0.37
10:54:17,4.582,0.273,0.72,0.36
10:54:18,4.582,0.2805,0.73,0.35
10:54:19,4.582,0.2803,0.74,0.36
10:54:20,4.58,0.2789,0.74,0.35
10:54:21,4.578,0.2788,0.74,0.36
10:54:22,4.579,0.2784,0.74,0.35
10:54:23,4.58,0.2765,0.71,0.36
10:54:24,4.58,0.2765,0.73,0.37
10:54:25,4.579,0.2743,0.7,0.36
10:54:26,4.579,0.2674,0.74,0.36
10:54:27,4.579,0.2684,0.74,0.36
10:54:28,4.579,0.2672,0.71,0.34
10:54:29,4.578,0.2747,0.63,0.3
10:54:30,4.578,0.2745,0.73,0.36
10:54:31,4.577,0.2743,0.74,0.36
10:54:32,4.575,0.2733,0.73,0.36
10:54:33,4.576,0.2732,0.74,0.35
10:54:34,4.573,0.2722,0.74,0.36
10:54:35,4.576,0.2718,0.73,0.35
10:54:36,4.576,0.2718,0.74,0.36
10:54:37,4.576,0.2678,0.74,0.36
10:54:38,4.575,0.2619,0.74,0.36
10:54:39,4.575,0.2618,0.74,0.36
10:54:40,4.574,0.2614,0.72,0.35
10:54:41,4.574,0.268,0.67,0.32
10:54:42,4.574,0.2677,0.73,0.37
10:54:43,4.573,0.2674,0.72,0.37
10:54:44,4.573,0.2664,0.72,0.36
10:54:45,4.574,0.2662,0.71,0.36
10:54:46,4.579,0.266,0.6,0.29
10:54:47,4.572,0.2655,0.72,0.36
10:54:48,4.572,0.2655,0.73,0.36
10:54:49,4.572,0.2621,0.73,0.37
10:54:50,4.572,0.257,0.73,0.37
10:54:51,4.571,0.2556,0.72,0.36
10:54:52,4.572,0.2629,0.72,0.36
10:54:53,4.572,0.2617,0.72,0.36
10:54:54,4.583,0.2616,0.73,0.37
10:54:55,4.598,0.2611,0.73,0.36
10:54:56,4.61,0.2601,0.73,0.37
10:54:57,4.61,0.2597,0.7,0.35
10:54:58,4.571,0.2594,0.65,0.32
10:54:59,4.571,0.2594,0.73,0.35
10:55:00,4.574,0.256,0.73,0.36
10:55:01,4.575,0.2505,0.73,0.37
10:55:02,4.574,0.2491,0.73,0.36
10:55:03,4.575,0.249,0.73,0.36
10:55:04,4.575,0.2491,0.72,0.36
10:55:05,4.577,0.2566,0.71,0.35
10:55:06,4.577,0.2554,0.73,0.37
10:55:07,4.577,0.2553,0.73,0.36
10:55:08,4.601,0.2549,0.73,0.37
10:55:09,4.577,0.2534,0.72,0.36
10:55:10,4.575,0.2531,0.68,0.34
10:55:11,4.576,0.2531,0.72,0.36
10:55:12,4.576,0.252,0.73,0.36
10:55:13,4.577,0.2449,0.73,0.37
10:55:14,4.578,0.2433,0.73,0.36
10:55:15,4.578,0.2461,0.65,0.32
10:55:16,4.577,0.2503,0.72,0.36
10:55:17,4.577,0.25,0.73,0.36
10:55:18,4.574,0.2495,0.74,0.36
10:55:19,4.578,0.2481,0.73,0.36
10:55:20,4.574,0.2481,0.73,0.37
10:55:21,4.582,0.2471,0.72,0.36
10:55:22,4.579,0.2468,0.71,0.35
10:55:23,4.578,0.2468,0.72,0.36
10:55:24,4.577,0.2439,0.7,0.34
10:55:25,4.578,0.2378,0.72,0.36
10:55:26,4.579,0.2375,0.73,0.36
10:55:27,4.579,0.2388,0.68,0.34
10:55:28,4.579,0.2447,0.74,0.36
10:55:29,4.579,0.2445,0.73,0.36
10:55:30,4.579,0.2429,0.73,0.36
10:55:31,4.58,0.2426,0.74,0.36
10:55:32,4.583,0.2424,0.64,0.3
10:55:33,4.583,0.241,0.74,0.36
10:55:34,4.582,0.241,0.74,0.36
10:55:35,4.58,0.2386,0.74,0.36
10:55:36,4.582,0.2331,0.71,0.35
10:55:37,4.58,0.233,0.74,0.36
10:55:38,4.582,0.2311,0.73,0.36
10:55:39,4.581,0.2386,0.72,0.34
10:55:40,4.581,0.2384,0.74,0.36
10:55:41,4.584,0.2381,0.73,0.36
10:55:42,4.587,0.2377,0.74,0.36
10:55:43,4.592,0.2364,0.73,0.36
10:55:44,4.588,0.2364,0.68,0.32
10:55:45,4.579,0.2353,0.73,0.36
10:55:46,4.58,0.2353,0.74,0.36
10:55:47,4.579,0.2327,0.73,0.36
10:55:48,4.58,0.2258,0.74,0.36
10:55:49,4.58,0.2256,0.69,0.35
10:55:50,4.579,0.2257,0.73,0.36
10:55:51,4.58,0.2323,0.73,0.35
10:55:52,4.58,0.2322,0.74,0.36
10:55:53,4.585,0.2311,0.74,0.37
10:55:54,4.595,0.2309,0.74,0.37
10:55:55,4.592,0.2306,0.74,0.36
10:55:56,4.587,0.2301,0.71,0.34
10:55:57,4.579,0.2287,0.62,0.3
10:55:58,4.578,0.2287,0.73,0.42
10:55:59,4.58,0.227,0.73,0.36
10:56:00,4.579,0.2197,0.73,0.38
10:56:01,4.579,0.2196,0.72,0.36
10:56:02,4.581,0.2192,0.73,0.38
10:56:03,4.582,0.226,0.72,0.36
10:56:04,4.582,0.2257,0.73,0.37
10:56:05,4.585,0.2254,0.73,0.46
10:56:06,4.591,0.2242,0.74,0.36
10:56:07,4.595,0.224,0.73,0.36
10:56:08,4.583,0.223,0.72,0.35
10:56:09,4.581,0.223,0.73,0.36
10:56:10,4.583,0.221,0.73,0.34
10:56:11,4.584,0.2139,0.74,0.36
10:56:12,4.584,0.2129,0.74,0.36
10:56:13,4.586,0.2143,0.7,0.33
10:56:14,4.584,0.2206,0.62,0.29
10:56:15,4.584,0.2203,0.73,0.36
10:56:16,4.588,0.2201,0.73,0.36
10:56:17,4.594,0.2191,0.73,0.36
10:56:18,4.595,0.2188,0.73,0.36
10:56:19,4.595,0.2177,0.73,0.36
10:56:20,4.587,0.2174,0.73,0.36
10:56:21,4.592,0.2174,0.73,0.36
10:56:22,4.589,0.2141,0.72,0.35
10:56:23,4.584,0.2094,0.73,0.36
10:56:24,4.588,0.2072,0.73,0.36
10:56:25,4.59,0.2069,0.73,0.36
10:56:26,4.588,0.2067,0.67,0.32
10:56:27,4.587,0.2133,0.73,0.36
10:56:28,4.587,0.2134,0.73,0.36
10:56:29,4.589,0.213,0.73,0.36
10:56:30,4.595,0.2126,0.73,0.36
10:56:31,4.593,0.2122,0.73,0.36
10:56:32,4.59,0.211,0.73,0.36
10:56:33,4.584,0.2107,0.71,0.35
10:56:34,4.587,0.2107,0.72,0.36
10:56:35,4.588,0.2068,0.72,0.35
10:56:36,4.587,0.2029,0.72,0.36
10:56:37,4.589,0.2005,0.72,0.36
10:56:38,4.589,0.2005,0.69,0.33
10:56:39,4.587,0.2082,0.62,0.3
10:56:40,4.587,0.2078,0.72,0.37
10:56:41,4.587,0.2068,0.72,0.37
10:56:42,4.589,0.2058,0.72,0.36
10:56:43,4.586,0.2055,0.73,0.36
10:56:44,4.588,0.2052,0.72,0.36
10:56:45,4.588,0.2037,0.72,0.37
10:56:46,4.589,0.2037,0.73,0.36
10:56:47,4.587,0.2013,0.71,0.35
10:56:48,4.592,0.1948,0.73,0.36
10:56:49,4.588,0.1945,0.73,0.36
10:56:50,4.59,0.1941,0.72,0.34
10:56:51,4.59,0.2009,0.67,0.32
10:56:52,4.59,0.201,0.73,0.36
10:56:53,4.587,0.2005,0.73,0.36
10:56:54,4.582,0.2002,0.73,0.36
10:56:55,4.581,0.1997,0.73,0.35
10:56:56,4.583,0.1994,0.6,0.28
10:56:57,4.588,0.1983,0.73,0.36
10:56:58,4.589,0.1983,0.73,0.36
10:56:59,4.59,0.195,0.73,0.36
10:57:00,4.589,0.1891,0.7,0.35
10:57:01,4.586,0.1916,0.73,0.36
10:57:02,4.586,0.1887,0.73,0.35
10:57:03,4.586,0.1956,0.69,0.34
10:57:04,4.586,0.1954,0.72,0.38
10:57:05,4.583,0.1942,0.72,0.37
10:57:06,4.576,0.1939,0.72,0.37
10:57:07,4.577,0.1935,0.72,0.37
10:57:08,4.584,0.1931,0.65,0.3
10:57:09,4.583,0.1927,0.72,0.37
10:57:10,4.583,0.1927,0.72,0.46
10:57:11,4.582,0.1887,0.72,0.37
10:57:12,4.581,0.1825,0.72,0.37
10:57:13,4.582,0.1826,0.72,0.37
10:57:14,4.582,0.1825,0.72,0.36
10:57:15,4.582,0.1812,0.72,0.37
10:57:16,4.581,0.181,0.66,0.32
10:57:17,4.582,0.1885,0.72,0.36
10:57:18,4.582,0.1882,0.72,0.37
10:57:19,4.58,0.1869,0.72,0.37
10:57:20,4.576,0.1868,0.72,0.36
10:57:21,4.577,0.1866,0.72,0.35
10:57:22,4.577,0.1864,0.72,0.37
10:57:23,4.583,0.1849,0.72,0.35
10:57:24,4.582,0.1849,0.73,0.36
10:57:25,4.58,0.1822,0.72,0.36
10:57:26,4.581,0.1804,0.73,0.36
10:57:27,4.581,0.1748,0.73,0.36
10:57:28,4.58,0.1752,0.7,0.33
10:57:29,4.579,0.1818,0.63,0.29
10:57:30,4.579,0.1818,0.73,0.36
10:57:31,4.581,0.1815,0.73,0.36
10:57:32,4.576,0.1813,0.72,0.36
10:57:33,4.594,0.181,0.72,0.35
10:57:34,4.569,0.1807,0.73,0.36
10:57:35,4.581,0.1796,0.72,0.36
10:57:36,4.578,0.1796,0.72,0.37
10:57:37,4.579,0.1768,0.72,0.36
10:57:38,4.58,0.1705,0.72,0.36
10:57:39,4.579,0.1701,0.72,0.37
10:57:40,4.58,0.1704,0.72,0.37
10:57:41,4.58,0.1706,0.66,0.32
10:57:42,4.582,0.176,0.72,0.36
10:57:43,4.582,0.1761,0.72,0.45
10:57:44,4.58,0.1756,0.72,0.36
10:57:45,4.579,0.1746,0.71,0.37
10:57:46,4.581,0.1745,0.72,0.35
10:57:47,4.578,0.1744,0.72,0.36
10:57:48,4.578,0.1739,0.71,0.35
10:57:49,4.579,0.1727,0.68,0.33
10:57:50,4.578,0.1727,0.73,0.47
10:57:51,4.579,0.1703,0.72,0.38
10:57:52,4.577,0.1628,0.72,0.37
10:57:53,4.577,0.1638,0.69,0.33
10:57:54,4.577,0.1707,0.63,0.29
10:57:55,4.577,0.1697,0.73,0.36
10:57:56,4.578,0.1698,0.73,0.36
10:57:57,4.573,0.1693,0.73,0.36
10:57:58,4.572,0.1683,0.71,0.36
10:57:59,4.571,0.1682,0.73,0.36
10:58:00,4.575,0.1671,0.72,0.36
10:58:01,4.575,0.1671,0.72,0.37
10:58:02,4.576,0.1646,0.72,0.36
10:58:03,4.578,0.1598,0.72,0.37
10:58:04,4.575,0.1579,0.72,0.36
10:58:05,4.574,0.1581,0.72,0.37
10:58:06,4.572,0.1569,0.66,0.32
10:58:07,4.571,0.1648,0.72,0.36
10:58:08,4.571,0.1644,0.72,0.37
10:58:09,4.571,0.164,0.72,0.37
10:58:10,4.562,0.1636,0.72,0.37
10:58:11,4.564,0.1624,0.68,0.35
10:58:12,4.566,0.1622,0.73,0.36
10:58:13,4.568,0.1619,0.73,0.36
10:58:14,4.558,0.1615,0.69,0.33
10:58:15,4.566,0.1604,0.73,0.36
10:58:16,4.564,0.1604,0.73,0.36
10:58:17,4.562,0.1575,0.73,0.36
10:58:18,4.562,0.1527,0.73,0.36
10:58:19,4.564,0.1549,0.63,0.29
10:58:20,4.563,0.1593,0.73,0.36
10:58:21,4.563,0.159,0.73,0.36
10:58:22,4.562,0.1585,0.73,0.36
10:58:23,4.56,0.1581,0.73,0.36
10:58:24,4.56,0.1579,0.73,0.36
10:58:25,4.562,0.1575,0.73,0.35
10:58:26,4.559,0.1561,0.71,0.34
10:58:27,4.559,0.1561,0.73,0.36
10:58:28,4.558,0.1537,0.73,0.36
10:58:29,4.558,0.1478,0.73,0.36
10:58:30,4.557,0.1476,0.73,0.36
10:58:31,4.557,0.1474,0.67,0.32
10:58:32,4.555,0.1545,0.73,0.36
10:58:33,4.555,0.1543,0.73,0.36
10:58:34,4.558,0.154,0.73,0.36
10:58:35,4.553,0.1529,0.73,0.36
10:58:36,4.553,0.1528,0.72,0.36
10:58:37,4.549,0.1518,0.73,0.36
10:58:38,4.55,0.1515,0.72,0.35
10:58:39,4.551,0.1515,0.73,0.36
10:58:40,4.551,0.1476,0.73,0.36
10:58:41,4.549,0.1425,0.73,0.36
10:58:42,4.549,0.1446,0.73,0.36
10:58:43,4.548,0.1425,0.7,0.34
10:58:44,4.546,0.1492,0.63,0.29
10:58:45,4.546,0.1491,0.73,0.36
10:58:46,4.548,0.1487,0.73,0.36
10:58:47,4.549,0.1482,0.73,0.36
10:58:48,4.564,0.1479,0.73,0.36
10:58:49,4.56,0.1475,0.72,0.36
10:58:50,4.544,0.1472,0.73,0.35
10:58:51,4.544,0.1472,0.73,0.36
10:58:52,4.544,0.1439,0.73,0.36
10:58:53,4.543,0.1435,0.72,0.37
10:58:54,4.54,0.1373,0.73,0.36
10:58:55,4.54,0.137,0.72,0.35
10:58:56,4.538,0.145,0.68,0.33
10:58:57,4.538,0.1449,0.7,0.36
10:58:58,4.545,0.1439,0.72,0.36
10:58:59,4.552,0.1438,0.72,0.36
10:59:00,4.575,0.1435,0.72,0.37
10:59:01,4.565,0.1425,0.62,0.3
10:59:02,4.534,0.1423,0.72,0.37
10:59:03,4.533,0.1423,0.72,0.37
10:59:04,4.535,0.1387,0.72,0.36
10:59:05,4.533,0.1326,0.72,0.36
10:59:06,4.534,0.1381,0.72,0.37
10:59:07,4.53,0.1334,0.72,0.36
10:59:08,4.529,0.1395,0.7,0.35
10:59:09,4.529,0.1394,0.71,0.37
10:59:10,4.534,0.1392,0.72,0.36
10:59:11,4.551,0.1389,0.72,0.36
10:59:12,4.533,0.1379,0.72,0.36
10:59:13,4.542,0.1378,0.66,0.32
10:59:14,4.528,0.1374,0.73,0.36
10:59:15,4.532,0.1374,0.73,0.36
10:59:16,4.527,0.1346,0.73,0.36
10:59:17,4.528,0.1283,0.73,0.36
10:59:18,4.529,0.1273,0.73,0.34
10:59:19,4.528,0.1272,0.74,0.36
10:59:20,4.529,0.1283,0.72,0.35
10:59:21,4.525,0.1354,0.69,0.33
10:59:22,4.525,0.1351,0.7,0.35
10:59:23,4.524,0.1347,0.73,0.36
10:59:24,4.53,0.1336,0.74,0.36
10:59:25,4.52,0.1333,0.7,0.34
10:59:26,4.524,0.1329,0.63,0.3
10:59:27,4.522,0.1329,0.74,0.36
10:59:28,4.522,0.1294,0.73,0.36
10:59:29,4.522,0.1277,0.73,0.36
10:59:30,4.521,0.1241,0.74,0.35
10:59:31,4.519,0.1239,0.73,0.36
10:59:32,4.52,0.1312,0.72,0.36
10:59:33,4.52,0.1309,0.72,0.37
10:59:34,4.511,0.1306,0.72,0.36
10:59:35,4.505,0.1304,0.72,0.36
10:59:36,4.516,0.1302,0.72,0.36
10:59:37,4.502,0.1299,0.72,0.36
10:59:38,4.497,0.1296,0.67,0.33
10:59:39,4.512,0.1292,0.72,0.37
10:59:40,4.514,0.1292,0.73,0.36
10:59:41,4.513,0.1259,0.73,0.36
10:59:42,4.512,0.1206,0.71,0.36
10:59:43,4.511,0.1194,0.74,0.34
10:59:44,4.51,0.1208,0.73,0.36
10:59:45,4.506,0.1271,0.71,0.35
10:59:46,4.506,0.1269,0.72,0.36
10:59:47,4.495,0.1267,0.74,0.36
10:59:48,4.499,0.1264,0.72,0.36
10:59:49,4.488,0.126,0.72,0.36
10:59:50,4.492,0.1255,0.69,0.34
10:59:51,4.5,0.1251,0.62,0.3
10:59:52,4.495,0.1251,0.72,0.36
10:59:53,4.496,0.1221,0.72,0.36
10:59:54,4.495,0.1156,0.72,0.36
10:59:55,4.492,0.1154,0.7,0.35
10:59:56,4.491,0.1152,0.72,0.36
10:59:57,4.49,0.1152,0.72,0.37
10:59:58,4.492,0.1227,0.7,0.35
10:59:59,4.492,0.1229,0.72,0.36
11:00:00,4.484,0.1219,0.72,0.36
11:00:01,4.484,0.122,0.72,0.36
11:00:02,4.489,0.1218,0.72,0.36
11:00:03,4.487,0.1216,0.66,0.33
11:00:04,4.484,0.1212,0.74,0.36
11:00:05,4.485,0.1212,0.73,0.36
11:00:06,4.483,0.1174,0.74,0.36
11:00:07,4.48,0.1115,0.74,0.36
11:00:08,4.478,0.1127,0.69,0.35
11:00:09,4.478,0.1123,0.73,0.36
11:00:10,4.474,0.1196,0.72,0.35
11:00:11,4.474,0.1196,0.74,0.36
11:00:12,4.478,0.1195,0.74,0.36
11:00:13,4.494,0.1193,0.74,0.36
11:00:14,4.501,0.1182,0.73,0.36
11:00:15,4.497,0.118,0.7,0.34
11:00:16,4.464,0.117,0.63,0.31
11:00:17,4.462,0.117,0.74,0.36
11:00:18,4.463,0.115,0.73,0.36
11:00:19,4.46,0.1097,0.74,0.36
11:00:20,4.458,0.1087,0.73,0.36
11:00:21,4.458,0.1088,0.73,0.36
11:00:22,4.464,0.1164,0.73,0.35
11:00:23,4.464,0.1161,0.74,0.36
11:00:24,4.464,0.1158,0.73,0.36
11:00:25,4.474,0.1158,0.74,0.36
11:00:26,4.477,0.1154,0.73,0.36
11:00:27,4.477,0.1154,0.72,0.35
11:00:28,4.456,0.1144,0.67,0.33
11:00:29,4.455,0.1144,0.74,0.35
11:00:30,4.456,0.1127,0.72,0.36
11:00:31,4.457,0.1056,0.73,0.36
11:00:32,4.455,0.1055,0.74,0.36
11:00:33,4.455,0.1083,0.63,0.31
11:00:34,4.456,0.1131,0.72,0.36
11:00:35,4.456,0.113,0.72,0.36
11:00:36,4.461,0.1129,0.72,0.35
11:00:37,4.479,0.1128,0.72,0.36
11:00:38,4.479,0.1126,0.72,0.36
11:00:39,4.476,0.1123,0.72,0.36
11:00:40,4.455,0.1113,0.69,0.34
11:00:41,4.454,0.1113,0.71,0.36
11:00:42,4.454,0.111,0.72,0.36
11:00:43,4.454,0.1052,0.72,0.36
11:00:44,4.454,0.1024,0.72,0.36
11:00:45,4.454,0.1042,0.72,0.36
11:00:46,4.454,0.1022,0.72,0.36
11:00:47,4.454,0.1103,0.72,0.36
11:00:48,4.454,0.1101,0.72,0.36
11:00:49,4.462,0.11,0.72,0.35
11:00:50,4.48,0.1098,0.72,0.36
11:00:51,4.454,0.1094,0.72,0.36
11:00:52,4.453,0.1094,0.72,0.36
11:00:53,4.453,0.1063,0.71,0.36
11:00:54,4.452,0.1002,0.7,0.35
11:00:55,4.452,0.1001,0.72,0.36
11:00:56,4.452,0.1014,0.71,0.35
11:00:57,4.452,0.1081,0.69,0.34
11:00:58,4.452,0.1079,0.72,0.36
11:00:59,4.458,0.1078,0.72,0.36
11:01:00,4.479,0.1075,0.72,0.36
11:01:01,4.478,0.1074,0.72,0.35
11:01:02,4.475,0.1073,0.65,0.32
11:01:03,4.451,0.1071,0.72,0.36
11:01:04,4.45,0.1071,0.72,0.36
11:01:05,4.451,0.1038,0.72,0.36
11:01:06,4.452,0.0985,0.7,0.35
11:01:07,4.45,0.0985,0.72,0.36
11:01:08,4.452,0.1058,0.73,0.36
11:01:09,4.452,0.1059,0.74,0.36
11:01:10,4.461,0.1056,0.73,0.36
11:01:11,4.473,0.1053,0.72,0.36
11:01:12,4.48,0.105,0.72,0.36
11:01:13,4.48,0.1051,0.72,0.36
11:01:14,4.477,0.1051,0.68,0.34
11:01:15,4.451,0.1047,0.72,0.36
11:01:16,4.45,0.1047,0.73,0.36
11:01:17,4.45,0.1018,0.72,0.36
11:01:18,4.45,0.0965,0.72,0.36
11:01:19,4.45,0.0963,0.63,0.32
11:01:20,4.451,0.1036,0.73,0.36
11:01:21,4.451,0.1035,0.74,0.36
11:01:22,4.46,0.1032,0.74,0.36
11:01:23,4.476,0.1031,0.74,0.36
11:01:24,4.48,0.103,0.73,0.36
11:01:25,4.478,0.1029,0.73,0.36
11:01:26,4.45,0.1027,0.7,0.35
11:01:27,4.45,0.1027,0.72,0.35
11:01:28,4.449,0.0998,0.72,0.34
11:01:29,4.449,0.0973,0.72,0.36
11:01:30,4.449,0.0941,0.72,0.36
11:01:31,4.449,0.0943,0.68,0.33
11:01:32,4.45,0.1018,0.72,0.36
11:01:33,4.45,0.1018,0.72,0.36
11:01:34,4.458,0.1017,0.72,0.36
11:01:35,4.482,0.1016,0.72,0.36
11:01:36,4.48,0.1013,0.72,0.36
11:01:37,4.475,0.1009,0.72,0.36
11:01:38,4.45,0.1008,0.71,0.35
11:01:39,4.45,0.1008,0.72,0.36
11:01:40,4.449,0.0983,0.72,0.35
11:01:41,4.448,0.0921,0.72,0.36
11:01:42,4.449,0.092,0.72,0.36
11:01:43,4.449,0.0935,0.7,0.35
11:01:44,4.451,0.1,0.64,0.32
11:01:45,4.451,0.0997,0.72,0.36
11:01:46,4.457,0.0996,0.72,0.36
11:01:47,4.469,0.0995,0.72,0.35
11:01:48,4.475,0.0993,0.72,0.36
11:01:49,4.479,0.0991,0.72,0.36
11:01:50,4.448,0.0989,0.73,0.36
11:01:51,4.449,0.0989,0.73,0.36
11:01:52,4.448,0.0967,0.72,0.36
11:01:53,4.449,0.0929,0.73,0.34
11:01:54,4.449,0.0925,0.73,0.36
11:01:55,4.45,0.0988,0.72,0.35
11:01:56,4.45,0.0989,0.73,0.36
11:01:57,4.458,0.0988,0.73,0.36
11:01:58,4.479,0.0987,0.74,0.36
11:01:59,4.483,0.0986,0.73,0.36
11:02:00,4.475,0.0984,0.7,0.34
11:02:01,4.449,0.0981,0.62,0.31
11:02:02,4.448,0.0981,0.72,0.36
11:02:03,4.448,0.0945,0.72,0.36
11:02:04,4.448,0.0896,0.72,0.36
11:02:05,4.448,0.0899,0.69,0.36
11:02:06,4.448,0.0903,0.72,0.36
11:02:07,4.449,0.0975,0.73,0.36
11:02:08,4.449,0.0974,0.73,0.36
11:02:09,4.456,0.0972,0.73,0.36
11:02:10,4.476,0.0972,0.74,0.36
11:02:11,4.479,0.0971,0.73,0.36
11:02:12,4.448,0.0968,0.72,0.35
11:02:13,4.448,0.0968,0.74,0.36
11:02:14,4.448,0.0935,0.73,0.36
11:02:15,4.448,0.0902,0.74,0.36
11:02:16,4.448,0.0899,0.73,0.36
11:02:17,4.447,0.0888,0.69,0.34
11:02:18,4.449,0.0965,0.6,0.3
11:02:19,4.449,0.0964,0.73,0.36
11:02:20,4.457,0.0964,0.73,0.36
11:02:21,4.479,0.0963,0.74,0.36
11:02:22,4.478,0.096,0.73,0.36
11:02:23,4.461,0.0959,0.73,0.36
11:02:24,4.448,0.0956,0.71,0.35
11:02:25,4.447,0.0956,0.72,0.35
11:02:26,4.448,0.0925,0.72,0.35
11:02:27,4.448,0.087,0.72,0.36
11:02:28,4.447,0.0867,0.72,0.36
11:02:29,4.448,0.0904,0.71,0.35
11:02:30,4.449,0.0953,0.65,0.33
11:02:31,4.449,0.0951,0.71,0.35
11:02:32,4.456,0.0951,0.73,0.36
11:02:33,4.477,0.0951,0.73,0.36
11:02:34,4.481,0.0952,0.73,0.36
11:02:35,4.48,0.0951,0.73,0.36
11:02:36,4.474,0.0951,0.72,0.36
11:02:37,4.448,0.0949,0.71,0.35
11:02:38,4.448,0.0949,0.72,0.35
11:02:39,4.448,0.0917,0.72,0.35
11:02:40,4.447,0.0864,0.73,0.36
11:02:41,4.448,0.0864,0.73,0.35
11:02:42,4.448,0.0943,0.69,0.34
11:02:43,4.448,0.0944,0.7,0.36
11:02:44,4.454,0.0943,0.73,0.36
11:02:45,4.48,0.0943,0.73,0.36
11:02:46,4.483,0.0942,0.73,0.36
11:02:47,4.464,0.0941,0.64,0.32
11:02:48,4.447,0.094,0.72,0.36
11:02:49,4.447,0.094,0.73,0.36
11:02:50,4.447,0.0911,0.72,0.37
11:02:51,4.447,0.086,0.72,0.35
11:02:52,4.447,0.0857,0.73,0.36
11:02:53,4.447,0.0855,0.72,0.36
11:02:54,4.448,0.0937,0.71,0.35
11:02:55,4.448,0.0936,0.73,0.36
11:02:56,4.455,0.0935,0.67,0.36
11:02:57,4.477,0.0935,0.73,0.36
11:02:58,4.483,0.0935,0.72,0.35
11:02:59,4.478,0.0935,0.73,0.36
11:03:00,4.475,0.0934,0.73,0.36
11:03:01,4.447,0.0931,0.72,0.36
11:03:02,4.447,0.0931,0.72,0.36
11:03:03,4.447,0.0902,0.72,0.36
11:03:04,4.447,0.085,0.72,0.34
11:03:05,4.448,0.0894,0.73,0.36
11:03:06,4.447,0.0848,0.72,0.36
11:03:07,4.448,0.0929,0.7,0.34
11:03:08,4.448,0.093,0.74,0.36
11:03:09,4.448,0.093,0.73,0.36
11:03:10,4.472,0.0929,0.73,0.36
11:03:11,4.475,0.0929,0.73,0.36
11:03:12,4.475,0.0927,0.65,0.32
11:03:13,4.448,0.0925,0.73,0.36
11:03:14,4.447,0.0925,0.73,0.36
11:03:15,4.447,0.0902,0.73,0.36
11:03:16,4.446,0.0848,0.72,0.36
11:03:17,4.447,0.0847,0.73,0.36
11:03:18,4.447,0.0851,0.73,0.36
11:03:19,4.448,0.0927,0.71,0.35
11:03:20,4.448,0.0925,0.73,0.36
11:03:21,4.457,0.0924,0.73,0.36
11:03:22,4.482,0.0924,0.73,0.36
11:03:23,4.485,0.0923,0.72,0.36
11:03:24,4.472,0.0923,0.68,0.33
11:03:25,4.447,0.0921,0.73,0.36
11:03:26,4.447,0.0921,0.73,0.36
11:03:27,4.446,0.0898,0.73,0.36
11:03:28,4.447,0.0842,0.71,0.36
11:03:29,4.446,0.0844,0.68,0.37
11:03:30,4.447,0.086,0.73,0.36
11:03:31,4.447,0.0848,0.72,0.36
11:03:32,4.448,0.0921,0.69,0.34
11:03:33,4.448,0.0922,0.73,0.36
11:03:34,4.453,0.0922,0.73,0.36
11:03:35,4.479,0.0922,0.72,0.36
11:03:36,4.446,0.0921,0.7,0.34
11:03:37,4.446,0.0921,0.72,0.35
11:03:38,4.447,0.0892,0.73,0.36
11:03:39,4.447,0.0842,0.73,0.36
11:03:40,4.447,0.0839,0.73,0.36
11:03:41,4.447,0.0841,0.67,0.33
11:03:42,4.448,0.0921,0.73,0.36
11:03:43,4.448,0.0922,0.73,0.36
11:03:44,4.456,0.0919,0.73,0.36
11:03:45,4.478,0.092,0.73,0.36
11:03:46,4.477,0.092,0.73,0.36
11:03:47,4.477,0.0921,0.73,0.36
11:03:48,4.447,0.092,0.71,0.35
11:03:49,4.447,0.092,0.72,0.35
11:03:50,4.447,0.0898,0.72,0.35
11:03:51,4.447,0.0842,0.73,0.36
11:03:52,4.446,0.0838,0.73,0.36
11:03:53,4.447,0.084,0.73,0.36
11:03:54,4.446,0.0842,0.68,0.36
11:03:55,4.448,0.0831,0.72,0.36
11:03:56,4.448,0.0921,0.72,0.35
11:03:57,4.448,0.092,0.73,0.36
11:03:58,4.457,0.0918,0.73,0.36
11:03:59,4.455,0.0918,0.73,0.36
11:04:00,4.447,0.0917,0.72,0.36
11:04:01,4.446,0.0917,0.72,0.36
11:04:02,4.447,0.0913,0.72,0.35
11:04:03,4.446,0.0838,0.73,0.36
11:04:04,4.447,0.0841,0.72,0.36
11:04:05,4.447,0.0919,0.72,0.35
11:04:06,4.447,0.0919,0.73,0.36
11:04:07,4.455,0.0919,0.69,0.35
11:04:08,4.48,0.0919,0.73,0.36
11:04:09,4.478,0.0919,0.73,0.36
11:04:10,4.477,0.0919,0.7,0.34
11:04:11,4.445,0.0917,0.62,0.31
11:04:12,4.447,0.0917,0.73,0.36
11:04:13,4.446,0.0892,0.72,0.36
11:04:14,4.446,0.085,0.72,0.37
11:04:15,4.447,0.0833,0.72,0.35
11:04:16,4.446,0.0832,0.73,0.36
11:04:17,4.446,0.0882,0.73,0.36
11:04:18,4.448,0.0917,0.71,0.34
11:04:19,4.448,0.0917,0.73,0.36
11:04:20,4.456,0.0918,0.73,0.36
11:04:21,4.475,0.0918,0.73,0.36
11:04:22,4.479,0.0918,0.73,0.36
11:04:23,4.482,0.0918,0.74,0.36
11:04:24,4.475,0.0918,0.73,0.36
11:04:25,4.473,0.0916,0.73,0.36
11:04:26,4.447,0.0914,0.71,0.35
11:04:27,4.447,0.0914,0.72,0.36
11:04:28,4.446,0.089,0.73,0.34
11:04:29,4.445,0.0836,0.73,0.36
11:04:30,4.448,0.0917,0.71,0.35
11:04:31,4.448,0.0917,0.73,0.36
11:04:32,4.457,0.0917,0.73,0.36
11:04:33,4.474,0.0917,0.73,0.36
11:04:34,4.475,0.0918,0.73,0.36
11:04:35,4.477,0.0917,0.69,0.35
11:04:36,4.446,0.0915,0.62,0.31
11:04:37,4.447,0.0915,0.73,0.36
11:04:38,4.446,0.0892,0.73,0.36
11:04:39,4.446,0.0831,0.72,0.36
11:04:40,4.446,0.0829,0.69,0.36
11:04:41,4.447,0.083,0.72,0.36
11:04:42,4.448,0.0919,0.72,0.36
11:04:43,4.448,0.0916,0.73,0.36
11:04:44,4.454,0.0917,0.73,0.36
11:04:45,4.477,0.0916,0.73,0.36
11:04:46,4.471,0.0916,0.72,0.36
11:04:47,4.483,0.0916,0.71,0.35
11:04:48,4.447,0.0916,0.66,0.33
11:04:49,4.447,0.0916,0.73,0.36
11:04:50,4.447,0.089,0.73,0.36
11:04:51,4.447,0.0844,0.73,0.36
11:04:52,4.447,0.0842,0.71,0.36
11:04:53,4.446,0.0888,0.59,0.31
11:04:54,4.448,0.0917,0.72,0.36
11:04:55,4.448,0.0917,0.73,0.36
11:04:56,4.455,0.0918,0.73,0.36
11:04:57,4.476,0.0917,0.73,0.36
11:04:58,4.469,0.0917,0.72,0.36
11:04:59,4.461,0.0918,0.72,0.35
11:05:00,4.446,0.0915,0.7,0.34
11:05:01,4.447,0.0915,0.72,0.35
11:05:02,4.446,0.0892,0.72,0.36
11:05:03,4.446,0.0838,0.72,0.36
11:05:04,4.447,0.0839,0.72,0.36
11:05:05,4.446,0.0841,0.64,0.32
11:05:06,4.448,0.0917,0.72,0.36
11:05:07,4.448,0.0918,0.72,0.36
11:05:08,4.455,0.0918,0.72,0.36
11:05:09,4.475,0.0918,0.72,0.36
11:05:10,4.479,0.0918,0.72,0.36
11:05:11,4.483,0.0918,0.72,0.36
11:05:12,4.472,0.0918,0.7,0.35
11:05:13,4.447,0.0917,0.66,0.32
11:05:14,4.447,0.0917,0.72,0.36
11:05:15,4.447,0.089,0.72,0.36
11:05:16,4.446,0.0836,0.72,0.36
11:05:17,4.447,0.0856,0.68,0.34
11:05:18,4.448,0.0919,0.59,0.3
11:05:19,4.448,0.0918,0.72,0.36
11:05:20,4.456,0.0918,0.72,0.36
11:05:21,4.48,0.0918,0.72,0.36
11:05:22,4.486,0.0918,0.72,0.36
11:05:23,4.458,0.0918,0.72,0.36
11:05:24,4.476,0.0918,0.71,0.35
11:05:25,4.447,0.0917,0.68,0.34
11:05:26,4.447,0.0917,0.72,0.35
11:05:27,4.447,0.0892,0.72,0.36
11:05:28,4.447,0.0833,0.72,0.36
11:05:29,4.446,0.0834,0.72,0.36
11:05:30,4.447,0.0837,0.66,0.33
11:05:31,4.448,0.0919,0.73,0.36
11:05:32,4.448,0.0919,0.73,0.36
11:05:33,4.456,0.0919,0.73,0.36
11:05:34,4.482,0.092,0.73,0.36
11:05:35,4.478,0.092,0.73,0.36
11:05:36,4.479,0.0919,0.72,0.36
11:05:37,4.447,0.0918,0.7,0.35
11:05:38,4.447,0.0918,0.71,0.36
11:05:39,4.447,0.0892,0.72,0.35
11:05:40,4.446,0.084,0.72,0.36
11:05:41,4.447,0.0842,0.72,0.36
11:05:42,4.447,0.0843,0.72,0.36
11:05:43,4.446,0.0843,0.61,0.3
11:05:44,4.448,0.0919,0.73,0.36
11:05:45,4.448,0.0919,0.73,0.36
11:05:46,4.458,0.092,0.73,0.36
11:05:47,4.478,0.092,0.73,0.36
11:05:48,4.456,0.0919,0.73,0.36
11:05:49,4.477,0.092,0.72,0.36
11:05:50,4.447,0.0918,0.7,0.34
11:05:51,4.446,0.0918,0.71,0.36
11:05:52,4.447,0.0892,0.73,0.36
11:05:53,4.446,0.084,0.73,0.36
11:05:54,4.447,0.0856,0.73,0.36
11:05:55,4.446,0.0855,0.67,0.33
11:05:56,4.448,0.0921,0.73,0.36
11:05:57,4.448,0.092,0.73,0.36
11:05:58,4.456,0.0919,0.73,0.36
11:05:59,4.477,0.0919,0.73,0.36
11:06:00,4.48,0.0918,0.73,0.36
11:06:01,4.447,0.0916,0.71,0.35
11:06:02,4.447,0.0916,0.72,0.36
11:06:03,4.446,0.0898,0.71,0.36
11:06:04,4.446,0.0856,0.7,0.35
11:06:05,4.445,0.0838,0.72,0.36
11:06:06,4.447,0.0836,0.72,0.36
11:06:07,4.448,0.085,0.68,0.34
11:06:08,4.448,0.0921,0.61,0.3
11:06:09,4.448,0.0921,0.72,0.36
11:06:10,4.462,0.092,0.72,0.36
11:06:11,4.476,0.0917,0.72,0.35
11:06:12,4.469,0.0919,0.64,0.31
11:06:13,4.447,0.0919,0.73,0.36
11:06:14,4.446,0.0919,0.73,0.36
11:06:15,4.446,0.0894,0.73,0.36
11:06:16,4.447,0.0876,0.71,0.36
11:06:17,4.447,0.0836,0.73,0.36
11:06:18,4.446,0.0858,0.73,0.36
11:06:19,4.448,0.0921,0.7,0.35
11:06:20,4.448,0.0921,0.72,0.36
11:06:21,4.455,0.092,0.72,0.36
11:06:22,4.474,0.0918,0.72,0.36
11:06:23,4.477,0.0919,0.72,0.36
11:06:24,4.481,0.092,0.67,0.33
11:06:25,4.447,0.0918,0.72,0.36
11:06:26,4.447,0.0918,0.72,0.36
11:06:27,4.447,0.0898,0.72,0.36
11:06:28,4.447,0.0842,0.72,0.36
11:06:29,4.447,0.0841,0.68,0.35
11:06:30,4.447,0.0845,0.72,0.36
11:06:31,4.447,0.0923,0.71,0.35
11:06:32,4.447,0.0923,0.72,0.36
11:06:33,4.458,0.0923,0.72,0.36
11:06:34,4.482,0.0923,0.72,0.36
11:06:35,4.457,0.0923,0.72,0.36
11:06:36,4.473,0.0923,0.69,0.35
11:06:37,4.447,0.0922,0.65,0.32
11:06:38,4.447,0.0922,0.73,0.36
11:06:39,4.447,0.0898,0.73,0.36
11:06:40,4.447,0.0886,0.73,0.36
11:06:41,4.447,0.0874,0.73,0.36
11:06:42,4.447,0.0838,0.73,0.36
11:06:43,4.447,0.0838,0.73,0.36
11:06:44,4.448,0.0925,0.71,0.35
11:06:45,4.448,0.0925,0.73,0.36
11:06:46,4.455,0.0925,0.73,0.36
11:06:47,4.478,0.0925,0.73,0.36
11:06:48,4.48,0.0925,0.73,0.36
11:06:49,4.477,0.0926,0.69,0.34
11:06:50,4.449,0.0924,0.59,0.29
11:06:51,4.447,0.0924,0.72,0.36
11:06:52,4.448,0.09,0.72,0.36
11:06:53,4.446,0.0854,0.72,0.36
11:06:54,4.447,0.0851,0.71,0.36
11:06:55,4.447,0.0846,0.72,0.36
11:06:56,4.446,0.0849,0.71,0.35
11:06:57,4.448,0.0925,0.68,0.34
11:06:58,4.448,0.0926,0.72,0.36
11:06:59,4.454,0.0926,0.72,0.36
11:07:00,4.477,0.0926,0.72,0.36
11:07:01,4.448,0.0927,0.71,0.36
11:07:02,4.463,0.0929,0.7,0.35
11:07:03,4.469,0.093,0.7,0.35
11:07:04,4.469,0,0.01,0
11:07:05,4.468,0.0925,0.72,0.36
11:07:06,4.465,0.0926,0.72,0.36
11:07:07,4.447,0.0927,0.72,0.36
11:07:08,4.476,0.0928,0.72,0.36
11:07:09,4.481,0.0928,0.72,0.35
11:07:10,4.473,0.0929,0.61,0.3
