unixtime,date,ws,wd,co2,temp
1626113040,07/12/2021 18:04,0.0,94,818,41
1626113043,07/12/2021 18:04,0.0,94,801,41
1626113046,07/12/2021 18:04,0.0,93,731,42
1626113049,07/12/2021 18:04,0.0,91,706,42
1626113052,07/12/2021 18:04,0.0,91,668,42
1626113055,07/12/2021 18:04,0.0,96,654,42
1626113058,07/12/2021 18:04,0.0,93,619,42
1626113061,07/12/2021 18:04,0.0,96,557,42
1626113064,07/12/2021 18:04,0.0,95,554,42
1626113067,07/12/2021 18:04,0.0,95,546,42
1626113070,07/12/2021 18:04,0.0,95,492,42
1626113073,07/12/2021 18:04,0.0,96,462,42
1626113076,07/12/2021 18:04,0.0,96,450,42
1626113079,07/12/2021 18:04,0.0,96,462,42
1626113082,07/12/2021 18:04,0.0,96,507,42
1626113085,07/12/2021 18:04,0.0,96,699,41
1626113088,07/12/2021 18:04,0.0,96,421,41
1626113091,07/12/2021 18:04,0.0,94,381,41
1626113094,07/12/2021 18:04,0.0,95,403,41
1626113097,07/12/2021 18:04,0.0,95,373,41
1626113100,07/12/2021 18:05,0.0,95,326,41
1626113103,07/12/2021 18:05,0.0,95,308,41
1626113106,07/12/2021 18:05,0.0,95,361,41
1626113109,07/12/2021 18:05,0.0,95,349,41
1626113112,07/12/2021 18:05,0.0,96,324,41
1626113115,07/12/2021 18:05,0.0,96,439,41
1626113118,07/12/2021 18:05,0.0,96,481,41
1626113121,07/12/2021 18:05,0.0,96,513,41
1626113124,07/12/2021 18:05,0.0,96,375,41
1626113127,07/12/2021 18:05,0.0,96,271,41
1626113130,07/12/2021 18:05,0.0,96,342,41
1626113133,07/12/2021 18:05,0.0,96,409,41
1626113136,07/12/2021 18:05,0.0,96,430,41
1626113139,07/12/2021 18:05,0.0,96,522,41
1626113142,07/12/2021 18:05,0.0,96,670,41
1626113145,07/12/2021 18:05,0.0,96,580,41
1626113148,07/12/2021 18:05,0.0,96,518,41
1626113151,07/12/2021 18:05,0.0,96,461,41
1626113154,07/12/2021 18:05,0.0,96,505,41
1626113157,07/12/2021 18:05,0.0,96,452,41
1626113160,07/12/2021 18:06,0.0,96,403,41
1626113163,07/12/2021 18:06,0.0,96,467,41
1626113166,07/12/2021 18:06,0.0,96,466,41
1626113169,07/12/2021 18:06,0.0,96,407,41
1626113172,07/12/2021 18:06,0.0,96,342,41
1626113175,07/12/2021 18:06,0.0,96,264,41
1626113178,07/12/2021 18:06,0.0,96,289,41
1626113181,07/12/2021 18:06,0.0,96,359,41
1626113184,07/12/2021 18:06,0.0,96,392,41
1626113187,07/12/2021 18:06,0.0,96,511,41
1626113190,07/12/2021 18:06,0.0,96,575,42
1626113193,07/12/2021 18:06,0.0,96,558,42
1626113196,07/12/2021 18:06,0.0,96,562,42
1626113199,07/12/2021 18:06,0.0,96,551,42
1626113202,07/12/2021 18:06,0.0,96,547,42
1626113205,07/12/2021 18:06,0.0,96,520,42
1626113208,07/12/2021 18:06,0.0,96,534,42
1626113211,07/12/2021 18:06,0.0,96,579,42
1626113214,07/12/2021 18:06,0.67,96,666,42
1626113217,07/12/2021 18:06,0.67,96,664,42
1626113220,07/12/2021 18:07,0.67,96,504,42
1626113223,07/12/2021 18:07,0.67,96,496,42
1626113226,07/12/2021 18:07,0.67,96,506,42
1626113229,07/12/2021 18:07,0.67,96,522,42
1626113232,07/12/2021 18:07,0.67,96,544,41
1626113235,07/12/2021 18:07,0.67,96,566,41
1626113238,07/12/2021 18:07,0.67,96,554,41
1626113241,07/12/2021 18:07,0.67,96,543,41
1626113244,07/12/2021 18:07,0.67,96,533,41
1626113247,07/12/2021 18:07,0.34,96,543,41
1626113250,07/12/2021 18:07,0.0,96,553,41
1626113253,07/12/2021 18:07,0.0,96,555,41
1626113256,07/12/2021 18:07,0.0,96,524,41
1626113259,07/12/2021 18:07,0.0,96,521,41
1626113262,07/12/2021 18:07,0.0,96,521,41
1626113265,07/12/2021 18:07,0.0,96,528,41
1626113268,07/12/2021 18:07,0.0,96,529,41
1626113271,07/12/2021 18:07,0.0,96,559,41
1626113274,07/12/2021 18:07,0.0,96,544,41
1626113277,07/12/2021 18:07,0.0,96,463,41
1626113280,07/12/2021 18:08,0.0,96,409,41
1626113283,07/12/2021 18:08,0.0,96,441,41
1626113286,07/12/2021 18:08,0.0,96,450,41
1626113289,07/12/2021 18:08,0.0,96,476,41
1626113292,07/12/2021 18:08,0.0,96,504,41
1626113295,07/12/2021 18:08,0.0,96,523,41
1626113298,07/12/2021 18:08,0.0,96,503,41
1626113301,07/12/2021 18:08,0.0,96,547,41
1626113304,07/12/2021 18:08,0.0,96,519,41
1626113307,07/12/2021 18:08,0.0,96,403,41
1626113310,07/12/2021 18:08,0.0,96,442,41
1626113313,07/12/2021 18:08,0.0,96,478,41
1626113316,07/12/2021 18:08,0.0,96,490,40
1626113319,07/12/2021 18:08,0.0,96,571,40
1626113322,07/12/2021 18:08,0.34,96,512,40
1626113325,07/12/2021 18:08,0.0,96,451,40
1626113328,07/12/2021 18:08,0.0,96,79,40
1626113331,07/12/2021 18:08,0.0,96,232,40
1626113334,07/12/2021 18:08,0.0,96,452,40
1626113337,07/12/2021 18:08,0.0,96,484,40
1626113340,07/12/2021 18:09,0.0,95,535,39
1626113343,07/12/2021 18:09,0.0,96,520,39
1626113346,07/12/2021 18:09,0.0,96,462,39
1626113349,07/12/2021 18:09,0.0,96,395,39
1626113352,07/12/2021 18:09,0.0,96,22,40
1626113355,07/12/2021 18:09,0.0,96,318,40
1626113358,07/12/2021 18:09,0.0,96,358,40
1626113361,07/12/2021 18:09,0.0,96,385,40
1626113364,07/12/2021 18:09,0.0,96,410,40
1626113367,07/12/2021 18:09,0.0,96,466,40
1626113370,07/12/2021 18:09,0.0,96,489,40
1626113373,07/12/2021 18:09,0.0,96,516,41
1626113376,07/12/2021 18:09,0.0,96,546,41
1626113379,07/12/2021 18:09,0.0,96,579,41
1626113382,07/12/2021 18:09,0.0,96,623,41
1626113385,07/12/2021 18:09,0.0,96,586,41
1626113388,07/12/2021 18:09,0.0,96,618,41
1626113391,07/12/2021 18:09,0.0,96,601,41
1626113394,07/12/2021 18:09,0.0,96,592,41
1626113397,07/12/2021 18:09,0.0,96,556,41
1626113400,07/12/2021 18:10,0.0,96,514,41
1626113403,07/12/2021 18:10,0.0,96,526,41
1626113406,07/12/2021 18:10,0.0,96,579,41
1626113409,07/12/2021 18:10,0.0,96,624,41
1626113412,07/12/2021 18:10,0.0,96,653,41
1626113415,07/12/2021 18:10,0.0,96,635,41
1626113418,07/12/2021 18:10,0.0,96,565,41
1626113421,07/12/2021 18:10,0.0,96,555,41
1626113424,07/12/2021 18:10,0.0,96,503,41
1626113427,07/12/2021 18:10,0.0,96,449,41
1626113430,07/12/2021 18:10,0.0,96,510,41
1626113433,07/12/2021 18:10,0.0,96,537,41
1626113436,07/12/2021 18:10,0.0,96,567,41
1626113439,07/12/2021 18:10,0.0,96,523,41
1626113442,07/12/2021 18:10,0.0,96,457,41
1626113445,07/12/2021 18:10,0.0,96,623,41
1626113448,07/12/2021 18:10,0.0,96,556,41
1626113451,07/12/2021 18:10,0.0,96,417,41
1626113454,07/12/2021 18:10,0.0,96,338,41
1626113457,07/12/2021 18:10,0.0,96,410,41
1626113460,07/12/2021 18:11,0.0,96,452,41
1626113463,07/12/2021 18:11,0.0,96,554,41
1626113466,07/12/2021 18:11,0.0,96,516,41
1626113469,07/12/2021 18:11,0.0,96,367,41
1626113472,07/12/2021 18:11,0.0,96,431,41
1626113475,07/12/2021 18:11,0.0,96,483,41
1626113478,07/12/2021 18:11,0.0,96,496,41
1626113481,07/12/2021 18:11,0.0,96,504,41
1626113484,07/12/2021 18:11,0.0,96,513,41
1626113487,07/12/2021 18:11,0.0,96,496,42
1626113490,07/12/2021 18:11,0.0,96,484,42
1626113493,07/12/2021 18:11,0.0,96,482,42
1626113496,07/12/2021 18:11,0.0,96,502,42
1626113499,07/12/2021 18:11,0.0,96,511,42
1626113502,07/12/2021 18:11,0.0,96,591,42
1626113505,07/12/2021 18:11,0.0,96,608,42
1626113508,07/12/2021 18:11,0.0,96,614,42
1626113511,07/12/2021 18:11,0.0,96,555,42
1626113514,07/12/2021 18:11,0.0,96,542,42
1626113517,07/12/2021 18:11,0.0,96,491,42
1626113520,07/12/2021 18:12,0.0,96,474,42
1626113523,07/12/2021 18:12,0.0,96,469,42
1626113526,07/12/2021 18:12,0.0,96,422,42
1626113529,07/12/2021 18:12,0.0,96,410,41
1626113532,07/12/2021 18:12,0.0,96,466,41
1626113535,07/12/2021 18:12,0.0,96,454,41
1626113538,07/12/2021 18:12,0.0,96,427,42
1626113541,07/12/2021 18:12,0.0,96,482,42
1626113544,07/12/2021 18:12,0.0,96,510,41
1626113547,07/12/2021 18:12,0.0,96,772,41
1626113550,07/12/2021 18:12,0.0,96,638,41
1626113553,07/12/2021 18:12,0.0,96,639,41
1626113556,07/12/2021 18:12,0.0,96,591,41
1626113559,07/12/2021 18:12,0.0,96,539,41
1626113562,07/12/2021 18:12,0.0,96,518,42
1626113565,07/12/2021 18:12,0.0,96,558,42
1626113568,07/12/2021 18:12,0.0,96,564,42
1626113571,07/12/2021 18:12,0.0,96,561,42
1626113574,07/12/2021 18:12,0.0,96,558,42
1626113577,07/12/2021 18:12,0.0,97,538,42
1626113580,07/12/2021 18:13,0.0,96,525,42
1626113583,07/12/2021 18:13,0.0,96,521,42
1626113586,07/12/2021 18:13,0.0,96,528,42
1626113589,07/12/2021 18:13,0.0,96,528,42
1626113592,07/12/2021 18:13,0.0,97,520,42
1626113595,07/12/2021 18:13,0.0,96,519,42
1626113598,07/12/2021 18:13,0.0,96,516,42
1626113601,07/12/2021 18:13,0.0,96,517,42
1626113604,07/12/2021 18:13,0.0,96,509,42
1626113607,07/12/2021 18:13,0.0,97,513,42
1626113610,07/12/2021 18:13,0.0,96,510,42
1626113613,07/12/2021 18:13,0.0,96,507,42
1626113616,07/12/2021 18:13,0.0,96,503,42
1626113619,07/12/2021 18:13,0.0,96,504,42
1626113622,07/12/2021 18:13,0.0,96,501,42
1626113625,07/12/2021 18:13,0.0,96,502,42
1626113628,07/12/2021 18:13,0.0,96,508,42
1626113631,07/12/2021 18:13,0.0,96,516,42
1626113634,07/12/2021 18:13,0.0,96,514,42
1626113637,07/12/2021 18:13,0.34,96,488,42
1626113640,07/12/2021 18:14,0.67,96,484,42
1626113643,07/12/2021 18:14,0.67,96,445,41
1626113646,07/12/2021 18:14,0.34,96,496,41
1626113649,07/12/2021 18:14,0.0,96,158,41
1626113652,07/12/2021 18:14,0.0,96,253,41
1626113655,07/12/2021 18:14,0.0,96,331,41
1626113658,07/12/2021 18:14,0.0,97,403,41
1626113661,07/12/2021 18:14,0.0,96,258,41
1626113664,07/12/2021 18:14,0.0,96,363,41
1626113667,07/12/2021 18:14,0.0,96,500,41
1626113670,07/12/2021 18:14,0.0,96,478,41
1626113673,07/12/2021 18:14,0.0,96,519,41
1626113676,07/12/2021 18:14,0.0,96,538,41
1626113679,07/12/2021 18:14,0.0,96,507,41
1626113682,07/12/2021 18:14,0.0,96,549,41
1626113685,07/12/2021 18:14,0.0,96,550,41
1626113688,07/12/2021 18:14,0.0,96,582,41
1626113691,07/12/2021 18:14,0.0,96,602,41
1626113694,07/12/2021 18:14,0.0,96,651,42
1626113697,07/12/2021 18:14,0.0,96,635,42
1626113700,07/12/2021 18:15,0.0,96,582,42
1626113703,07/12/2021 18:15,0.0,96,559,42
1626113706,07/12/2021 18:15,0.0,96,567,42
1626113709,07/12/2021 18:15,0.0,96,627,42
1626113712,07/12/2021 18:15,0.0,96,622,42
1626113715,07/12/2021 18:15,0.0,96,510,42
1626113718,07/12/2021 18:15,0.0,96,466,41
1626113721,07/12/2021 18:15,0.0,96,459,41
1626113724,07/12/2021 18:15,0.0,96,387,41
1626113727,07/12/2021 18:15,0.0,96,289,41
1626113730,07/12/2021 18:15,0.0,96,378,41
1626113733,07/12/2021 18:15,0.0,96,373,42
1626113736,07/12/2021 18:15,0.0,96,420,42
1626113739,07/12/2021 18:15,0.0,96,360,42
1626113742,07/12/2021 18:15,0.0,96,521,42
1626113745,07/12/2021 18:15,1.34,96,624,41
1626113748,07/12/2021 18:15,1.01,95,497,41
1626113751,07/12/2021 18:15,1.34,95,553,41
1626113754,07/12/2021 18:15,1.01,95,517,41
1626113757,07/12/2021 18:15,0.67,95,411,41
1626113760,07/12/2021 18:16,0.34,95,423,41
1626113763,07/12/2021 18:16,0.67,95,381,41
1626113766,07/12/2021 18:16,0.34,95,399,41
1626113769,07/12/2021 18:16,0.34,95,415,41
1626113772,07/12/2021 18:16,0.34,95,475,41
1626113775,07/12/2021 18:16,0.0,95,417,41
1626113778,07/12/2021 18:16,0.0,95,428,41
1626113781,07/12/2021 18:16,0.0,96,443,41
1626113784,07/12/2021 18:16,0.0,96,423,41
1626113787,07/12/2021 18:16,0.0,96,416,41
1626113790,07/12/2021 18:16,0.0,96,437,41
1626113793,07/12/2021 18:16,0.0,96,483,41
1626113796,07/12/2021 18:16,0.0,96,638,41
1626113799,07/12/2021 18:16,0.0,96,517,41
1626113802,07/12/2021 18:16,0.0,96,476,41
1626113805,07/12/2021 18:16,0.0,96,452,41
1626113808,07/12/2021 18:16,0.0,96,433,41
1626113811,07/12/2021 18:16,0.0,96,435,41
1626113814,07/12/2021 18:16,0.0,96,430,41
1626113817,07/12/2021 18:16,0.0,95,436,41
1626113820,07/12/2021 18:17,0.0,96,418,42
1626113823,07/12/2021 18:17,0.0,95,418,42
1626113826,07/12/2021 18:17,0.0,95,447,42
1626113829,07/12/2021 18:17,0.0,95,537,42
1626113832,07/12/2021 18:17,0.0,95,620,42
1626113835,07/12/2021 18:17,0.0,95,650,42
1626113838,07/12/2021 18:17,0.0,95,635,42
1626113841,07/12/2021 18:17,0.0,95,567,42
1626113844,07/12/2021 18:17,0.0,95,547,42
1626113847,07/12/2021 18:17,0.0,95,569,42
1626113850,07/12/2021 18:17,0.0,96,581,42
1626113853,07/12/2021 18:17,0.0,95,503,42
1626113856,07/12/2021 18:17,0.0,95,511,42
1626113859,07/12/2021 18:17,0.0,96,520,42
1626113862,07/12/2021 18:17,0.0,96,543,42
1626113865,07/12/2021 18:17,0.0,95,577,42
1626113868,07/12/2021 18:17,0.0,95,531,42
1626113871,07/12/2021 18:17,0.0,95,497,42
1626113874,07/12/2021 18:17,0.0,95,488,42
1626113877,07/12/2021 18:17,0.0,95,490,42
1626113880,07/12/2021 18:18,0.0,95,494,43
1626113883,07/12/2021 18:18,0.0,96,498,43
1626113886,07/12/2021 18:18,0.0,96,497,43
1626113889,07/12/2021 18:18,0.0,96,495,43
1626113892,07/12/2021 18:18,0.0,96,509,43
1626113895,07/12/2021 18:18,0.0,96,513,43
1626113898,07/12/2021 18:18,0.0,95,529,43
1626113901,07/12/2021 18:18,0.0,95,521,43
1626113904,07/12/2021 18:18,0.0,96,530,43
1626113907,07/12/2021 18:18,0.0,96,520,43
1626113910,07/12/2021 18:18,0.0,95,472,43
1626113913,07/12/2021 18:18,0.0,95,438,43
1626113916,07/12/2021 18:18,0.0,95,386,43
1626113919,07/12/2021 18:18,0.0,96,600,43
1626113922,07/12/2021 18:18,0.0,96,597,43
1626113925,07/12/2021 18:18,0.0,96,645,43
1626113928,07/12/2021 18:18,0.0,95,655,43
1626113931,07/12/2021 18:18,0.0,96,628,43
1626113934,07/12/2021 18:18,0.0,96,594,43
1626113937,07/12/2021 18:18,0.0,96,567,43
1626113940,07/12/2021 18:19,0.0,96,567,43
1626113943,07/12/2021 18:19,0.0,96,530,43
1626113946,07/12/2021 18:19,0.0,95,526,43
1626113949,07/12/2021 18:19,0.0,95,542,43
1626113952,07/12/2021 18:19,0.0,95,533,43
1626113955,07/12/2021 18:19,0.0,95,531,43
1626113958,07/12/2021 18:19,0.0,96,526,43
1626113961,07/12/2021 18:19,0.0,96,531,43
1626113964,07/12/2021 18:19,0.0,95,525,43
1626113967,07/12/2021 18:19,0.0,95,505,43
1626113970,07/12/2021 18:19,0.0,95,450,43
1626113973,07/12/2021 18:19,0.0,96,416,43
1626113976,07/12/2021 18:19,0.0,95,473,43
1626113979,07/12/2021 18:19,0.0,96,479,43
1626113982,07/12/2021 18:19,0.0,96,439,43
1626113985,07/12/2021 18:19,0.0,96,454,43
1626113988,07/12/2021 18:19,0.0,96,475,43
1626113991,07/12/2021 18:19,0.0,96,477,43
1626113994,07/12/2021 18:19,0.0,96,514,43
1626113997,07/12/2021 18:19,0.0,96,532,43
1626114000,07/12/2021 18:20,0.0,96,532,43
1626114003,07/12/2021 18:20,0.0,96,539,43
1626114006,07/12/2021 18:20,0.0,95,574,43
1626114009,07/12/2021 18:20,0.0,96,583,44
1626114012,07/12/2021 18:20,0.0,96,580,44
1626114015,07/12/2021 18:20,0.0,96,555,44
1626114018,07/12/2021 18:20,0.0,96,532,44
1626114021,07/12/2021 18:20,0.0,96,516,44
1626114024,07/12/2021 18:20,0.0,96,522,43
1626114027,07/12/2021 18:20,0.0,96,527,43
1626114030,07/12/2021 18:20,0.0,96,521,43
1626114033,07/12/2021 18:20,0.0,96,517,43
1626114036,07/12/2021 18:20,0.0,96,511,43
1626114039,07/12/2021 18:20,0.0,96,547,43
1626114042,07/12/2021 18:20,0.0,96,576,43
1626114045,07/12/2021 18:20,0.0,96,509,43
1626114048,07/12/2021 18:20,0.0,96,513,43
1626114051,07/12/2021 18:20,0.0,96,482,43
1626114054,07/12/2021 18:20,0.0,96,480,43
1626114057,07/12/2021 18:20,0.0,96,479,43
1626114060,07/12/2021 18:21,0.0,96,474,43
1626114063,07/12/2021 18:21,0.0,95,464,43
1626114066,07/12/2021 18:21,0.0,96,463,44
1626114069,07/12/2021 18:21,0.0,96,458,44
1626114072,07/12/2021 18:21,0.0,96,438,44
1626114075,07/12/2021 18:21,0.0,96,438,44
1626114078,07/12/2021 18:21,0.0,96,447,44
1626114081,07/12/2021 18:21,0.0,96,455,44
1626114084,07/12/2021 18:21,0.0,96,449,44
1626114087,07/12/2021 18:21,0.0,96,446,44
1626114090,07/12/2021 18:21,0.0,96,470,44
1626114093,07/12/2021 18:21,0.0,96,472,44
1626114096,07/12/2021 18:21,0.0,96,526,44
1626114099,07/12/2021 18:21,0.0,96,568,44
1626114102,07/12/2021 18:21,0.0,96,536,44
1626114105,07/12/2021 18:21,0.0,96,503,44
1626114108,07/12/2021 18:21,0.0,96,566,44
1626114111,07/12/2021 18:21,0.0,96,373,44
1626114114,07/12/2021 18:21,0.0,96,484,43
1626114117,07/12/2021 18:21,0.0,96,489,43
1626114120,07/12/2021 18:22,0.0,96,573,43
1626114123,07/12/2021 18:22,0.0,96,669,43
1626114126,07/12/2021 18:22,0.0,96,594,43
1626114129,07/12/2021 18:22,0.0,96,436,43
1626114132,07/12/2021 18:22,0.0,96,447,43
1626114135,07/12/2021 18:22,0.0,96,815,43
1626114138,07/12/2021 18:22,0.0,96,553,43
1626114141,07/12/2021 18:22,0.0,96,478,43
1626114144,07/12/2021 18:22,0.0,96,400,43
1626114147,07/12/2021 18:22,0.0,96,415,42
1626114150,07/12/2021 18:22,0.0,101,435,42
1626114153,07/12/2021 18:22,1.01,104,429,42
1626114156,07/12/2021 18:22,2.35,292,471,42
1626114159,07/12/2021 18:22,1.68,326,473,42
1626114162,07/12/2021 18:22,1.34,207,484,41
1626114165,07/12/2021 18:22,1.34,207,463,42
1626114168,07/12/2021 18:22,1.34,207,427,42
1626114171,07/12/2021 18:22,1.34,207,434,42
1626114174,07/12/2021 18:22,1.34,207,435,42
1626114177,07/12/2021 18:22,1.01,207,438,42
1626114180,07/12/2021 18:23,1.34,207,442,42
1626114183,07/12/2021 18:23,1.01,207,451,42
1626114186,07/12/2021 18:23,0.67,207,458,42
1626114189,07/12/2021 18:23,0.67,207,463,42
1626114192,07/12/2021 18:23,0.34,207,479,42
1626114195,07/12/2021 18:23,0.0,207,472,42
1626114198,07/12/2021 18:23,0.0,207,503,42
1626114201,07/12/2021 18:23,0.0,207,525,42
1626114204,07/12/2021 18:23,0.0,207,528,42
1626114207,07/12/2021 18:23,0.0,207,515,42
1626114210,07/12/2021 18:23,0.0,207,504,42
1626114213,07/12/2021 18:23,0.0,207,536,42
1626114216,07/12/2021 18:23,0.0,207,529,42
1626114219,07/12/2021 18:23,0.0,207,437,42
1626114222,07/12/2021 18:23,0.0,207,399,42
1626114225,07/12/2021 18:23,0.0,207,537,42
1626114228,07/12/2021 18:23,0.0,207,600,42
1626114231,07/12/2021 18:23,0.0,207,474,43
1626114234,07/12/2021 18:23,0.0,207,562,43
1626114237,07/12/2021 18:23,0.0,207,550,43
1626114240,07/12/2021 18:24,0.0,207,421,43
1626114243,07/12/2021 18:24,0.0,207,486,43
1626114246,07/12/2021 18:24,0.0,207,422,43
1626114249,07/12/2021 18:24,0.0,207,555,42
1626114252,07/12/2021 18:24,0.0,207,875,42
1626114255,07/12/2021 18:24,0.0,207,723,42
1626114258,07/12/2021 18:24,0.0,207,530,42
1626114261,07/12/2021 18:24,0.0,207,419,42
1626114264,07/12/2021 18:24,0.0,207,667,42
1626114267,07/12/2021 18:24,0.0,207,649,42
1626114270,07/12/2021 18:24,0.0,207,532,43
1626114273,07/12/2021 18:24,0.0,207,461,43
1626114276,07/12/2021 18:24,0.0,207,505,43
1626114279,07/12/2021 18:24,0.0,207,547,42
1626114282,07/12/2021 18:24,0.0,207,618,42
1626114285,07/12/2021 18:24,0.0,207,425,42
1626114288,07/12/2021 18:24,0.0,207,241,42
1626114291,07/12/2021 18:24,0.0,207,295,42
1626114294,07/12/2021 18:24,0.0,207,391,43
1626114297,07/12/2021 18:24,0.0,207,296,43
1626114300,07/12/2021 18:25,0.0,207,356,43
1626114303,07/12/2021 18:25,0.0,207,417,43
1626114306,07/12/2021 18:25,0.0,207,452,43
1626114309,07/12/2021 18:25,0.0,207,549,43
1626114312,07/12/2021 18:25,0.0,207,594,43
1626114315,07/12/2021 18:25,0.0,207,550,43
1626114318,07/12/2021 18:25,0.0,207,540,43
1626114321,07/12/2021 18:25,0.0,207,453,43
1626114324,07/12/2021 18:25,0.0,207,462,43
1626114327,07/12/2021 18:25,0.0,207,464,43
1626114330,07/12/2021 18:25,0.0,207,462,43
1626114333,07/12/2021 18:25,0.0,207,452,43
1626114336,07/12/2021 18:25,0.0,207,468,43
1626114339,07/12/2021 18:25,0.0,207,468,43
1626114342,07/12/2021 18:25,0.0,207,452,43
1626114345,07/12/2021 18:25,0.0,207,452,43
1626114348,07/12/2021 18:25,0.0,207,506,43
1626114351,07/12/2021 18:25,0.0,207,530,43
1626114354,07/12/2021 18:25,0.0,207,613,43
1626114357,07/12/2021 18:25,0.0,207,598,43
1626114360,07/12/2021 18:26,0.0,207,570,43
1626114363,07/12/2021 18:26,0.0,207,543,43
1626114366,07/12/2021 18:26,0.0,207,477,43
1626114369,07/12/2021 18:26,0.0,207,518,43
1626114372,07/12/2021 18:26,0.0,207,623,43
1626114375,07/12/2021 18:26,0.0,207,400,43
1626114378,07/12/2021 18:26,0.0,207,436,43
1626114381,07/12/2021 18:26,0.0,207,534,43
1626114384,07/12/2021 18:26,0.0,207,533,43
1626114387,07/12/2021 18:26,0.0,207,444,43
1626114390,07/12/2021 18:26,0.0,207,461,43
1626114393,07/12/2021 18:26,0.0,207,475,43
1626114396,07/12/2021 18:26,0.0,207,468,43
1626114399,07/12/2021 18:26,0.0,207,434,43
1626114402,07/12/2021 18:26,0.0,207,461,43
1626114405,07/12/2021 18:26,0.0,207,468,43
1626114408,07/12/2021 18:26,0.0,207,505,43
1626114411,07/12/2021 18:26,0.0,207,431,43
1626114414,07/12/2021 18:26,0.0,207,456,43
1626114417,07/12/2021 18:26,0.0,207,500,43
1626114420,07/12/2021 18:27,0.0,207,489,43
1626114423,07/12/2021 18:27,0.0,207,476,43
1626114426,07/12/2021 18:27,0.0,207,478,43
1626114429,07/12/2021 18:27,0.0,207,502,43
1626114432,07/12/2021 18:27,0.0,207,499,43
1626114435,07/12/2021 18:27,0.0,207,501,43
1626114438,07/12/2021 18:27,0.0,207,490,43
1626114441,07/12/2021 18:27,0.0,207,492,43
1626114444,07/12/2021 18:27,0.0,207,501,43
1626114447,07/12/2021 18:27,0.0,207,500,43
1626114450,07/12/2021 18:27,0.0,207,494,43
1626114453,07/12/2021 18:27,0.0,207,493,43
1626114456,07/12/2021 18:27,0.0,207,497,42
1626114459,07/12/2021 18:27,0.0,207,495,42
1626114462,07/12/2021 18:27,0.0,207,491,42
1626114465,07/12/2021 18:27,0.0,207,490,42
1626114468,07/12/2021 18:27,0.0,207,501,42
1626114471,07/12/2021 18:27,0.0,207,501,42
1626114474,07/12/2021 18:27,0.0,207,510,42
1626114477,07/12/2021 18:27,0.0,207,508,42
1626114480,07/12/2021 18:28,0.0,207,519,42
1626114483,07/12/2021 18:28,0.0,207,513,42
1626114486,07/12/2021 18:28,0.0,207,485,42
1626114489,07/12/2021 18:28,0.0,207,436,42
1626114492,07/12/2021 18:28,0.0,207,453,42
1626114495,07/12/2021 18:28,0.0,207,441,42
1626114498,07/12/2021 18:28,0.0,207,430,42
1626114501,07/12/2021 18:28,0.0,207,379,42
1626114504,07/12/2021 18:28,0.0,207,411,42
1626114507,07/12/2021 18:28,0.0,207,634,42
1626114510,07/12/2021 18:28,0.0,207,641,42
1626114513,07/12/2021 18:28,0.0,207,600,42
1626114516,07/12/2021 18:28,0.0,207,579,42
1626114519,07/12/2021 18:28,0.0,207,525,42
1626114522,07/12/2021 18:28,0.0,207,508,42
1626114525,07/12/2021 18:28,0.0,207,466,42
1626114528,07/12/2021 18:28,0.0,207,496,42
1626114531,07/12/2021 18:28,0.0,207,506,42
1626114534,07/12/2021 18:28,0.0,207,515,42
1626114537,07/12/2021 18:28,0.0,207,480,42
1626114540,07/12/2021 18:29,0.0,207,444,42
1626114543,07/12/2021 18:29,0.0,207,464,42
1626114546,07/12/2021 18:29,0.0,207,561,42
1626114549,07/12/2021 18:29,0.0,207,519,42
1626114552,07/12/2021 18:29,0.0,207,504,42
1626114555,07/12/2021 18:29,0.0,207,539,42
1626114558,07/12/2021 18:29,0.34,207,596,42
1626114561,07/12/2021 18:29,0.67,207,641,42
1626114564,07/12/2021 18:29,1.01,207,635,42
1626114567,07/12/2021 18:29,0.67,207,562,42
1626114570,07/12/2021 18:29,0.34,207,731,41
1626114573,07/12/2021 18:29,0.34,207,394,41
1626114576,07/12/2021 18:29,0.0,207,425,41
1626114579,07/12/2021 18:29,0.0,207,306,41
1626114582,07/12/2021 18:29,0.0,207,422,41
1626114585,07/12/2021 18:29,0.0,207,471,42
1626114588,07/12/2021 18:29,0.0,207,412,42
1626114591,07/12/2021 18:29,0.0,207,423,42
1626114594,07/12/2021 18:29,0.0,207,393,42
1626114597,07/12/2021 18:29,0.0,207,401,42
1626114600,07/12/2021 18:30,0.0,207,515,42
1626114603,07/12/2021 18:30,0.0,207,523,42
1626114606,07/12/2021 18:30,0.0,207,536,42
1626114609,07/12/2021 18:30,0.0,207,556,42
1626114612,07/12/2021 18:30,0.0,207,583,41
1626114615,07/12/2021 18:30,0.0,207,402,41
1626114618,07/12/2021 18:30,0.0,207,336,41
1626114621,07/12/2021 18:30,0.0,207,402,42
1626114624,07/12/2021 18:30,0.0,207,377,42
1626114627,07/12/2021 18:30,0.0,207,392,42
1626114630,07/12/2021 18:30,0.0,207,413,41
1626114633,07/12/2021 18:30,0.0,207,421,41
1626114636,07/12/2021 18:30,0.0,207,427,41
1626114639,07/12/2021 18:30,0.0,207,435,41
1626114642,07/12/2021 18:30,0.0,207,448,42
1626114645,07/12/2021 18:30,0.0,207,452,42
1626114648,07/12/2021 18:30,0.0,207,469,42
1626114651,07/12/2021 18:30,0.0,207,477,42
1626114654,07/12/2021 18:30,0.0,207,461,42
1626114657,07/12/2021 18:30,0.0,207,468,42
1626114660,07/12/2021 18:31,0.0,207,554,42
1626114663,07/12/2021 18:31,0.0,207,567,42
1626114666,07/12/2021 18:31,0.0,207,539,42
1626114669,07/12/2021 18:31,0.0,207,547,42
1626114672,07/12/2021 18:31,0.0,207,526,42
1626114675,07/12/2021 18:31,0.0,207,511,42
1626114678,07/12/2021 18:31,0.0,207,518,42
1626114681,07/12/2021 18:31,0.0,207,527,42
1626114684,07/12/2021 18:31,0.0,207,525,42
1626114687,07/12/2021 18:31,0.0,207,520,42
1626114690,07/12/2021 18:31,0.0,207,516,42
1626114693,07/12/2021 18:31,0.0,207,504,42
1626114696,07/12/2021 18:31,0.0,207,504,42
1626114699,07/12/2021 18:31,0.0,207,501,42
1626114702,07/12/2021 18:31,0.0,207,501,42
1626114705,07/12/2021 18:31,0.0,207,494,42
1626114708,07/12/2021 18:31,0.0,207,495,42
1626114711,07/12/2021 18:31,0.0,207,484,42
1626114714,07/12/2021 18:31,0.0,207,480,42
1626114717,07/12/2021 18:31,0.0,207,500,42
1626114720,07/12/2021 18:32,0.0,207,506,42
1626114723,07/12/2021 18:32,0.0,207,498,42
1626114726,07/12/2021 18:32,0.0,207,498,42
1626114729,07/12/2021 18:32,0.0,207,497,42
1626114732,07/12/2021 18:32,0.0,207,493,42
1626114735,07/12/2021 18:32,0.0,207,494,42
1626114738,07/12/2021 18:32,0.0,207,471,42
1626114741,07/12/2021 18:32,0.0,207,453,42
1626114744,07/12/2021 18:32,0.0,207,475,42
1626114747,07/12/2021 18:32,0.67,207,560,42
1626114750,07/12/2021 18:32,1.01,207,601,42
1626114753,07/12/2021 18:32,0.67,207,569,42
1626114756,07/12/2021 18:32,0.67,207,564,42
1626114759,07/12/2021 18:32,0.34,207,579,42
1626114762,07/12/2021 18:32,0.0,207,572,42
1626114765,07/12/2021 18:32,0.0,207,549,42
1626114768,07/12/2021 18:32,0.0,207,537,42
1626114771,07/12/2021 18:32,0.0,207,548,42
1626114774,07/12/2021 18:32,0.0,207,415,42
1626114777,07/12/2021 18:32,0.0,207,491,42
1626114780,07/12/2021 18:33,0.0,207,464,42
1626114783,07/12/2021 18:33,0.0,207,407,42
1626114786,07/12/2021 18:33,0.0,207,419,42
1626114789,07/12/2021 18:33,0.67,207,479,42
1626114792,07/12/2021 18:33,0.67,207,503,42
1626114795,07/12/2021 18:33,1.01,207,807,42
1626114798,07/12/2021 18:33,0.67,207,747,41
1626114801,07/12/2021 18:33,1.34,208,363,42
1626114804,07/12/2021 18:33,1.01,207,129,42
1626114807,07/12/2021 18:33,1.34,208,315,41
1626114810,07/12/2021 18:33,1.01,207,430,41
1626114813,07/12/2021 18:33,1.01,207,498,41
1626114816,07/12/2021 18:33,1.01,207,518,41
1626114819,07/12/2021 18:33,0.67,208,644,41
1626114822,07/12/2021 18:33,0.67,208,665,41
1626114825,07/12/2021 18:33,0.67,207,568,41
1626114828,07/12/2021 18:33,0.67,207,349,41
1626114831,07/12/2021 18:33,0.67,207,314,41
1626114834,07/12/2021 18:33,0.67,207,302,41
1626114837,07/12/2021 18:33,0.67,207,342,41
1626114840,07/12/2021 18:34,0.34,207,431,41
1626114843,07/12/2021 18:34,0.34,207,367,41
1626114846,07/12/2021 18:34,0.0,207,460,41
1626114849,07/12/2021 18:34,0.0,207,582,41
1626114852,07/12/2021 18:34,0.34,207,671,41
1626114855,07/12/2021 18:34,0.0,207,670,41
1626114858,07/12/2021 18:34,0.0,208,614,41
1626114861,07/12/2021 18:34,0.0,208,537,42
1626114864,07/12/2021 18:34,0.0,208,492,42
1626114867,07/12/2021 18:34,0.0,208,473,42
1626114870,07/12/2021 18:34,0.0,207,472,42
1626114873,07/12/2021 18:34,0.0,208,474,42
1626114876,07/12/2021 18:34,0.0,207,474,42
1626114879,07/12/2021 18:34,0.0,207,472,42
1626114882,07/12/2021 18:34,0.0,207,474,42
1626114885,07/12/2021 18:34,0.0,207,470,42
1626114888,07/12/2021 18:34,0.0,207,476,42
1626114891,07/12/2021 18:34,0.0,207,488,42
1626114894,07/12/2021 18:34,0.0,207,490,42
1626114897,07/12/2021 18:34,0.0,207,494,42
1626114900,07/12/2021 18:35,0.0,207,498,42
1626114903,07/12/2021 18:35,0.0,207,511,42
1626114906,07/12/2021 18:35,0.0,207,516,42
1626114909,07/12/2021 18:35,0.0,207,500,42
1626114912,07/12/2021 18:35,0.0,207,468,42
1626114915,07/12/2021 18:35,0.0,207,438,42
1626114918,07/12/2021 18:35,0.0,207,442,42
1626114921,07/12/2021 18:35,0.0,206,449,42
1626114924,07/12/2021 18:35,0.0,206,333,42
1626114927,07/12/2021 18:35,0.0,206,333,42
1626114930,07/12/2021 18:35,0.0,206,376,42
1626114933,07/12/2021 18:35,0.0,206,402,42
1626114936,07/12/2021 18:35,0.0,206,404,42
1626114939,07/12/2021 18:35,0.0,206,521,42
1626114942,07/12/2021 18:35,0.0,206,651,42
1626114945,07/12/2021 18:35,0.34,206,702,43
1626114948,07/12/2021 18:35,0.67,206,515,43
1626114951,07/12/2021 18:35,1.34,206,558,43
1626114954,07/12/2021 18:35,1.01,206,598,43
1626114957,07/12/2021 18:35,0.67,206,486,43
1626114960,07/12/2021 18:36,1.01,206,518,43
1626114963,07/12/2021 18:36,1.34,206,600,43
1626114966,07/12/2021 18:36,0.67,206,532,43
1626114969,07/12/2021 18:36,0.67,206,592,43
1626114972,07/12/2021 18:36,1.01,206,445,43
1626114975,07/12/2021 18:36,1.34,205,442,43
1626114978,07/12/2021 18:36,1.34,205,497,43
1626114981,07/12/2021 18:36,1.34,205,389,43
1626114984,07/12/2021 18:36,1.34,205,498,43
1626114987,07/12/2021 18:36,1.01,205,634,43
1626114990,07/12/2021 18:36,0.67,205,575,43
1626114993,07/12/2021 18:36,1.01,205,321,43
1626114996,07/12/2021 18:36,1.01,205,437,43
1626114999,07/12/2021 18:36,1.01,205,483,43
1626115002,07/12/2021 18:36,1.01,205,478,43
1626115005,07/12/2021 18:36,1.34,205,483,43
1626115008,07/12/2021 18:36,1.01,205,529,43
1626115011,07/12/2021 18:36,1.01,205,534,43
1626115014,07/12/2021 18:36,0.67,205,546,43
1626115017,07/12/2021 18:36,0.67,205,542,43
1626115020,07/12/2021 18:37,0.67,205,524,43
1626115023,07/12/2021 18:37,0.34,205,495,43
1626115026,07/12/2021 18:37,0.34,205,580,43
1626115029,07/12/2021 18:37,0.0,205,489,43
1626115032,07/12/2021 18:37,0.0,205,604,43
1626115035,07/12/2021 18:37,0.0,205,481,43
1626115038,07/12/2021 18:37,0.0,205,418,43
1626115041,07/12/2021 18:37,0.0,205,499,43
1626115044,07/12/2021 18:37,0.0,205,578,43
1626115047,07/12/2021 18:37,0.0,205,592,43
1626115050,07/12/2021 18:37,0.0,205,607,44
1626115053,07/12/2021 18:37,0.0,205,617,44
1626115056,07/12/2021 18:37,0.0,205,593,44
1626115059,07/12/2021 18:37,0.0,205,588,44
1626115062,07/12/2021 18:37,0.0,205,585,44
1626115065,07/12/2021 18:37,0.0,205,557,44
1626115068,07/12/2021 18:37,0.0,205,552,44
1626115071,07/12/2021 18:37,0.0,205,488,44
1626115074,07/12/2021 18:37,0.0,205,454,44
1626115077,07/12/2021 18:37,0.0,205,455,44
1626115080,07/12/2021 18:38,0.0,205,475,44
1626115083,07/12/2021 18:38,0.0,205,516,44
1626115086,07/12/2021 18:38,0.0,205,544,44
1626115089,07/12/2021 18:38,0.0,205,624,44
1626115092,07/12/2021 18:38,0.0,205,641,44
1626115095,07/12/2021 18:38,0.0,205,597,44
1626115098,07/12/2021 18:38,0.0,205,570,44
1626115101,07/12/2021 18:38,0.0,205,505,44
1626115104,07/12/2021 18:38,0.0,205,506,44
1626115107,07/12/2021 18:38,0.0,205,484,44
1626115110,07/12/2021 18:38,0.0,205,454,44
1626115113,07/12/2021 18:38,0.0,205,440,45
1626115116,07/12/2021 18:38,0.0,205,503,45
1626115119,07/12/2021 18:38,0.0,205,419,45
1626115122,07/12/2021 18:38,0.0,205,544,45
1626115125,07/12/2021 18:38,0.0,205,422,45
1626115128,07/12/2021 18:38,0.0,205,326,45
1626115131,07/12/2021 18:38,0.0,205,272,45
1626115134,07/12/2021 18:38,0.0,205,248,45
1626115137,07/12/2021 18:38,0.0,205,390,45
1626115140,07/12/2021 18:39,0.0,205,630,45
1626115143,07/12/2021 18:39,0.0,205,658,45
1626115146,07/12/2021 18:39,0.0,205,627,45
1626115149,07/12/2021 18:39,0.0,205,573,45
1626115152,07/12/2021 18:39,0.0,205,476,45
1626115155,07/12/2021 18:39,0.0,205,479,45
1626115158,07/12/2021 18:39,0.0,205,448,45
1626115161,07/12/2021 18:39,0.0,205,490,45
1626115164,07/12/2021 18:39,0.0,205,506,45
1626115167,07/12/2021 18:39,0.0,205,538,45
1626115170,07/12/2021 18:39,0.0,205,470,45
1626115173,07/12/2021 18:39,0.0,205,300,45
1626115176,07/12/2021 18:39,0.0,205,322,45
1626115179,07/12/2021 18:39,0.0,205,442,45
1626115182,07/12/2021 18:39,0.0,205,477,45
1626115185,07/12/2021 18:39,0.0,205,504,45
1626115188,07/12/2021 18:39,0.0,205,509,45
1626115191,07/12/2021 18:39,0.0,205,534,45
1626115194,07/12/2021 18:39,0.0,205,539,45
1626115197,07/12/2021 18:39,0.0,205,515,45
1626115200,07/12/2021 18:40,0.0,205,548,45
1626115203,07/12/2021 18:40,0.0,205,587,45
1626115206,07/12/2021 18:40,0.0,205,418,45
1626115209,07/12/2021 18:40,0.0,205,352,45
1626115212,07/12/2021 18:40,0.0,205,451,45
1626115215,07/12/2021 18:40,0.0,205,452,45
1626115218,07/12/2021 18:40,0.0,205,290,45
1626115221,07/12/2021 18:40,0.0,205,190,44
1626115224,07/12/2021 18:40,0.0,205,621,44
1626115227,07/12/2021 18:40,0.0,205,631,44
1626115230,07/12/2021 18:40,0.0,205,597,45
1626115233,07/12/2021 18:40,0.0,205,589,45
1626115236,07/12/2021 18:40,0.0,205,390,44
1626115239,07/12/2021 18:40,0.0,205,539,44
1626115242,07/12/2021 18:40,0.0,205,642,44
1626115245,07/12/2021 18:40,0.0,205,679,44
1626115248,07/12/2021 18:40,0.0,205,591,44
1626115251,07/12/2021 18:40,0.0,205,442,44
1626115254,07/12/2021 18:40,0.0,205,436,44
1626115257,07/12/2021 18:40,0.0,205,386,44
1626115260,07/12/2021 18:41,0.0,205,413,44
1626115263,07/12/2021 18:41,0.0,205,393,45
1626115266,07/12/2021 18:41,0.0,205,509,45
1626115269,07/12/2021 18:41,0.0,205,787,45
1626115272,07/12/2021 18:41,0.0,205,618,45
1626115275,07/12/2021 18:41,0.0,205,481,45
1626115278,07/12/2021 18:41,0.0,205,419,45
1626115281,07/12/2021 18:41,0.0,205,456,45
1626115284,07/12/2021 18:41,0.0,205,429,45
1626115287,07/12/2021 18:41,0.0,205,462,45
1626115290,07/12/2021 18:41,0.0,205,487,45
1626115293,07/12/2021 18:41,0.0,205,572,45
1626115296,07/12/2021 18:41,0.0,205,595,45
1626115299,07/12/2021 18:41,0.34,203,415,45
1626115302,07/12/2021 18:41,0.34,203,444,45
1626115305,07/12/2021 18:41,0.67,203,444,45
1626115308,07/12/2021 18:41,0.34,203,456,45
1626115311,07/12/2021 18:41,0.34,203,519,45
1626115314,07/12/2021 18:41,0.34,203,540,45
1626115317,07/12/2021 18:41,0.34,203,602,45
1626115320,07/12/2021 18:42,0.67,203,473,44
1626115323,07/12/2021 18:42,1.01,202,431,44
1626115326,07/12/2021 18:42,1.34,203,1024,44
1626115329,07/12/2021 18:42,1.01,202,967,44
1626115332,07/12/2021 18:42,0.67,203,685,44
1626115335,07/12/2021 18:42,0.34,202,639,44
1626115338,07/12/2021 18:42,0.34,203,389,44
1626115341,07/12/2021 18:42,1.01,203,292,44
1626115344,07/12/2021 18:42,0.67,203,266,44
1626115347,07/12/2021 18:42,1.01,203,130,44
1626115350,07/12/2021 18:42,0.34,203,443,44
1626115353,07/12/2021 18:42,0.67,203,783,44
1626115356,07/12/2021 18:42,0.34,203,831,44
1626115359,07/12/2021 18:42,0.34,203,388,44
1626115362,07/12/2021 18:42,0.0,203,201,44
1626115365,07/12/2021 18:42,0.34,203,187,44
1626115368,07/12/2021 18:42,0.0,203,444,44
1626115371,07/12/2021 18:42,0.0,203,706,44
1626115374,07/12/2021 18:42,0.0,202,521,44
1626115377,07/12/2021 18:42,0.0,203,455,44
1626115380,07/12/2021 18:43,0.0,202,691,44
1626115383,07/12/2021 18:43,0.0,203,295,44
1626115386,07/12/2021 18:43,0.0,202,131,44
1626115389,07/12/2021 18:43,0.0,203,548,44
1626115392,07/12/2021 18:43,0.0,203,389,44
1626115395,07/12/2021 18:43,0.0,203,376,43
1626115398,07/12/2021 18:43,0.0,203,630,43
1626115401,07/12/2021 18:43,0.0,203,562,43
1626115404,07/12/2021 18:43,0.0,203,558,43
1626115407,07/12/2021 18:43,0.0,203,613,43
1626115410,07/12/2021 18:43,0.0,203,584,43
1626115413,07/12/2021 18:43,0.0,203,788,43
1626115416,07/12/2021 18:43,0.0,203,490,43
1626115419,07/12/2021 18:43,0.0,202,685,43
1626115422,07/12/2021 18:43,0.0,203,618,43
1626115425,07/12/2021 18:43,0.0,202,470,43
1626115428,07/12/2021 18:43,0.0,203,562,43
1626115431,07/12/2021 18:43,0.0,202,628,43
1626115434,07/12/2021 18:43,0.0,203,598,43
1626115437,07/12/2021 18:43,0.0,202,588,43
1626115440,07/12/2021 18:44,0.0,203,532,43
1626115443,07/12/2021 18:44,0.0,202,563,43
1626115446,07/12/2021 18:44,0.0,203,504,43
1626115449,07/12/2021 18:44,0.0,203,490,43
1626115452,07/12/2021 18:44,0.0,203,465,43
1626115455,07/12/2021 18:44,0.0,203,485,43
1626115458,07/12/2021 18:44,0.0,203,501,43
1626115461,07/12/2021 18:44,0.0,203,479,43
1626115464,07/12/2021 18:44,0.0,203,480,43
1626115467,07/12/2021 18:44,0.67,203,453,43
1626115470,07/12/2021 18:44,0.34,202,431,43
1626115473,07/12/2021 18:44,0.0,203,430,43
1626115476,07/12/2021 18:44,0.0,202,413,43
1626115479,07/12/2021 18:44,0.0,203,410,43
1626115482,07/12/2021 18:44,0.0,202,418,43
1626115485,07/12/2021 18:44,0.0,203,439,43
1626115488,07/12/2021 18:44,0.0,203,446,43
1626115491,07/12/2021 18:44,0.0,203,478,43
1626115494,07/12/2021 18:44,0.0,203,459,43
1626115497,07/12/2021 18:44,0.0,203,487,43
1626115500,07/12/2021 18:45,0.0,203,526,43
1626115503,07/12/2021 18:45,0.34,203,510,43
1626115506,07/12/2021 18:45,1.01,203,464,43
1626115509,07/12/2021 18:45,0.67,203,449,43
1626115512,07/12/2021 18:45,0.0,203,412,43
1626115515,07/12/2021 18:45,0.34,203,405,43
1626115518,07/12/2021 18:45,0.0,203,417,43
1626115521,07/12/2021 18:45,0.0,202,411,43
1626115524,07/12/2021 18:45,0.0,203,429,43
1626115527,07/12/2021 18:45,0.0,202,437,43
1626115530,07/12/2021 18:45,0.0,203,429,43
1626115533,07/12/2021 18:45,0.0,202,456,43
1626115536,07/12/2021 18:45,0.0,203,513,43
1626115539,07/12/2021 18:45,0.0,203,463,43
1626115542,07/12/2021 18:45,0.0,203,303,43
1626115545,07/12/2021 18:45,0.0,203,361,43
1626115548,07/12/2021 18:45,0.0,203,534,43
1626115551,07/12/2021 18:45,0.0,203,559,43
1626115554,07/12/2021 18:45,0.0,203,614,43
1626115557,07/12/2021 18:45,0.0,203,620,43
1626115560,07/12/2021 18:46,0.0,203,501,43
1626115563,07/12/2021 18:46,0.0,203,265,43
1626115566,07/12/2021 18:46,0.0,202,563,43
1626115569,07/12/2021 18:46,0.0,203,477,43
1626115572,07/12/2021 18:46,0.0,202,503,43
1626115575,07/12/2021 18:46,0.0,202,646,43
1626115578,07/12/2021 18:46,0.0,202,670,43
1626115581,07/12/2021 18:46,0.0,203,698,43
1626115584,07/12/2021 18:46,0.0,203,674,43
1626115587,07/12/2021 18:46,0.0,203,513,43
1626115590,07/12/2021 18:46,0.0,202,575,43
1626115593,07/12/2021 18:46,0.34,203,332,43
1626115596,07/12/2021 18:46,0.67,203,531,43
1626115599,07/12/2021 18:46,1.01,202,631,43
1626115602,07/12/2021 18:46,0.67,203,542,43
1626115605,07/12/2021 18:46,0.34,202,565,43
1626115608,07/12/2021 18:46,0.0,203,467,43
1626115611,07/12/2021 18:46,0.67,202,412,43
1626115614,07/12/2021 18:46,1.68,202,581,42
1626115617,07/12/2021 18:46,2.01,201,621,42
1626115620,07/12/2021 18:47,2.01,199,531,42
1626115623,07/12/2021 18:47,1.34,198,511,42
1626115626,07/12/2021 18:47,1.34,198,502,42
1626115629,07/12/2021 18:47,1.01,198,489,42
1626115632,07/12/2021 18:47,0.67,198,402,42
1626115635,07/12/2021 18:47,0.67,198,376,42
1626115638,07/12/2021 18:47,0.0,198,474,42
1626115641,07/12/2021 18:47,0.0,198,672,42
1626115644,07/12/2021 18:47,1.01,198,631,42
1626115647,07/12/2021 18:47,1.34,198,639,42
1626115650,07/12/2021 18:47,1.01,198,628,42
1626115653,07/12/2021 18:47,1.01,198,586,42
1626115656,07/12/2021 18:47,1.01,198,470,42
1626115659,07/12/2021 18:47,0.67,198,554,42
1626115662,07/12/2021 18:47,0.34,198,510,42
1626115665,07/12/2021 18:47,1.01,198,618,42
1626115668,07/12/2021 18:47,0.67,198,625,42
1626115671,07/12/2021 18:47,1.01,198,464,42
1626115674,07/12/2021 18:47,1.01,198,559,42
1626115677,07/12/2021 18:47,1.01,198,524,42
1626115680,07/12/2021 18:48,0.67,198,511,42
1626115683,07/12/2021 18:48,0.34,198,492,42
1626115686,07/12/2021 18:48,0.34,198,498,42
1626115689,07/12/2021 18:48,0.34,198,485,42
1626115692,07/12/2021 18:48,0.0,198,483,42
1626115695,07/12/2021 18:48,0.0,198,484,42
1626115698,07/12/2021 18:48,0.0,198,480,42
1626115701,07/12/2021 18:48,0.0,198,484,42
1626115704,07/12/2021 18:48,0.0,198,489,42
1626115707,07/12/2021 18:48,0.0,198,492,42
1626115710,07/12/2021 18:48,0.0,198,497,42
1626115713,07/12/2021 18:48,0.0,198,500,42
1626115716,07/12/2021 18:48,0.0,198,483,42
1626115719,07/12/2021 18:48,0.0,198,487,42
1626115722,07/12/2021 18:48,0.0,198,529,42
1626115725,07/12/2021 18:48,0.0,198,510,42
1626115728,07/12/2021 18:48,0.0,198,426,42
1626115731,07/12/2021 18:48,0.0,198,402,42
1626115734,07/12/2021 18:48,0.0,198,580,42
1626115737,07/12/2021 18:48,0.0,198,621,42
1626115740,07/12/2021 18:49,0.0,198,408,42
1626115743,07/12/2021 18:49,0.0,198,434,42
1626115746,07/12/2021 18:49,0.0,198,482,42
1626115749,07/12/2021 18:49,0.0,198,489,42
1626115752,07/12/2021 18:49,0.0,198,499,42
1626115755,07/12/2021 18:49,0.0,198,492,42
1626115758,07/12/2021 18:49,0.0,198,515,42
1626115761,07/12/2021 18:49,0.0,198,517,42
1626115764,07/12/2021 18:49,0.0,198,497,42
1626115767,07/12/2021 18:49,0.0,198,544,42
1626115770,07/12/2021 18:49,0.0,198,425,42
1626115773,07/12/2021 18:49,0.0,198,513,42
1626115776,07/12/2021 18:49,0.0,198,550,42
1626115779,07/12/2021 18:49,0.0,198,419,42
1626115782,07/12/2021 18:49,0.0,198,458,42
1626115785,07/12/2021 18:49,0.0,198,534,42
1626115788,07/12/2021 18:49,0.0,198,523,42
1626115791,07/12/2021 18:49,0.0,198,417,42
1626115794,07/12/2021 18:49,0.0,198,612,42
1626115797,07/12/2021 18:49,0.0,198,627,42
1626115800,07/12/2021 18:50,0.0,198,608,42
1626115803,07/12/2021 18:50,0.0,198,594,42
1626115806,07/12/2021 18:50,0.0,198,584,42
1626115809,07/12/2021 18:50,0.0,198,583,42
1626115812,07/12/2021 18:50,0.0,198,489,42
1626115815,07/12/2021 18:50,0.0,198,474,42
1626115818,07/12/2021 18:50,0.0,198,502,42
1626115821,07/12/2021 18:50,0.0,198,519,42
1626115824,07/12/2021 18:50,0.0,198,573,42
1626115827,07/12/2021 18:50,0.0,198,522,42
1626115830,07/12/2021 18:50,0.0,198,203,42
1626115833,07/12/2021 18:50,0.0,198,408,42
1626115836,07/12/2021 18:50,0.0,198,441,42
1626115839,07/12/2021 18:50,0.0,198,485,42
1626115842,07/12/2021 18:50,0.0,198,749,42
1626115845,07/12/2021 18:50,0.0,198,765,42
1626115848,07/12/2021 18:50,0.0,198,680,42
1626115851,07/12/2021 18:50,0.0,198,566,42
1626115854,07/12/2021 18:50,0.0,198,538,42
1626115857,07/12/2021 18:50,0.0,198,447,42
1626115860,07/12/2021 18:51,0.0,198,461,42
1626115863,07/12/2021 18:51,0.0,198,461,42
1626115866,07/12/2021 18:51,0.0,198,484,42
1626115869,07/12/2021 18:51,0.0,198,480,42
1626115872,07/12/2021 18:51,0.0,198,472,42
1626115875,07/12/2021 18:51,0.0,198,466,42
1626115878,07/12/2021 18:51,0.0,198,472,42
1626115881,07/12/2021 18:51,0.0,198,488,42
1626115884,07/12/2021 18:51,0.0,198,480,42
1626115887,07/12/2021 18:51,0.0,198,480,42
1626115890,07/12/2021 18:51,0.0,198,483,42
1626115893,07/12/2021 18:51,0.0,198,482,42
1626115896,07/12/2021 18:51,0.0,198,479,42
1626115899,07/12/2021 18:51,0.0,198,482,42
1626115902,07/12/2021 18:51,0.0,198,489,42
1626115905,07/12/2021 18:51,0.0,198,492,42
1626115908,07/12/2021 18:51,0.0,198,485,42
1626115911,07/12/2021 18:51,0.0,198,482,42
1626115914,07/12/2021 18:51,0.0,198,475,42
1626115917,07/12/2021 18:51,0.0,198,474,42
1626115920,07/12/2021 18:52,0.0,198,476,42
1626115923,07/12/2021 18:52,0.0,198,477,42
1626115926,07/12/2021 18:52,0.0,198,478,42
1626115929,07/12/2021 18:52,0.0,198,440,42
1626115932,07/12/2021 18:52,0.0,198,416,42
1626115935,07/12/2021 18:52,0.34,198,657,42
1626115938,07/12/2021 18:52,1.01,198,733,42
1626115941,07/12/2021 18:52,0.67,198,675,42
1626115944,07/12/2021 18:52,0.34,198,674,42
1626115947,07/12/2021 18:52,1.01,198,499,42
1626115950,07/12/2021 18:52,1.01,198,491,42
1626115953,07/12/2021 18:52,1.01,198,511,42
1626115956,07/12/2021 18:52,0.67,198,408,42
1626115959,07/12/2021 18:52,1.01,198,278,42
1626115962,07/12/2021 18:52,1.34,198,342,42
1626115965,07/12/2021 18:52,1.01,198,636,42
1626115968,07/12/2021 18:52,1.34,198,844,42
1626115971,07/12/2021 18:52,1.01,198,690,42
1626115974,07/12/2021 18:52,1.34,198,562,42
1626115977,07/12/2021 18:52,1.68,198,647,42
1626115980,07/12/2021 18:53,1.68,189,499,42
1626115983,07/12/2021 18:53,2.01,189,430,42
1626115986,07/12/2021 18:53,1.68,189,661,41
1626115989,07/12/2021 18:53,1.34,189,862,42
1626115992,07/12/2021 18:53,1.01,189,624,42
1626115995,07/12/2021 18:53,1.34,189,507,42
1626115998,07/12/2021 18:53,0.67,189,857,42
1626116001,07/12/2021 18:53,0.67,189,491,42
1626116004,07/12/2021 18:53,0.34,189,422,42
1626116007,07/12/2021 18:53,0.34,189,504,42
1626116010,07/12/2021 18:53,0.34,189,871,42
1626116013,07/12/2021 18:53,0.0,189,590,42
1626116016,07/12/2021 18:53,0.0,189,590,42
1626116019,07/12/2021 18:53,0.0,189,720,42
1626116022,07/12/2021 18:53,0.0,189,561,42
1626116025,07/12/2021 18:53,0.0,189,537,42
1626116028,07/12/2021 18:53,0.0,189,556,42
1626116031,07/12/2021 18:53,0.0,189,541,42
1626116034,07/12/2021 18:53,0.0,189,507,42
1626116037,07/12/2021 18:53,0.0,189,463,42
1626116040,07/12/2021 18:54,0.0,189,476,42
1626116043,07/12/2021 18:54,0.0,189,493,42
1626116046,07/12/2021 18:54,0.0,189,493,43
1626116049,07/12/2021 18:54,0.0,189,494,43
1626116052,07/12/2021 18:54,0.0,189,493,43
1626116055,07/12/2021 18:54,0.0,189,480,43
1626116058,07/12/2021 18:54,0.0,189,480,43
1626116061,07/12/2021 18:54,0.0,189,470,43
1626116064,07/12/2021 18:54,0.0,189,470,43
1626116067,07/12/2021 18:54,0.0,189,478,43
1626116070,07/12/2021 18:54,0.0,189,489,43
1626116073,07/12/2021 18:54,0.0,189,493,43
1626116076,07/12/2021 18:54,0.0,189,481,43
1626116079,07/12/2021 18:54,0.0,189,488,43
1626116082,07/12/2021 18:54,0.0,189,479,43
1626116085,07/12/2021 18:54,0.0,189,501,43
1626116088,07/12/2021 18:54,0.0,189,489,43
1626116091,07/12/2021 18:54,0.0,189,482,43
1626116094,07/12/2021 18:54,0.0,189,513,43
1626116097,07/12/2021 18:54,0.0,189,532,43
1626116100,07/12/2021 18:55,0.0,189,449,43
1626116103,07/12/2021 18:55,0.0,189,523,44
1626116106,07/12/2021 18:55,0.0,189,643,44
1626116109,07/12/2021 18:55,0.0,189,630,44
1626116112,07/12/2021 18:55,0.0,189,566,44
1626116115,07/12/2021 18:55,0.0,189,521,44
1626116118,07/12/2021 18:55,0.0,189,56,44
1626116121,07/12/2021 18:55,0.0,189,63,44
1626116124,07/12/2021 18:55,0.0,189,205,44
1626116127,07/12/2021 18:55,0.0,189,489,44
1626116130,07/12/2021 18:55,0.0,189,483,44
1626116133,07/12/2021 18:55,0.0,189,563,44
1626116136,07/12/2021 18:55,0.0,189,531,44
1626116139,07/12/2021 18:55,0.0,189,585,44
1626116142,07/12/2021 18:55,0.0,189,595,44
1626116145,07/12/2021 18:55,0.0,189,571,44
1626116148,07/12/2021 18:55,0.0,189,584,44
1626116151,07/12/2021 18:55,0.0,189,611,44
1626116154,07/12/2021 18:55,0.0,189,647,44
1626116157,07/12/2021 18:55,0.0,189,521,44
1626116160,07/12/2021 18:56,0.0,189,445,44
1626116163,07/12/2021 18:56,0.0,189,633,44
1626116166,07/12/2021 18:56,0.0,189,438,44
1626116169,07/12/2021 18:56,0.0,189,509,44
1626116172,07/12/2021 18:56,0.0,189,380,44
1626116175,07/12/2021 18:56,0.0,189,425,44
1626116178,07/12/2021 18:56,0.0,189,452,43
1626116181,07/12/2021 18:56,0.0,189,510,44
1626116184,07/12/2021 18:56,0.0,189,383,44
1626116187,07/12/2021 18:56,0.0,189,184,44
1626116190,07/12/2021 18:56,0.0,189,246,44
1626116193,07/12/2021 18:56,0.0,189,295,44
1626116196,07/12/2021 18:56,0.0,189,614,44
1626116199,07/12/2021 18:56,0.0,189,578,44
1626116202,07/12/2021 18:56,0.0,189,583,44
1626116205,07/12/2021 18:56,0.0,189,572,44
1626116208,07/12/2021 18:56,0.0,189,587,44
1626116211,07/12/2021 18:56,0.0,189,572,44
1626116214,07/12/2021 18:56,0.0,189,492,44
1626116217,07/12/2021 18:56,0.0,189,459,44
1626116220,07/12/2021 18:57,0.0,189,257,44
1626116223,07/12/2021 18:57,0.0,189,515,44
1626116226,07/12/2021 18:57,0.0,189,455,44
1626116229,07/12/2021 18:57,0.0,189,565,44
1626116232,07/12/2021 18:57,0.0,189,580,44
1626116235,07/12/2021 18:57,0.0,189,580,44
1626116238,07/12/2021 18:57,0.0,189,565,44
1626116241,07/12/2021 18:57,0.0,189,468,44
1626116244,07/12/2021 18:57,0.0,189,449,44
1626116247,07/12/2021 18:57,0.0,189,363,44
1626116250,07/12/2021 18:57,0.0,189,284,44
1626116253,07/12/2021 18:57,0.0,189,385,44
1626116256,07/12/2021 18:57,0.0,189,390,44
1626116259,07/12/2021 18:57,0.0,189,379,44
1626116262,07/12/2021 18:57,0.0,189,435,44
1626116265,07/12/2021 18:57,0.0,189,567,44
1626116268,07/12/2021 18:57,0.0,189,578,44
1626116271,07/12/2021 18:57,0.0,189,600,44
1626116274,07/12/2021 18:57,0.0,189,833,44
1626116277,07/12/2021 18:57,0.0,189,745,44
1626116280,07/12/2021 18:58,0.0,189,722,44
1626116283,07/12/2021 18:58,0.0,189,726,44
1626116286,07/12/2021 18:58,0.0,189,571,45
1626116289,07/12/2021 18:58,0.0,189,453,45
1626116292,07/12/2021 18:58,0.0,189,523,45
1626116295,07/12/2021 18:58,0.0,189,487,45
1626116298,07/12/2021 18:58,0.0,189,521,45
1626116301,07/12/2021 18:58,0.0,189,501,45
1626116304,07/12/2021 18:58,0.0,189,504,45
1626116307,07/12/2021 18:58,0.0,189,534,45
1626116310,07/12/2021 18:58,0.0,189,539,45
1626116313,07/12/2021 18:58,0.67,190,537,45
1626116316,07/12/2021 18:58,1.01,190,508,45
1626116319,07/12/2021 18:58,1.68,190,511,45
1626116322,07/12/2021 18:58,1.68,189,521,45
1626116325,07/12/2021 18:58,1.34,189,463,45
1626116328,07/12/2021 18:58,1.34,189,392,45
1626116331,07/12/2021 18:58,0.67,189,366,45
1626116334,07/12/2021 18:58,0.67,189,603,45
1626116337,07/12/2021 18:58,1.68,189,775,45
1626116340,07/12/2021 18:59,1.34,189,708,45
1626116343,07/12/2021 18:59,1.68,189,624,45
1626116346,07/12/2021 18:59,2.01,190,686,45
1626116349,07/12/2021 18:59,1.34,190,477,45
1626116352,07/12/2021 18:59,1.01,189,442,45
1626116355,07/12/2021 18:59,0.67,190,621,45
1626116358,07/12/2021 18:59,0.34,190,621,45
1626116361,07/12/2021 18:59,0.67,190,415,44
1626116364,07/12/2021 18:59,1.01,190,137,44
1626116367,07/12/2021 18:59,1.34,190,473,44
1626116370,07/12/2021 18:59,1.01,190,594,44
1626116373,07/12/2021 18:59,1.34,190,562,44
1626116376,07/12/2021 18:59,1.34,190,549,44
1626116379,07/12/2021 18:59,1.01,190,534,44
1626116382,07/12/2021 18:59,2.01,191,498,44
1626116385,07/12/2021 18:59,1.68,191,513,44
1626116388,07/12/2021 18:59,1.34,191,499,44
1626116391,07/12/2021 18:59,1.34,190,519,44
1626116394,07/12/2021 18:59,1.34,191,583,43
1626116397,07/12/2021 18:59,1.01,190,622,43
1626116400,07/12/2021 19:00,0.67,191,537,43
1626116403,07/12/2021 19:00,0.67,191,519,43
1626116406,07/12/2021 19:00,0.67,191,458,43
1626116409,07/12/2021 19:00,0.67,191,466,43
1626116412,07/12/2021 19:00,0.34,191,445,43
1626116415,07/12/2021 19:00,0.34,191,414,43
1626116418,07/12/2021 19:00,0.67,191,429,43
1626116421,07/12/2021 19:00,0.34,191,484,43
1626116424,07/12/2021 19:00,0.34,191,457,43
1626116427,07/12/2021 19:00,1.01,191,534,43
1626116430,07/12/2021 19:00,1.34,191,545,43
1626116433,07/12/2021 19:00,2.01,191,575,43
1626116436,07/12/2021 19:00,1.68,191,609,43
1626116439,07/12/2021 19:00,1.34,191,597,43
1626116442,07/12/2021 19:00,1.68,191,521,43
1626116445,07/12/2021 19:00,1.01,191,281,42
1626116448,07/12/2021 19:00,1.34,191,309,42
1626116451,07/12/2021 19:00,1.34,191,315,42
1626116454,07/12/2021 19:00,1.68,191,349,42
1626116457,07/12/2021 19:00,1.34,191,416,42
1626116460,07/12/2021 19:01,1.68,191,382,42
1626116463,07/12/2021 19:01,1.34,191,445,42
1626116466,07/12/2021 19:01,1.01,191,527,42
1626116469,07/12/2021 19:01,0.67,191,502,42
1626116472,07/12/2021 19:01,0.67,191,554,42
1626116475,07/12/2021 19:01,1.01,192,513,42
1626116478,07/12/2021 19:01,1.68,192,422,42
1626116481,07/12/2021 19:01,2.01,198,366,42
1626116484,07/12/2021 19:01,2.01,215,464,41
1626116487,07/12/2021 19:01,2.35,267,316,41
1626116490,07/12/2021 19:01,1.68,267,576,41
1626116493,07/12/2021 19:01,2.01,267,489,41
1626116496,07/12/2021 19:01,2.01,267,541,40
1626116499,07/12/2021 19:01,1.68,267,538,40
1626116502,07/12/2021 19:01,2.01,268,628,40
1626116505,07/12/2021 19:01,2.01,267,575,40
1626116508,07/12/2021 19:01,2.68,282,535,40
1626116511,07/12/2021 19:01,2.35,284,552,40
1626116514,07/12/2021 19:01,1.68,285,535,40
1626116517,07/12/2021 19:01,1.34,284,518,39
1626116520,07/12/2021 19:02,1.01,284,501,39
1626116523,07/12/2021 19:02,0.34,284,463,39
1626116526,07/12/2021 19:02,0.67,284,521,39
1626116529,07/12/2021 19:02,0.34,284,420,39
1626116532,07/12/2021 19:02,0.34,284,372,40
1626116535,07/12/2021 19:02,1.01,284,339,40
1626116538,07/12/2021 19:02,0.67,284,380,40
1626116541,07/12/2021 19:02,1.01,284,456,40
1626116544,07/12/2021 19:02,1.34,274,445,40
1626116547,07/12/2021 19:02,0.67,272,438,40
1626116550,07/12/2021 19:02,1.01,271,445,40
1626116553,07/12/2021 19:02,0.34,272,457,40
1626116556,07/12/2021 19:02,0.67,272,466,40
1626116559,07/12/2021 19:02,0.0,272,468,40
1626116562,07/12/2021 19:02,0.34,272,452,40
1626116565,07/12/2021 19:02,0.0,272,579,40
1626116568,07/12/2021 19:02,0.0,272,570,40
1626116571,07/12/2021 19:02,0.67,272,553,39
1626116574,07/12/2021 19:02,1.01,272,568,39
1626116577,07/12/2021 19:02,0.67,272,514,39
1626116580,07/12/2021 19:03,0.34,272,278,39
1626116583,07/12/2021 19:03,0.34,272,306,39
1626116586,07/12/2021 19:03,0.34,272,339,40
1626116589,07/12/2021 19:03,0.34,272,412,40
1626116592,07/12/2021 19:03,0.0,272,347,40
1626116595,07/12/2021 19:03,0.0,271,388,40
1626116598,07/12/2021 19:03,0.0,272,433,40
1626116601,07/12/2021 19:03,0.0,272,499,40
1626116604,07/12/2021 19:03,0.0,272,664,40
1626116607,07/12/2021 19:03,0.0,272,512,40
1626116610,07/12/2021 19:03,0.0,272,477,40
1626116613,07/12/2021 19:03,0.0,272,548,40
1626116616,07/12/2021 19:03,0.34,272,416,40
1626116619,07/12/2021 19:03,0.67,272,396,40
1626116622,07/12/2021 19:03,0.34,272,537,40
1626116625,07/12/2021 19:03,0.67,272,756,40
1626116628,07/12/2021 19:03,0.67,267,667,40
1626116631,07/12/2021 19:03,0.34,267,421,40
1626116634,07/12/2021 19:03,1.01,267,386,40
1626116637,07/12/2021 19:03,0.67,267,533,40
