111,111,111,111,111,111,111,111
2,98,17,53,66,97,0,3,241,63
2,98,17,53,69,96,128,3,242,63
2,98,17,53,72,96,128,3,242,63
2,98,17,53,75,97,0,3,242,63
2,98,17,53,78,96,128,3,241,63
2,98,17,53,81,96,128,3,242,63
2,98,17,53,84,96,128,3,242,63
2,98,17,53,87,96,128,3,242,63
2,98,17,53,90,96,128,3,242,63
2,98,17,53,93,96,128,3,243,63
2,98,17,53,96,97,0,3,242,63
2,98,17,53,99,96,128,3,242,63
2,98,17,53,102,97,0,3,242,63
2,98,17,53,105,96,128,3,242,63
2,98,17,53,108,96,128,3,241,63
2,98,17,53,111,96,128,3,241,63
2,98,17,53,114,96,128,3,241,63
2,98,17,53,117,96,128,3,241,63
2,98,17,53,120,96,128,3,241,63
2,98,17,53,123,97,0,3,240,63
2,98,17,53,126,96,128,3,240,63
2,98,17,53,129,96,128,3,240,63
2,98,17,53,132,96,128,3,240,63
2,98,17,53,135,96,128,3,240,63
2,98,17,53,138,96,128,3,239,63
2,98,17,53,141,96,128,3,239,63
2,98,17,53,144,96,128,3,239,63
2,98,17,53,147,96,128,3,240,63
2,98,17,53,150,97,0,3,240,63
2,98,17,53,153,96,128,3,240,63
2,98,17,53,156,96,128,3,239,63
2,98,17,53,159,96,128,3,238,63
2,98,17,53,162,96,128,3,238,63
2,98,17,53,165,96,128,3,238,63
2,98,17,53,168,97,0,3,237,63
2,98,17,53,171,96,128,3,237,63
2,98,17,53,174,96,128,3,237,63
2,98,17,53,177,96,128,3,237,63
2,98,17,53,180,96,128,3,237,63
2,98,17,53,183,96,128,3,237,63
2,98,17,53,186,96,128,3,237,63
2,98,17,53,189,96,128,3,237,63
2,98,17,53,192,96,128,3,237,63
2,98,17,53,195,96,128,3,237,63
2,98,17,53,198,96,128,3,238,63
2,98,17,53,201,96,128,3,238,63
2,98,17,53,204,96,128,3,237,63
2,98,17,53,207,96,128,3,238,63
2,98,17,53,210,96,128,3,238,63
2,98,17,53,213,96,128,3,237,63
2,98,17,53,216,97,0,3,238,63
2,98,17,53,219,96,128,3,238,63
2,98,17,53,222,96,128,3,238,63
2,98,17,53,225,96,128,3,238,63
2,98,17,53,228,96,128,3,238,63
2,98,17,53,231,96,128,3,238,63
2,98,17,53,234,96,128,3,238,63
2,98,17,53,237,96,128,3,238,63
2,98,17,53,240,96,128,3,238,63
2,98,17,53,243,96,128,3,238,63
2,98,17,53,246,96,128,3,239,63
2,98,17,53,249,96,128,3,239,63
2,98,17,53,252,96,128,3,238,63
2,98,17,53,255,97,0,3,239,63
2,98,17,54,2,96,128,3,238,63
2,98,17,54,5,96,128,3,239,63
2,98,17,54,8,97,0,3,238,63
2,98,17,54,11,96,128,3,238,63
2,98,17,54,14,96,128,3,239,63
2,98,17,54,17,97,0,3,238,63
2,98,17,54,20,97,0,3,238,63
2,98,17,54,23,96,128,3,238,63
2,98,17,54,26,96,128,3,238,63
2,98,17,54,29,96,128,3,238,63
2,98,17,54,32,96,128,3,239,63
2,98,17,54,35,96,128,3,239,63
2,98,17,54,38,96,128,3,238,63
2,98,17,54,41,96,128,3,238,63
2,98,17,54,44,96,128,3,237,63
2,98,17,54,47,97,0,3,237,63
2,98,17,54,50,96,128,3,237,63
2,98,17,54,53,96,128,3,237,63
2,98,17,54,56,96,128,3,236,63
2,98,17,54,59,96,128,3,236,63
2,98,17,54,62,97,128,3,236,63
2,98,17,54,65,96,128,3,236,63
2,98,17,54,68,96,128,3,236,63
2,98,17,54,71,96,128,3,236,63
2,98,17,54,74,97,0,3,235,63
2,98,17,54,77,96,128,3,235,63
2,98,17,54,80,97,0,3,235,63
2,98,17,54,83,96,128,3,235,63
2,98,17,54,86,96,128,3,236,63
2,98,17,54,89,96,128,3,236,63
2,98,17,54,92,96,128,3,235,63
2,98,17,54,95,96,128,3,236,63
2,98,17,54,98,96,128,3,236,63
2,98,17,54,101,96,128,3,236,63
2,98,17,54,104,97,0,3,236,63
2,98,17,54,107,97,0,3,236,63
2,98,17,54,110,96,128,3,236,63
2,98,17,54,113,96,128,3,236,63
2,98,17,54,116,96,128,3,237,63
2,98,17,54,119,96,128,3,237,63
2,98,17,54,122,96,128,3,237,63
2,98,17,54,125,97,128,3,236,63
2,98,17,54,128,96,128,3,236,63
2,98,17,54,131,96,128,3,236,63
2,98,17,54,134,96,128,3,235,63
2,98,17,54,137,96,128,3,235,63
2,98,17,54,140,96,128,3,235,63
2,98,17,54,143,96,128,3,234,63
2,98,17,54,146,96,128,3,234,63
2,98,17,54,149,96,128,3,234,63
2,98,17,54,152,96,128,3,234,63
2,98,17,54,155,96,128,3,234,63
2,98,17,54,158,96,0,3,234,63
2,98,17,54,161,96,128,3,235,63
2,98,17,54,164,96,128,3,236,63
2,98,17,54,167,96,128,3,236,63
2,98,17,54,170,96,128,3,236,63
2,98,17,54,173,96,128,3,237,63
2,98,17,54,176,96,128,3,236,63
2,98,17,54,179,96,128,3,236,63
2,98,17,54,182,97,0,3,235,63
2,98,17,54,185,96,128,3,235,63
2,98,17,54,188,96,128,3,236,63
2,98,17,54,191,96,128,3,236,63
2,98,17,54,194,97,0,3,237,63
2,98,17,54,197,96,128,3,237,63
2,98,17,54,200,96,128,3,237,63
2,98,17,54,203,96,128,3,237,63
2,98,17,54,206,96,128,3,237,63
2,98,17,54,209,96,128,3,237,63
2,98,17,54,212,96,128,3,237,63
2,98,17,54,215,96,128,3,237,63
2,98,17,54,218,96,128,3,237,63
2,98,17,54,221,96,128,3,238,63
2,98,17,54,224,96,128,3,238,63
2,98,17,54,227,96,128,3,238,63
2,98,17,54,230,96,128,3,239,63
2,98,17,54,233,96,0,3,239,63
2,98,17,54,236,96,128,3,240,63
2,98,17,54,239,96,128,3,240,63
2,98,17,54,242,96,128,3,239,63
2,98,17,54,245,96,128,3,240,63
2,98,17,54,248,96,128,3,240,63
2,98,17,54,251,96,128,3,240,63
111,111,111,111,111,111,111,111
2,98,17,55,5,96,128,3,241,63
2,98,17,55,8,96,128,3,242,63
2,98,17,55,11,97,0,3,242,63
2,98,17,55,14,96,128,3,242,63
2,98,17,55,17,96,128,3,242,63
2,98,17,55,20,96,128,3,242,63
