0,1,1644533981,885,23,40,172,130,7264,0,3.29
0,1,1644533984,885,23,40,228,131,7264,0,3.31
0,1,1644533987,885,23,40,229,132,7264,0,3.3
0,1,1644533990,884,23,40,169,133,7264,0,3.29
0,1,1644533993,885,23,40,223,134,7264,0,3.3
0,1,1644533996,885,23,40,228,135,7264,0,3.31
0,1,1644533999,885,23,40,181,136,7264,0,3.29
0,1,1644534002,885,23,40,190,137,7264,0,3.29
0,1,1644534005,886,23,40,176,138,7264,0,3.29
0,1,1644534008,886,23,40,219,139,7264,0,3.29
0,1,1644534011,886,23,40,201,140,7264,0,3.32
0,1,1644534014,886,23,40,162,141,7264,0,3.3
0,1,1644534017,886,23,39,164,142,7264,0,3.27
0,1,1644534020,887,23,40,164,143,7264,0,3.3
0,1,1644534023,888,23,39,185,144,7264,0,3.3
0,1,1644534026,888,23,40,229,145,7264,0,3.31
0,1,1644534029,888,23,40,162,146,7264,0,3.29
0,1,1644534032,888,23,39,183,147,7264,0,3.29
0,1,1644534035,888,23,39,215,148,7264,0,3.32
0,1,1644534038,889,23,39,173,149,7264,0,3.31
0,1,1644534041,888,23,39,163,150,7264,0,3.3
0,1,1644534044,889,23,39,182,151,7264,0,3.29
0,1,1644534047,889,23,39,164,152,7264,0,3.3
0,1,1644534050,888,23,39,231,153,7264,0,3.31
0,1,1644534053,889,23,39,218,154,7264,0,3.28
0,1,1644534056,888,23,40,171,155,7264,0,3.3
0,1,1644534059,888,23,39,163,156,7264,0,3.3
0,1,1644534062,887,23,39,166,157,7264,0,3.28
0,1,1644534065,887,23,39,164,158,7264,0,3.3
0,1,1644534068,887,23,39,192,159,7264,0,3.29
0,1,1644534071,885,23,39,229,160,7264,0,3.3
0,1,1644534074,886,23,39,161,161,7264,0,3.3
0,1,1644534077,884,23,39,173,162,7264,0,3.29
0,1,1644534080,884,23,39,228,163,7264,0,3.32
0,1,1644534083,884,23,39,230,164,7264,0,3.3
0,1,1644534086,884,23,39,167,165,7264,0,3.29
0,1,1644534089,884,23,39,220,166,7264,0,3.29
0,1,1644534092,884,23,39,227,167,7264,0,3.31
0,1,1644534095,883,23,39,178,168,7264,0,3.3
0,1,1644534098,883,23,39,163,169,7264,0,3.3
0,1,1644534101,884,23,39,212,170,7264,0,3.32
0,1,1644534104,884,23,40,176,171,7264,0,3.3
0,1,1644534107,884,23,39,186,172,7264,0,3.28
0,1,1644534110,884,23,39,231,173,7264,0,3.32
0,1,1644534113,883,23,39,229,174,7264,0,3.31
0,1,1644534116,883,23,39,188,175,7264,0,3.28
0,1,1644534119,883,23,39,226,176,7264,0,3.3
0,1,1644534122,883,23,39,222,177,7264,0,3.29
0,1,1644534125,883,23,39,227,178,7264,0,3.3
0,1,1644534128,883,23,39,226,179,7264,0,3.32
0,1,1644534131,882,23,39,220,180,7264,0,3.29
0,1,1644534134,882,23,39,227,181,7264,0,3.31
0,1,1644534137,882,23,39,225,182,7264,0,3.3
0,1,1644534140,882,23,39,226,183,7264,0,3.31
0,1,1644534143,882,23,39,199,184,7264,0,3.32
0,1,1644534146,882,23,39,199,185,7264,0,3.29
0,1,1644534149,883,23,39,166,186,7264,0,3.29
0,1,1644534152,883,23,39,194,187,7264,0,3.26
0,1,1644534155,882,23,39,210,188,7264,0,3.31
0,1,1644534158,883,23,39,162,189,7264,0,3.3
0,1,1644534161,883,23,39,171,190,7264,0,3.31
0,1,1644534164,884,23,39,164,191,7264,0,3.28
0,1,1644534167,883,23,39,176,192,7264,0,3.29
0,1,1644534170,883,23,39,184,193,7264,0,3.3
0,1,1644534173,883,23,39,166,194,7264,0,3.29
0,1,1644534176,882,23,39,189,195,7264,0,3.29
0,1,1644534179,881,23,39,187,196,7264,0,3.3
0,1,1644534182,881,23,39,224,197,7264,0,3.26
0,1,1644534185,881,23,39,213,198,7264,0,3.28
0,1,1644534188,881,23,39,227,199,7264,0,3.31
0,1,1644534191,880,23,39,227,200,7264,0,3.31
0,1,1644534194,880,23,39,219,201,7264,0,3.31
0,1,1644534197,879,23,39,211,202,7264,0,3.26
0,1,1644534200,879,23,39,224,203,7264,0,3.3
0,1,1644534203,879,23,39,214,204,7264,0,3.28
0,1,1644534206,878,23,39,161,205,7264,0,3.3
0,1,1644534209,878,23,39,169,206,7264,0,3.3
0,1,1644534212,878,23,39,200,207,7264,0,3.29
0,1,1644534215,879,23,39,226,208,7264,0,3.3
0,1,1644534218,878,23,39,228,209,7264,0,3.3
0,1,1644534221,878,23,39,191,210,7264,0,3.29
0,1,1644534224,878,23,39,223,211,7264,0,3.3
0,1,1644534227,878,23,39,206,212,7264,0,3.3
0,1,1644534230,878,23,39,229,213,7264,0,3.31
0,1,1644534233,878,23,39,217,214,7264,0,3.32
0,1,1644534236,878,23,39,226,215,7264,0,3.31
0,1,1644534239,877,23,39,194,216,7264,0,3.32
0,1,1644534242,877,23,39,224,217,7264,0,3.29
0,1,1644534245,878,23,39,205,218,7264,0,3.32
0,1,1644534248,878,23,39,181,219,7264,0,3.32
0,1,1644534251,878,23,39,171,220,7264,0,3.31
0,1,1644534254,878,23,39,230,221,7264,0,3.31
0,1,1644534257,878,23,39,227,222,7264,0,3.33
0,1,1644534260,877,23,39,207,223,7264,0,3.32
0,1,1644534263,877,23,39,181,224,7264,0,3.31
0,1,1644534266,876,23,39,175,225,7264,0,3.3
0,1,1644534269,876,23,39,164,226,7264,0,3.29
0,1,1644534272,875,23,39,185,227,7264,0,3.27
0,1,1644534275,875,23,39,165,228,7264,0,3.3
0,1,1644534278,874,23,39,169,229,7264,0,3.31
0,1,1644534281,874,23,39,220,230,7264,0,3.32
0,1,1644534284,874,23,39,166,231,7264,0,3.31
0,1,1644534287,873,23,39,174,232,7264,0,3.27
0,1,1644534290,873,23,39,210,233,7264,0,3.32
0,1,1644534293,873,23,39,168,234,7264,0,3.31
0,1,1644534296,872,23,39,204,235,7264,0,3.32
0,1,1644534299,873,23,39,178,236,7264,0,3.3
0,1,1644534302,872,23,39,200,237,7264,0,3.24
0,1,1644534305,871,23,39,162,238,7264,0,3.29
0,1,1644534308,871,23,40,179,239,7264,0,3.29
0,1,1644534311,869,23,40,172,240,7264,0,3.3
0,1,1644534314,870,23,39,215,241,7264,0,3.28
0,1,1644534317,870,23,39,163,242,7264,0,3.3
0,1,1644534320,870,23,39,165,243,7264,0,3.3
0,1,1644534323,869,23,39,198,244,7264,0,3.29
0,1,1644534326,870,23,39,174,245,7264,0,3.31
0,1,1644534329,870,23,39,171,246,7264,0,3.3
0,1,1644534332,869,23,39,199,247,7264,0,3.26
0,1,1644534335,869,23,39,199,248,7264,0,3.28
0,1,1644534338,869,23,39,229,249,7264,0,3.31
0,1,1644534341,869,23,39,227,250,7264,0,3.31
0,1,1644534344,869,23,39,228,251,7264,0,3.31
0,1,1644534347,868,23,39,227,252,7264,0,3.31
0,1,1644534350,868,23,39,179,253,7264,0,3.29
0,1,1644534353,868,23,39,164,254,7264,0,3.3
0,1,1644534356,868,23,39,180,0,7264,0,3.3
0,1,1644534359,867,23,39,193,1,7264,0,3.29
0,1,1644534362,866,23,39,223,2,7264,0,3.29
0,1,1644534365,866,23,39,229,3,7264,0,3.31
0,1,1644534368,866,23,39,171,4,7264,0,3.31
0,1,1644534371,865,23,39,226,5,7264,0,3.31
0,1,1644534374,865,23,39,228,6,7264,0,3.31
0,1,1644534377,865,23,39,182,7,7264,0,3.28
0,1,1644534380,865,23,39,171,8,7264,0,3.31
0,1,1644534383,866,23,39,172,9,7264,0,3.31
0,1,1644534386,865,23,39,167,10,7264,0,3.3
0,1,1644534389,865,23,39,203,11,7264,0,3.32
0,1,1644534392,864,23,39,189,12,7264,0,3.32
0,1,1644534395,863,23,39,188,13,7264,0,3.32
0,1,1644534398,863,23,39,171,14,7264,0,3.31
0,1,1644534401,862,23,39,163,15,7264,0,3.3
0,1,1644534404,862,23,39,223,16,7264,0,3.32
0,1,1644534407,862,23,39,168,17,7264,0,3.31
0,1,1644534410,861,23,39,184,18,7264,0,3.29
0,1,1644534413,861,23,39,229,19,7264,0,3.31
0,1,1644534416,861,23,39,213,20,7264,0,3.32
0,1,1644534419,861,23,39,178,21,7264,0,3.29
0,1,1644534422,860,23,39,184,22,7264,0,3.28
0,1,1644534425,860,23,39,232,23,7264,0,3.31
0,1,1644534428,859,23,39,228,24,7264,0,3.32
0,1,1644534431,859,23,39,214,25,7264,0,3.29
0,1,1644534434,859,23,39,177,26,7264,0,3.31
0,1,1644534437,858,23,39,166,27,7264,0,3.27
0,1,1644534440,858,23,39,210,28,7264,0,3.29
0,1,1644534443,858,23,39,230,29,7264,0,3.31
0,1,1644534446,858,23,39,208,30,7264,0,3.31
0,1,1644534449,858,23,39,192,31,7264,0,3.29
0,1,1644534452,858,23,39,225,32,7264,0,3.31
0,1,1644534455,858,23,39,227,33,7264,0,3.31
0,1,1644534458,858,23,39,163,34,7264,0,3.3
0,1,1644534461,857,23,39,189,35,7264,0,3.29
0,1,1644534464,857,23,39,227,36,7264,0,3.31
0,1,1644534467,857,23,39,223,37,7264,0,3.28
0,1,1644534470,857,23,39,190,38,7264,0,3.33
0,1,1644534473,858,23,39,164,39,7264,0,3.3
0,1,1644534476,857,23,39,229,40,7264,0,3.31
0,1,1644534479,858,23,39,228,41,7264,0,3.31
0,1,1644534482,857,23,39,203,42,7264,0,3.26
0,1,1644534485,857,23,39,203,43,7264,0,3.31
0,1,1644534488,857,23,39,165,44,7264,0,3.31
0,1,1644534491,856,23,39,168,45,7264,0,3.3
0,1,1644534494,856,23,39,206,46,7264,0,3.32
0,1,1644534497,856,23,39,186,47,7264,0,3.31
0,1,1644534500,855,23,39,219,48,7264,0,3.32
0,1,1644534503,855,23,39,224,49,7264,0,3.3
0,1,1644534506,854,23,39,160,50,7264,0,3.31
0,1,1644534509,855,23,39,172,51,7264,0,3.29
0,1,1644534512,855,23,39,186,52,7264,0,3.29
0,1,1644534515,854,23,39,163,53,7264,0,3.3
0,1,1644534518,854,23,39,187,54,7264,0,3.28
0,1,1644534521,853,23,39,209,55,7264,0,3.29
0,1,1644534524,853,23,39,165,56,7264,0,3.3
0,1,1644534527,854,23,39,204,57,7264,0,3.29
0,1,1644534530,853,23,39,204,58,7264,0,3.32
0,1,1644534533,853,23,39,182,59,7264,0,3.3
0,1,1644534536,852,23,39,167,60,7264,0,3.31
0,1,1644534539,853,23,39,231,61,7264,0,3.31
0,1,1644534542,852,23,39,223,62,7264,0,3.32
0,1,1644534545,853,23,39,226,63,7264,0,3.31
0,1,1644534548,853,23,39,228,64,7264,0,3.31
0,1,1644534551,852,23,39,226,65,7264,0,3.3
0,1,1644534554,852,23,39,223,66,7264,0,3.31
0,1,1644534557,852,23,39,181,67,7264,0,3.3
0,1,1644534560,852,23,39,191,68,7264,0,3.32
0,1,1644534563,852,23,39,226,69,7264,0,3.3
0,1,1644534566,853,23,39,197,70,7264,0,3.28
0,1,1644534569,853,23,39,197,71,7264,0,3.32
0,1,1644534572,853,23,39,183,72,7264,0,3.3
0,1,1644534575,852,23,39,163,73,7264,0,3.3
0,1,1644534578,852,23,39,228,74,7264,0,3.3
0,1,1644534581,853,23,39,173,75,7264,0,3.3
0,1,1644534584,852,23,39,225,76,7264,0,3.29
0,1,1644534587,852,23,39,160,77,7264,0,3.28
0,1,1644534590,853,23,39,179,78,7264,0,3.31
0,1,1644534593,852,23,39,165,79,7264,0,3.3
0,1,1644534596,852,23,39,167,80,7264,0,3.29
0,1,1644534599,852,23,39,232,81,7264,0,3.31
0,1,1644534602,851,23,39,221,82,7264,0,3.31
0,1,1644534605,851,23,39,171,83,7264,0,3.31
0,1,1644534608,851,23,39,163,84,7264,0,3.28
0,1,1644534611,850,23,39,227,85,7264,0,3.29
0,1,1644534614,850,23,39,228,86,7264,0,3.3
0,1,1644534617,851,23,39,217,87,7264,0,3.31
0,1,1644534620,851,23,39,208,88,7264,0,3.32
0,1,1644534623,850,23,39,182,89,7264,0,3.3
0,1,1644534626,850,23,39,165,90,7264,0,3.3
0,1,1644534629,850,23,39,166,91,7264,0,3.3
0,1,1644534632,849,23,39,231,92,7264,0,3.3
0,1,1644534635,849,23,39,222,93,7264,0,3.29
0,1,1644534638,849,23,39,169,94,7264,0,3.31
0,1,1644534641,848,23,39,204,95,7264,0,3.32
0,1,1644534644,848,23,39,229,96,7264,0,3.31
0,1,1644534647,848,23,39,212,97,7264,0,3.31
0,1,1644534650,848,23,39,216,98,7264,0,3.29
0,1,1644534653,848,23,39,228,99,7264,0,3.28
0,1,1644534656,847,23,39,225,100,7264,0,3.3
0,1,1644534659,847,23,39,160,101,7264,0,3.3
0,1,1644534662,847,23,39,183,102,7264,0,3.29
0,1,1644534665,847,23,39,230,103,7264,0,3.31
0,1,1644534668,847,23,39,201,104,7264,0,3.31
0,1,1644534671,847,23,39,175,105,7264,0,3.31
0,1,1644534674,847,23,39,230,106,7264,0,3.31
0,1,1644534677,847,23,39,228,107,7264,0,3.31
0,1,1644534680,847,23,39,179,108,7264,0,3.31
0,1,1644534683,847,23,39,163,109,7264,0,3.3
0,1,1644534686,846,23,39,175,110,7264,0,3.31
0,1,1644534689,846,23,39,184,111,7264,0,3.31
0,1,1644534692,845,23,39,169,112,7264,0,3.29
0,1,1644534695,845,23,39,229,113,7264,0,3.31
0,1,1644534698,845,23,39,219,114,7264,0,3.29
0,1,1644534701,844,23,39,186,115,7264,0,3.32
0,1,1644534704,844,23,39,163,116,7264,0,3.31
0,1,1644534707,844,23,39,189,117,7264,0,3.32
0,1,1644534710,843,23,39,167,118,7264,0,3.3
0,1,1644534713,843,23,39,230,119,7264,0,3.29
0,1,1644534716,843,23,39,226,120,7264,0,3.31
0,1,1644534719,842,23,39,227,121,7264,0,3.32
0,1,1644534722,842,23,39,222,122,7264,0,3.31
0,1,1644534725,842,23,39,180,123,7264,0,3.3
0,1,1644534728,842,23,39,163,124,7264,0,3.27
0,1,1644534731,842,23,39,217,125,7264,0,3.31
0,1,1644534734,842,23,39,168,126,7264,0,3.3
0,1,1644534737,842,23,39,183,127,7264,0,3.3
0,1,1644534740,841,23,39,181,128,7264,0,3.3
0,1,1644534743,840,23,39,232,129,7264,0,3.29
0,1,1644534746,840,23,39,228,130,7264,0,3.31
0,1,1644534749,840,23,39,212,131,7264,0,3.32
0,1,1644534752,840,23,39,171,132,7264,0,3.31
0,1,1644534755,840,23,39,219,133,7264,0,3.31
0,1,1644534758,839,23,39,191,134,7264,0,3.32
0,1,1644534761,838,23,39,228,135,7264,0,3.3
0,1,1644534764,838,23,39,220,136,7264,0,3.32
0,1,1644534767,837,23,39,164,137,7264,0,3.29
0,1,1644534770,838,23,39,175,138,7264,0,3.31
0,1,1644534773,838,23,39,176,139,7264,0,3.26
0,1,1644534776,837,23,39,225,140,7264,0,3.3
0,1,1644534779,837,23,39,220,141,7264,0,3.31
0,1,1644534782,837,23,39,181,142,7264,0,3.31
0,1,1644534785,838,23,39,173,143,7264,0,3.31
0,1,1644534788,838,23,39,169,144,7264,0,3.28
0,1,1644534791,837,23,39,220,145,7264,0,3.29
0,1,1644534794,837,23,39,228,146,7264,0,3.31
0,1,1644534797,837,23,39,227,147,7264,0,3.31
0,1,1644534800,836,23,39,214,148,7264,0,3.31
0,1,1644534803,837,23,39,228,149,7264,0,3.31
0,1,1644534806,836,23,39,220,150,7264,0,3.32
0,1,1644534809,835,23,39,226,151,7264,0,3.31
0,1,1644534812,835,23,39,191,152,7264,0,3.32
0,1,1644534815,835,23,39,163,153,7264,0,3.3
0,1,1644534818,835,23,39,230,154,7264,0,3.28
0,1,1644534821,835,23,39,178,155,7264,0,3.29
0,1,1644534824,835,23,39,228,156,7264,0,3.31
0,1,1644534827,835,23,39,162,157,7264,0,3.3
0,1,1644534830,835,23,39,188,158,7264,0,3.29
0,1,1644534833,835,23,39,230,159,7264,0,3.3
0,1,1644534836,834,23,39,218,160,7264,0,3.31
0,1,1644534839,834,23,39,176,161,7264,0,3.31
0,1,1644534842,833,23,39,164,162,7264,0,3.3
0,1,1644534845,833,23,39,231,163,7264,0,3.31
0,1,1644534848,833,23,39,210,164,7264,0,3.29
0,1,1644534851,833,23,39,178,165,7264,0,3.3
0,1,1644534854,833,23,39,168,166,7264,0,3.33
0,1,1644534857,833,23,39,229,167,7264,0,3.31
0,1,1644534860,833,23,39,200,168,7264,0,3.31
0,1,1644534863,834,23,39,170,169,7264,0,3.29
0,1,1644534866,834,23,39,181,170,7264,0,3.29
0,1,1644534869,834,23,39,231,171,7264,0,3.3
0,1,1644534872,834,23,39,193,172,7264,0,3.29
0,1,1644534875,833,23,39,229,173,7264,0,3.31
0,1,1644534878,833,23,39,178,174,7264,0,3.29
0,1,1644534881,833,23,39,170,175,7264,0,3.3
0,1,1644534884,833,23,39,179,176,7264,0,3.3
0,1,1644534887,832,23,39,171,177,7264,0,3.29
0,1,1644534890,831,23,39,227,178,7264,0,3.31
0,1,1644534893,831,23,39,229,179,7264,0,3.29
0,1,1644534896,831,23,39,195,180,7264,0,3.32
0,1,1644534899,831,23,39,225,181,7264,0,3.31
0,1,1644534902,831,23,39,203,182,7264,0,3.28
0,1,1644534905,831,23,39,228,183,7264,0,3.34
0,1,1644534908,831,23,39,207,184,7264,0,3.3
0,1,1644534911,831,23,39,198,185,7264,0,3.28
0,1,1644534914,831,23,39,187,186,7264,0,3.28
0,1,1644534917,831,23,39,230,187,7264,0,3.31
0,1,1644534920,831,23,39,226,188,7264,0,3.31
0,1,1644534923,831,23,39,173,189,7264,0,3.29
0,1,1644534926,831,23,39,217,190,7264,0,3.29
0,1,1644534929,831,23,39,215,191,7264,0,3.32
0,1,1644534932,831,23,39,194,192,7264,0,3.32
0,1,1644534935,831,23,39,221,193,7264,0,3.3
0,1,1644534938,830,23,39,172,194,7264,0,3.26
0,1,1644534941,831,23,39,193,195,7264,0,3.29
0,1,1644534944,830,23,39,183,196,7264,0,3.3
0,1,1644534947,831,23,39,190,197,7264,0,3.29
0,1,1644534950,831,23,39,204,198,7264,0,3.32
0,1,1644534953,832,23,39,229,199,7264,0,3.28
0,1,1644534956,831,23,39,165,200,7264,0,3.3
0,1,1644534959,831,23,39,227,201,7264,0,3.32
0,1,1644534962,831,23,39,216,202,7264,0,3.31
0,1,1644534965,830,23,39,185,203,7264,0,3.32
0,1,1644534968,830,23,39,230,204,7264,0,3.3
0,1,1644534971,830,23,39,226,205,7264,0,3.31
0,1,1644534974,831,23,39,222,206,7264,0,3.3
0,1,1644534977,830,23,39,179,207,7264,0,3.31
0,1,1644534980,831,23,39,163,208,7264,0,3.3
0,1,1644534983,830,23,39,164,209,7264,0,3.29
0,1,1644534986,830,23,39,228,210,7264,0,3.3
0,1,1644534989,831,23,39,162,211,7264,0,3.3
0,1,1644534992,830,23,39,168,212,7264,0,3.29
0,1,1644534995,830,23,39,231,213,7264,0,3.31
0,1,1644534998,830,23,39,225,214,7264,0,3.31
0,1,1644535001,830,23,39,191,215,7264,0,3.32
0,1,1644535004,829,23,39,220,216,7264,0,3.32
0,1,1644535007,829,23,39,228,217,7264,0,3.31
0,1,1644535010,829,23,39,222,218,7264,0,3.31
0,1,1644535013,829,23,39,185,219,7264,0,3.3
0,1,1644535016,828,23,39,202,220,7264,0,3.32
0,1,1644535019,828,23,39,228,221,7264,0,3.31
0,1,1644535022,828,23,39,205,222,7264,0,3.32
0,1,1644535025,828,23,39,163,223,7264,0,3.31
0,1,1644535028,828,23,39,231,224,7264,0,3.29
0,1,1644535031,828,23,39,226,225,7264,0,3.31
0,1,1644535034,827,23,39,224,226,7264,0,3.3
0,1,1644535037,828,23,39,228,227,7264,0,3.31
0,1,1644535040,828,23,39,163,228,7264,0,3.29
0,1,1644535043,828,23,39,194,229,7264,0,3.28
0,1,1644535046,829,23,39,165,230,7264,0,3.3
0,1,1644535049,829,23,39,171,231,7264,0,3.3
0,1,1644535052,829,23,39,230,232,7264,0,3.31
0,1,1644535055,828,23,39,218,233,7264,0,3.31
0,1,1644535058,828,23,39,209,234,7264,0,3.28
0,1,1644535061,827,23,39,177,235,7264,0,3.29
0,1,1644535064,827,23,39,181,236,7264,0,3.31
0,1,1644535067,828,23,39,164,237,7264,0,3.3
0,1,1644535070,828,23,39,211,238,7264,0,3.32
0,1,1644535073,827,23,39,227,239,7264,0,3.29
0,1,1644535076,827,23,39,184,240,7264,0,3.29
0,1,1644535079,827,23,39,170,241,7264,0,3.31
0,1,1644535082,827,23,39,190,242,7264,0,3.29
0,1,1644535085,826,23,39,229,243,7264,0,3.31
0,1,1644535088,826,23,39,162,244,7264,0,3.28
0,1,1644535091,826,23,39,177,245,7264,0,3.3
0,1,1644535094,826,23,39,183,246,7264,0,3.3
0,1,1644535097,826,23,39,213,247,7264,0,3.31
0,1,1644535100,826,23,39,170,248,7264,0,3.3
0,1,1644535103,827,23,39,202,249,7264,0,3.27
0,1,1644535106,827,23,39,222,250,7264,0,3.29
0,1,1644535109,827,23,39,224,251,7264,0,3.31
0,1,1644535112,827,23,39,191,252,7264,0,3.3
0,1,1644535115,827,23,39,172,253,7264,0,3.3
0,1,1644535118,827,23,39,202,254,7264,0,3.32
0,1,1644535121,827,23,39,229,0,7264,0,3.31
0,1,1644535124,827,23,39,208,1,7264,0,3.29
0,1,1644535127,827,23,39,221,2,7264,0,3.29
0,1,1644535130,827,23,39,162,3,7264,0,3.3
0,1,1644535133,828,23,39,229,4,7264,0,3.31
0,1,1644535136,828,23,39,178,5,7264,0,3.31
0,1,1644535139,828,23,39,167,6,7264,0,3.3
0,1,1644535142,828,23,39,163,7,7264,0,3.3
0,1,1644535145,828,23,39,176,8,7264,0,3.29
0,1,1644535148,829,23,39,174,9,7264,0,3.28
0,1,1644535151,829,23,39,230,10,7264,0,3.31
0,1,1644535154,829,23,39,223,11,7264,0,3.3
0,1,1644535157,829,23,39,228,12,7264,0,3.29
0,1,1644535160,829,23,39,169,13,7264,0,3.29
0,1,1644535163,830,23,39,230,14,7264,0,3.3
0,1,1644535166,829,23,39,213,15,7264,0,3.31
0,1,1644535169,829,23,39,194,16,7264,0,3.29
0,1,1644535172,829,23,39,229,17,7264,0,3.29
0,1,1644535175,828,23,39,224,18,7264,0,3.31
0,1,1644535178,829,23,39,219,19,7264,0,3.29
0,1,1644535181,829,23,39,217,20,7264,0,3.31
0,1,1644535184,829,23,39,224,21,7264,0,3.34
0,1,1644535187,829,23,39,227,22,7264,0,3.28
0,1,1644535190,830,23,39,227,23,7264,0,3.3
0,1,1644535193,831,23,39,226,24,7264,0,3.31
0,1,1644535196,830,23,39,182,25,7264,0,3.3
0,1,1644535199,831,23,39,215,26,7264,0,3.29
0,1,1644535202,831,23,39,199,27,7264,0,3.26
0,1,1644535205,831,23,39,223,28,7264,0,3.31
0,1,1644535208,831,23,39,184,29,7264,0,3.32
0,1,1644535211,830,23,39,229,30,7264,0,3.31
0,1,1644535214,830,23,39,228,31,7264,0,3.31
0,1,1644535217,829,23,39,226,32,7264,0,3.31
0,1,1644535220,828,23,39,194,33,7264,0,3.32
0,1,1644535223,828,23,39,185,34,7264,0,3.32
0,1,1644535226,828,23,39,187,35,7264,0,3.29
0,1,1644535229,827,23,39,191,36,7264,0,3.32
0,1,1644535232,828,23,39,229,37,7264,0,3.31
0,1,1644535235,828,23,39,219,38,7264,0,3.31
0,1,1644535238,827,23,39,226,39,7264,0,3.31
0,1,1644535241,827,23,39,227,40,7264,0,3.31
0,1,1644535244,827,23,39,195,41,7264,0,3.28
0,1,1644535247,827,23,39,162,42,7264,0,3.3
0,1,1644535250,827,23,39,229,43,7264,0,3.31
0,1,1644535253,827,23,39,228,44,7264,0,3.29
0,1,1644535256,828,23,39,179,45,7264,0,3.31
0,1,1644535259,828,23,39,178,46,7264,0,3.28
0,1,1644535262,827,23,39,227,47,7264,0,3.28
0,1,1644535265,827,23,39,161,48,7264,0,3.3
0,1,1644535268,827,23,39,183,49,7264,0,3.3
0,1,1644535271,826,23,39,229,50,7264,0,3.31
0,1,1644535274,825,23,39,188,51,7264,0,3.32
0,1,1644535277,825,23,39,215,52,7264,0,3.29
0,1,1644535280,824,23,39,164,53,7264,0,3.3
0,1,1644535283,823,23,39,182,54,7264,0,3.3
0,1,1644535286,822,23,39,165,55,7264,0,3.31
0,1,1644535289,823,23,39,230,56,7264,0,3.31
0,1,1644535292,822,23,39,224,57,7264,0,3.28
0,1,1644535295,822,23,39,164,58,7264,0,3.3
0,1,1644535298,823,23,39,164,59,7264,0,3.3
0,1,1644535301,822,23,39,181,60,7264,0,3.3
0,1,1644535304,822,23,39,230,61,7264,0,3.3
0,1,1644535307,822,23,39,221,62,7264,0,3.31
0,1,1644535310,822,23,39,167,63,7264,0,3.3
0,1,1644535313,822,23,39,171,64,7264,0,3.29
0,1,1644535316,822,23,39,171,65,7264,0,3.29
0,1,1644535319,822,23,39,229,66,7264,0,3.31
0,1,1644535322,822,23,39,179,67,7264,0,3.3
0,1,1644535325,822,23,39,226,68,7264,0,3.3
0,1,1644535328,822,23,39,182,69,7264,0,3.3
0,1,1644535331,821,23,39,228,70,7264,0,3.32
0,1,1644535334,821,23,39,219,71,7264,0,3.32
0,1,1644535337,821,23,39,227,72,7264,0,3.31
0,1,1644535340,821,23,39,160,73,7264,0,3.3
0,1,1644535343,821,23,39,168,74,7264,0,3.28
0,1,1644535346,821,23,39,231,75,7264,0,3.31
0,1,1644535349,821,23,39,186,76,7264,0,3.3
0,1,1644535352,821,23,39,165,77,7264,0,3.3
0,1,1644535355,820,23,39,171,78,7264,0,3.3
0,1,1644535358,820,23,39,194,79,7264,0,3.27
0,1,1644535361,820,23,39,177,80,7264,0,3.3
0,1,1644535364,820,23,39,186,81,7264,0,3.3
0,1,1644535367,820,23,39,231,82,7264,0,3.28
0,1,1644535370,820,23,39,181,83,7264,0,3.29
0,1,1644535373,820,23,39,168,84,7264,0,3.3
0,1,1644535376,819,23,39,187,85,7264,0,3.31
0,1,1644535379,819,23,39,167,86,7264,0,3.3
0,1,1644535382,819,23,39,203,87,7264,0,3.32
0,1,1644535385,820,23,39,164,88,7264,0,3.3
0,1,1644535388,820,23,39,183,89,7264,0,3.3
0,1,1644535391,821,23,39,210,90,7264,0,3.32
0,1,1644535394,820,23,39,190,91,7264,0,3.32
0,1,1644535397,821,23,39,223,92,7264,0,3.32
0,1,1644535400,821,23,39,222,93,7264,0,3.31
0,1,1644535403,822,23,39,179,94,7264,0,3.28
0,1,1644535406,822,23,39,230,95,7264,0,3.32
0,1,1644535409,822,23,39,165,96,7264,0,3.3
0,1,1644535412,823,23,39,229,97,7264,0,3.31
0,1,1644535415,824,23,39,228,98,7264,0,3.3
0,1,1644535418,824,23,39,226,99,7264,0,3.29
0,1,1644535421,825,23,39,227,100,7264,0,3.31
0,1,1644535424,824,23,39,192,101,7264,0,3.33
0,1,1644535427,825,23,39,178,102,7264,0,3.31
0,1,1644535430,825,23,39,210,103,7264,0,3.32
0,1,1644535433,825,23,39,229,104,7264,0,3.3
0,1,1644535436,825,23,39,228,105,7264,0,3.31
0,1,1644535439,826,23,39,223,106,7264,0,3.29
0,1,1644535442,825,23,39,227,107,7264,0,3.31
0,1,1644535445,826,23,39,207,108,7264,0,3.32
0,1,1644535448,826,23,39,172,109,7264,0,3.31
0,1,1644535451,827,23,39,176,110,7264,0,3.28
0,1,1644535454,826,23,39,227,111,7264,0,3.3
0,1,1644535457,826,23,39,213,112,7264,0,3.32
0,1,1644535460,826,23,39,179,113,7264,0,3.3
0,1,1644535463,825,23,39,186,114,7264,0,3.28
0,1,1644535466,825,23,39,220,115,7264,0,3.29
0,1,1644535469,825,23,39,209,116,7264,0,3.29
0,1,1644535472,826,23,39,215,117,7264,0,3.28
0,1,1644535475,826,23,39,187,118,7264,0,3.32
0,1,1644535478,826,23,39,186,119,7264,0,3.29
0,1,1644535481,826,23,39,168,120,7264,0,3.29
0,1,1644535484,826,23,39,230,121,7264,0,3.31
0,1,1644535487,826,23,39,226,122,7264,0,3.31
0,1,1644535490,826,23,39,225,123,7264,0,3.31
0,1,1644535493,825,23,39,227,124,7264,0,3.3
0,1,1644535496,825,23,39,220,125,7264,0,3.31
0,1,1644535499,825,23,39,185,126,7264,0,3.32
0,1,1644535502,825,23,39,222,127,7264,0,3.32
0,1,1644535505,825,23,39,168,128,7264,0,3.3
0,1,1644535508,825,23,39,184,129,7264,0,3.3
0,1,1644535511,825,23,39,219,130,7264,0,3.31
0,1,1644535514,825,23,39,163,131,7264,0,3.3
0,1,1644535517,825,23,39,230,132,7264,0,3.3
0,1,1644535520,824,23,39,190,133,7264,0,3.32
0,1,1644535523,824,23,39,229,134,7264,0,3.31
0,1,1644535526,823,23,39,186,135,7264,0,3.29
0,1,1644535529,823,23,39,178,136,7264,0,3.31
0,1,1644535532,822,23,39,164,137,7264,0,3.3
0,1,1644535535,822,23,39,229,138,7264,0,3.31
0,1,1644535538,822,23,39,217,139,7264,0,3.28
0,1,1644535541,822,23,39,167,140,7264,0,3.31
0,1,1644535544,821,23,39,168,141,7264,0,3.31
0,1,1644535547,821,23,39,199,142,7264,0,3.3
0,1,1644535550,820,23,39,180,143,7264,0,3.3
0,1,1644535553,821,23,39,220,144,7264,0,3.28
0,1,1644535556,821,23,39,228,145,7264,0,3.32
0,1,1644535559,821,23,39,174,146,7264,0,3.29
0,1,1644535562,821,23,39,200,147,7264,0,3.28
0,1,1644535565,821,23,39,227,148,7264,0,3.31
0,1,1644535568,822,23,39,227,149,7264,0,3.29
0,1,1644535571,822,23,39,168,150,7264,0,3.29
0,1,1644535574,822,23,39,227,151,7264,0,3.32
0,1,1644535577,822,23,39,174,152,7264,0,3.28
0,1,1644535580,822,23,39,181,153,7264,0,3.3
0,1,1644535583,822,23,39,225,154,7264,0,3.31
0,1,1644535586,822,23,39,163,155,7264,0,3.31
0,1,1644535589,822,23,39,226,156,7264,0,3.32
0,1,1644535592,822,23,39,221,157,7264,0,3.31
0,1,1644535595,823,23,39,168,158,7264,0,3.31
0,1,1644535598,822,23,39,175,159,7264,0,3.3
0,1,1644535601,822,23,39,209,160,7264,0,3.28
0,1,1644535604,822,23,39,170,161,7264,0,3.31
0,1,1644535607,822,23,39,164,162,7264,0,3.3
0,1,1644535610,822,23,39,164,163,7264,0,3.3
0,1,1644535613,821,23,39,206,164,7264,0,3.26
0,1,1644535616,821,23,39,229,165,7264,0,3.31
0,1,1644535619,821,23,39,190,166,7264,0,3.32
0,1,1644535622,820,23,39,165,167,7264,0,3.3
0,1,1644535625,820,23,39,227,168,7264,0,3.3
0,1,1644535628,819,23,39,225,169,7264,0,3.3
0,1,1644535631,819,23,39,228,170,7264,0,3.31
0,1,1644535634,819,23,39,220,171,7264,0,3.29
0,1,1644535637,819,23,39,228,172,7264,0,3.31
0,1,1644535640,819,23,39,178,173,7264,0,3.3
0,1,1644535643,819,23,39,214,174,7264,0,3.28
0,1,1644535646,819,23,39,204,175,7264,0,3.32
0,1,1644535649,819,23,39,209,176,7264,0,3.31
0,1,1644535652,819,23,39,164,177,7264,0,3.28
0,1,1644535655,818,23,39,199,178,7264,0,3.32
0,1,1644535658,818,23,39,175,179,7264,0,3.3
0,1,1644535661,818,23,39,180,180,7264,0,3.31
0,1,1644535664,818,23,39,231,181,7264,0,3.31
0,1,1644535667,818,23,39,224,182,7264,0,3.31
0,1,1644535670,818,23,39,167,183,7264,0,3.31
0,1,1644535673,818,23,39,218,184,7264,0,3.31
0,1,1644535676,818,23,39,172,185,7264,0,3.31
0,1,1644535679,819,23,39,166,186,7264,0,3.31
0,1,1644535682,819,23,39,165,187,7264,0,3.3
0,1,1644535685,818,23,39,167,188,7264,0,3.31
0,1,1644535688,818,23,39,223,189,7264,0,3.3
0,1,1644535691,816,23,39,176,190,7264,0,3.29
0,1,1644535694,816,23,39,183,191,7264,0,3.29
0,1,1644535697,816,23,39,172,192,7264,0,3.27
0,1,1644535700,816,23,39,210,193,7264,0,3.28
0,1,1644535703,816,23,39,162,194,7264,0,3.3
0,1,1644535706,814,23,39,201,195,7264,0,3.29
0,1,1644535709,814,23,39,164,196,7264,0,3.3
0,1,1644535712,814,23,39,229,197,7264,0,3.28
0,1,1644535715,814,23,39,228,198,7264,0,3.3
0,1,1644535718,814,23,39,227,199,7264,0,3.31
0,1,1644535721,812,23,39,227,200,7264,0,3.3
0,1,1644535724,812,23,39,223,201,7264,0,3.3
0,1,1644535727,812,23,39,227,202,7264,0,3.31
0,1,1644535730,811,23,39,193,203,7264,0,3.31
0,1,1644535733,810,23,39,228,204,7264,0,3.31
0,1,1644535736,810,23,39,200,205,7264,0,3.29
0,1,1644535739,811,23,39,179,206,7264,0,3.29
0,1,1644535742,811,23,39,229,207,7264,0,3.31
0,1,1644535745,810,23,39,163,208,7264,0,3.3
0,1,1644535748,811,23,39,229,209,7264,0,3.31
0,1,1644535751,811,23,39,228,210,7264,0,3.32
0,1,1644535754,810,23,39,167,211,7264,0,3.31
0,1,1644535757,810,23,39,191,212,7264,0,3.29
0,1,1644535760,810,23,39,230,213,7264,0,3.31
0,1,1644535763,810,23,39,220,214,7264,0,3.31
0,1,1644535766,810,23,39,176,215,7264,0,3.31
0,1,1644535769,810,23,39,224,216,7264,0,3.31
0,1,1644535772,810,23,39,221,217,7264,0,3.28
0,1,1644535775,809,23,39,168,218,7264,0,3.3
0,1,1644535778,809,23,39,165,219,7264,0,3.3
0,1,1644535781,809,23,39,196,220,7264,0,3.29
0,1,1644535784,809,23,39,221,221,7264,0,3.32
0,1,1644535787,809,23,39,229,222,7264,0,3.28
0,1,1644535790,808,23,39,191,223,7264,0,3.29
0,1,1644535793,808,23,39,226,224,7264,0,3.31
0,1,1644535796,808,23,39,228,225,7264,0,3.3
0,1,1644535799,808,23,39,224,226,7264,0,3.31
0,1,1644535802,808,23,39,196,227,7264,0,3.32
0,1,1644535805,808,23,39,217,228,7264,0,3.32
0,1,1644535808,808,23,39,181,229,7264,0,3.3
0,1,1644535811,808,23,39,203,230,7264,0,3.32
0,1,1644535814,808,23,39,220,231,7264,0,3.31
0,1,1644535817,808,23,39,187,232,7264,0,3.27
0,1,1644535820,808,23,39,186,233,7264,0,3.29
0,1,1644535823,808,23,39,172,234,7264,0,3.3
0,1,1644535826,809,23,39,231,235,7264,0,3.31
0,1,1644535829,809,23,39,199,236,7264,0,3.32
0,1,1644535832,808,23,39,164,237,7264,0,3.28
0,1,1644535835,808,23,39,167,238,7264,0,3.3
0,1,1644535838,809,23,39,174,239,7264,0,3.31
0,1,1644535841,810,23,39,166,240,7264,0,3.3
0,1,1644535844,810,23,39,182,241,7264,0,3.31
0,1,1644535847,810,23,39,165,242,7264,0,3.28
0,1,1644535850,810,23,39,231,243,7264,0,3.31
0,1,1644535853,810,23,39,225,244,7264,0,3.3
0,1,1644535856,809,23,39,227,245,7264,0,3.31
0,1,1644535859,809,23,39,227,246,7264,0,3.31
0,1,1644535862,809,23,39,225,247,7264,0,3.27
0,1,1644535865,810,23,39,211,248,7264,0,3.31
0,1,1644535868,811,23,39,219,249,7264,0,3.32
0,1,1644535871,810,23,39,178,250,7264,0,3.3
0,1,1644535874,811,23,39,173,251,7264,0,3.29
0,1,1644535877,810,23,39,172,252,7264,0,3.28
0,1,1644535880,810,23,39,180,253,7264,0,3.31
0,1,1644535883,809,23,39,167,254,7264,0,3.3
0,1,1644535886,808,23,39,171,0,7264,0,3.31
0,1,1644535889,808,23,39,230,1,7264,0,3.31
0,1,1644535892,808,23,39,163,2,7264,0,3.27
0,1,1644535895,808,23,39,197,3,7264,0,3.28
0,1,1644535898,807,23,39,230,4,7264,0,3.31
0,1,1644535901,807,23,39,187,5,7264,0,3.31
0,1,1644535904,807,23,39,228,6,7264,0,3.31
0,1,1644535907,807,23,39,223,7,7264,0,3.29
0,1,1644535910,806,23,39,187,8,7264,0,3.32
0,1,1644535913,806,23,39,164,9,7264,0,3.3
0,1,1644535916,805,23,39,185,10,7264,0,3.31
0,1,1644535919,805,23,39,220,11,7264,0,3.29
0,1,1644535922,805,23,39,212,12,7264,0,3.28
0,1,1644535925,804,23,39,170,13,7264,0,3.31
0,1,1644535928,804,23,39,183,14,7264,0,3.3
0,1,1644535931,804,23,39,208,15,7264,0,3.31
0,1,1644535934,803,23,39,187,16,7264,0,3.31
0,1,1644535937,804,23,39,230,17,7264,0,3.28
0,1,1644535940,803,23,39,225,18,7264,0,3.3
0,1,1644535943,804,23,39,174,19,7264,0,3.31
0,1,1644535946,804,23,39,226,20,7264,0,3.3
0,1,1644535949,804,23,39,163,21,7264,0,3.3
0,1,1644535952,804,23,39,210,22,7264,0,3.29
0,1,1644535955,804,23,39,224,23,7264,0,3.32
0,1,1644535958,803,23,39,220,24,7264,0,3.31
0,1,1644535961,802,23,39,180,25,7264,0,3.31
0,1,1644535964,802,23,39,177,26,7264,0,3.31
0,1,1644535967,802,23,39,187,27,7264,0,3.29
0,1,1644535970,802,23,39,184,28,7264,0,3.3
0,1,1644535973,802,23,39,164,29,7264,0,3.3
0,1,1644535976,802,23,39,185,30,7264,0,3.3
0,1,1644535979,802,23,39,167,31,7264,0,3.3
0,1,1644535982,802,23,39,164,32,7264,0,3.3
0,1,1644535985,801,23,39,227,33,7264,0,3.31
0,1,1644535988,801,23,39,218,34,7264,0,3.32
0,1,1644535991,801,23,39,169,35,7264,0,3.3
0,1,1644535994,802,23,39,185,36,7264,0,3.31
0,1,1644535997,802,23,39,181,37,7264,0,3.28
0,1,1644536000,802,23,39,231,38,7264,0,3.32
0,1,1644536003,803,23,39,176,39,7264,0,3.28
0,1,1644536006,802,23,39,230,40,7264,0,3.31
0,1,1644536009,802,23,39,227,41,7264,0,3.31
0,1,1644536012,802,23,39,178,42,7264,0,3.26
0,1,1644536015,803,23,39,170,43,7264,0,3.29
0,1,1644536018,803,23,39,224,44,7264,0,3.29
0,1,1644536021,803,23,39,168,45,7264,0,3.29
0,1,1644536024,803,23,39,165,46,7264,0,3.3
0,1,1644536027,803,23,39,185,47,7264,0,3.28
0,1,1644536030,803,23,39,215,48,7264,0,3.32
0,1,1644536033,802,23,39,228,49,7264,0,3.31
0,1,1644536036,802,23,39,214,50,7264,0,3.31
0,1,1644536039,803,23,39,168,51,7264,0,3.31
0,1,1644536042,803,23,39,227,52,7264,0,3.29
0,1,1644536045,803,23,39,169,53,7264,0,3.31
0,1,1644536048,802,23,39,188,54,7264,0,3.32
0,1,1644536051,802,23,39,217,55,7264,0,3.32
0,1,1644536054,802,23,39,224,56,7264,0,3.31
0,1,1644536057,802,23,39,168,57,7264,0,3.28
0,1,1644536060,801,23,39,208,58,7264,0,3.32
0,1,1644536063,801,23,39,162,59,7264,0,3.3
0,1,1644536066,801,23,39,197,60,7264,0,3.29
0,1,1644536069,801,23,39,164,61,7264,0,3.3
0,1,1644536072,801,23,39,221,62,7264,0,3.26
0,1,1644536075,801,23,39,228,63,7264,0,3.31
0,1,1644536078,801,23,39,216,64,7264,0,3.29
0,1,1644536081,801,23,39,166,65,7264,0,3.31
0,1,1644536084,801,23,39,230,66,7264,0,3.31
0,1,1644536087,801,23,39,196,67,7264,0,3.29
0,1,1644536090,801,23,39,162,68,7264,0,3.3
0,1,1644536093,801,23,39,170,69,7264,0,3.3
0,1,1644536096,801,23,39,174,70,7264,0,3.3
0,1,1644536099,801,23,39,229,71,7264,0,3.31
0,1,1644536102,801,23,39,227,72,7264,0,3.29
0,1,1644536105,800,23,39,224,73,7264,0,3.3
0,1,1644536108,799,23,39,164,74,7264,0,3.3
0,1,1644536111,799,23,39,208,75,7264,0,3.32
0,1,1644536114,798,23,39,178,76,7264,0,3.29
0,1,1644536117,798,23,39,200,77,7264,0,3.26
0,1,1644536120,799,23,39,162,78,7264,0,3.3
0,1,1644536123,798,23,39,188,79,7264,0,3.29
0,1,1644536126,797,23,39,226,80,7264,0,3.3
0,1,1644536129,798,23,39,171,81,7264,0,3.31
0,1,1644536132,798,23,39,163,82,7264,0,3.27
0,1,1644536135,798,23,39,228,83,7264,0,3.31
0,1,1644536138,799,23,39,220,84,7264,0,3.3
0,1,1644536141,799,23,39,197,85,7264,0,3.28
0,1,1644536144,798,23,39,229,86,7264,0,3.31
0,1,1644536147,799,23,39,214,87,7264,0,3.29
0,1,1644536150,799,23,39,227,88,7264,0,3.31
0,1,1644536153,798,23,39,171,89,7264,0,3.31
0,1,1644536156,798,23,39,163,90,7264,0,3.3
0,1,1644536159,798,23,39,181,91,7264,0,3.31
0,1,1644536162,798,23,39,191,92,7264,0,3.29
0,1,1644536165,798,23,39,166,93,7264,0,3.3
0,1,1644536168,798,23,39,180,94,7264,0,3.31
0,1,1644536171,799,23,39,212,95,7264,0,3.32
0,1,1644536174,799,23,39,229,96,7264,0,3.3
0,1,1644536177,799,23,39,164,97,7264,0,3.28
0,1,1644536180,799,23,39,180,98,7264,0,3.3
0,1,1644536183,799,23,39,175,99,7264,0,3.29
0,1,1644536186,798,23,39,196,100,7264,0,3.32
0,1,1644536189,798,23,39,163,101,7264,0,3.3
0,1,1644536192,798,23,39,168,102,7264,0,3.28
0,1,1644536195,798,23,39,174,103,7264,0,3.31
0,1,1644536198,797,23,39,197,104,7264,0,3.32
0,1,1644536201,798,23,39,225,105,7264,0,3.32
0,1,1644536204,798,23,39,212,106,7264,0,3.26
0,1,1644536207,799,23,39,163,107,7264,0,3.28
0,1,1644536210,799,23,39,163,108,7264,0,3.3
0,1,1644536213,798,23,39,188,109,7264,0,3.29
0,1,1644536216,797,23,39,163,110,7264,0,3.3
0,1,1644536219,798,23,39,168,111,7264,0,3.3
0,1,1644536222,797,23,39,171,112,7264,0,3.27
0,1,1644536225,798,23,39,227,113,7264,0,3.32
0,1,1644536228,798,23,39,229,114,7264,0,3.31
0,1,1644536231,797,23,39,227,115,7264,0,3.31
0,1,1644536234,797,23,39,223,116,7264,0,3.3
0,1,1644536237,798,23,39,197,117,7264,0,3.26
0,1,1644536240,799,23,39,226,118,7264,0,3.3
0,1,1644536243,798,23,39,182,119,7264,0,3.3
0,1,1644536246,798,23,39,213,120,7264,0,3.32
0,1,1644536249,797,23,39,199,121,7264,0,3.32
0,1,1644536252,797,23,39,224,122,7264,0,3.27
0,1,1644536255,797,23,39,228,123,7264,0,3.31
0,1,1644536258,797,23,39,227,124,7264,0,3.31
0,1,1644536261,797,23,39,223,125,7264,0,3.31
0,1,1644536264,797,23,39,227,126,7264,0,3.31
0,1,1644536267,797,23,39,195,127,7264,0,3.3
0,1,1644536270,796,23,39,165,128,7264,0,3.28
0,1,1644536273,796,23,39,229,129,7264,0,3.3
0,1,1644536276,796,23,39,227,130,7264,0,3.3
0,1,1644536279,796,23,39,222,131,7264,0,3.3
0,1,1644536282,796,23,39,226,132,7264,0,3.29
0,1,1644536285,795,23,39,222,133,7264,0,3.3
0,1,1644536288,795,23,39,208,134,7264,0,3.28
0,1,1644536291,794,23,39,228,135,7264,0,3.31
0,1,1644536294,794,23,39,202,136,7264,0,3.32
0,1,1644536297,795,23,39,172,137,7264,0,3.29
0,1,1644536300,794,23,39,186,138,7264,0,3.33
0,1,1644536303,794,23,39,214,139,7264,0,3.31
0,1,1644536306,794,23,39,183,140,7264,0,3.3
0,1,1644536309,794,23,39,219,141,7264,0,3.32
0,1,1644536312,793,23,39,163,142,7264,0,3.27
0,1,1644536315,793,23,39,211,143,7264,0,3.29
0,1,1644536318,793,23,39,227,144,7264,0,3.31
0,1,1644536321,792,23,39,213,145,7264,0,3.32
0,1,1644536324,792,23,39,209,146,7264,0,3.28
0,1,1644536327,792,23,39,218,147,7264,0,3.27
0,1,1644536330,792,23,39,225,148,7264,0,3.31
0,1,1644536333,793,23,39,224,149,7264,0,3.31
0,1,1644536336,793,23,39,212,150,7264,0,3.31
0,1,1644536339,793,23,39,165,151,7264,0,3.3
0,1,1644536342,793,23,39,163,152,7264,0,3.27
0,1,1644536345,793,23,39,170,153,7264,0,3.29
0,1,1644536348,793,23,39,183,154,7264,0,3.31
0,1,1644536351,793,23,39,214,155,7264,0,3.32
0,1,1644536354,794,23,39,165,156,7264,0,3.3
0,1,1644536357,793,23,39,182,157,7264,0,3.27
0,1,1644536360,792,23,39,231,158,7264,0,3.31
0,1,1644536363,792,23,39,213,159,7264,0,3.31
0,1,1644536366,793,23,39,173,160,7264,0,3.31
0,1,1644536369,792,23,39,172,161,7264,0,3.29
0,1,1644536372,792,23,39,177,162,7264,0,3.27
0,1,1644536375,792,23,39,231,163,7264,0,3.31
0,1,1644536378,792,23,39,219,164,7264,0,3.32
0,1,1644536381,792,23,39,208,165,7264,0,3.32
0,1,1644536384,792,23,39,228,166,7264,0,3.31
0,1,1644536387,792,23,39,185,167,7264,0,3.28
0,1,1644536390,791,23,39,216,168,7264,0,3.31
0,1,1644536393,792,23,39,200,169,7264,0,3.29
0,1,1644536396,791,23,39,180,170,7264,0,3.29
0,1,1644536399,791,23,39,227,171,7264,0,3.31
0,1,1644536402,791,23,39,224,172,7264,0,3.28
0,1,1644536405,791,23,39,218,173,7264,0,3.31
0,1,1644536408,791,23,39,225,174,7264,0,3.31
0,1,1644536411,790,23,39,167,175,7264,0,3.3
0,1,1644536414,790,23,39,211,176,7264,0,3.31
0,1,1644536417,790,23,39,163,177,7264,0,3.28
0,1,1644536420,790,23,39,174,178,7264,0,3.3
0,1,1644536423,790,23,39,231,179,7264,0,3.31
0,1,1644536426,790,23,39,228,180,7264,0,3.3
0,1,1644536429,790,23,39,222,181,7264,0,3.31
0,1,1644536432,790,23,39,218,182,7264,0,3.29
0,1,1644536435,789,23,39,173,183,7264,0,3.3
0,1,1644536438,788,23,39,179,184,7264,0,3.29
0,1,1644536441,788,23,39,166,185,7264,0,3.3
0,1,1644536444,788,23,39,200,186,7264,0,3.29
0,1,1644536447,788,23,39,230,187,7264,0,3.28
0,1,1644536450,787,23,39,185,188,7264,0,3.32
0,1,1644536453,787,23,39,168,189,7264,0,3.31
0,1,1644536456,786,23,39,182,190,7264,0,3.29
0,1,1644536459,786,23,39,200,191,7264,0,3.32
0,1,1644536462,785,23,39,162,192,7264,0,3.27
0,1,1644536465,785,23,39,187,193,7264,0,3.32
0,1,1644536468,785,23,39,230,194,7264,0,3.31
0,1,1644536471,784,23,39,168,195,7264,0,3.3
0,1,1644536474,783,23,39,171,196,7264,0,3.29
0,1,1644536477,783,23,39,170,197,7264,0,3.27
0,1,1644536480,783,23,39,206,198,7264,0,3.28
0,1,1644536483,783,23,39,229,199,7264,0,3.32
0,1,1644536486,783,23,39,226,200,7264,0,3.31
0,1,1644536489,782,23,39,162,201,7264,0,3.3
0,1,1644536492,781,23,39,167,202,7264,0,3.27
0,1,1644536495,780,23,39,201,203,7264,0,3.28
0,1,1644536498,780,23,39,203,204,7264,0,3.32
0,1,1644536501,779,23,39,228,205,7264,0,3.31
0,1,1644536504,778,23,39,171,206,7264,0,3.3
0,1,1644536507,778,23,39,231,207,7264,0,3.28
0,1,1644536510,778,23,39,205,208,7264,0,3.32
0,1,1644536513,777,23,39,229,209,7264,0,3.31
0,1,1644536516,777,23,39,220,210,7264,0,3.29
0,1,1644536519,778,23,39,175,211,7264,0,3.29
0,1,1644536522,777,23,39,226,212,7264,0,3.27
0,1,1644536525,778,23,39,228,213,7264,0,3.31
0,1,1644536528,778,23,39,224,214,7264,0,3.3
0,1,1644536531,778,23,39,213,215,7264,0,3.31
0,1,1644536534,778,23,39,220,216,7264,0,3.32
0,1,1644536537,779,23,39,227,217,7264,0,3.28
0,1,1644536540,778,23,39,183,218,7264,0,3.31
0,1,1644536543,777,23,39,195,219,7264,0,3.32
0,1,1644536546,777,23,39,163,220,7264,0,3.3
0,1,1644536549,777,23,39,231,221,7264,0,3.31
0,1,1644536552,777,23,39,229,222,7264,0,3.28
0,1,1644536555,777,23,39,228,223,7264,0,3.31
0,1,1644536558,776,23,39,209,224,7264,0,3.32
0,1,1644536561,776,23,39,228,225,7264,0,3.31
0,1,1644536564,776,23,39,203,226,7264,0,3.32
0,1,1644536567,776,23,39,164,227,7264,0,3.27
0,1,1644536570,776,23,39,167,228,7264,0,3.3
0,1,1644536573,776,23,39,165,229,7264,0,3.3
0,1,1644536576,776,23,39,221,230,7264,0,3.31
0,1,1644536579,776,23,39,229,231,7264,0,3.31
0,1,1644536582,776,23,39,161,232,7264,0,3.27
0,1,1644536585,777,23,39,229,233,7264,0,3.31
0,1,1644536588,776,23,39,228,234,7264,0,3.3
0,1,1644536591,776,23,39,227,235,7264,0,3.31
0,1,1644536594,776,23,39,203,236,7264,0,3.32
0,1,1644536597,776,23,39,162,237,7264,0,3.27
0,1,1644536600,777,23,39,167,238,7264,0,3.3
0,1,1644536603,777,23,39,199,239,7264,0,3.32
0,1,1644536606,777,23,39,191,240,7264,0,3.32
0,1,1644536609,779,23,39,228,241,7264,0,3.31
0,1,1644536612,779,23,39,228,242,7264,0,3.29
0,1,1644536615,779,23,39,227,243,7264,0,3.31
0,1,1644536618,780,23,39,207,244,7264,0,3.31
0,1,1644536621,780,23,39,183,245,7264,0,3.3
0,1,1644536624,780,23,39,179,246,7264,0,3.29
0,1,1644536627,780,23,39,230,247,7264,0,3.28
0,1,1644536630,780,23,39,183,248,7264,0,3.3
0,1,1644536633,780,23,39,225,249,7264,0,3.3
0,1,1644536636,780,23,39,214,250,7264,0,3.31
0,1,1644536639,780,23,39,227,251,7264,0,3.31
0,1,1644536642,780,23,39,182,252,7264,0,3.27
0,1,1644536645,780,23,39,163,253,7264,0,3.31
0,1,1644536648,780,23,39,230,254,7264,0,3.31
0,1,1644536651,780,23,39,197,0,7264,0,3.32
0,1,1644536654,779,23,39,196,1,7264,0,3.32
0,1,1644536657,779,23,39,213,2,7264,0,3.29
0,1,1644536660,779,23,39,179,3,7264,0,3.3
0,1,1644536663,779,23,39,180,4,7264,0,3.29
0,1,1644536666,778,23,39,229,5,7264,0,3.31
0,1,1644536669,778,23,39,181,6,7264,0,3.31
0,1,1644536672,779,23,39,224,7,7264,0,3.27
0,1,1644536675,779,23,39,222,8,7264,0,3.31
0,1,1644536678,778,23,39,200,9,7264,0,3.32
0,1,1644536681,778,23,39,170,10,7264,0,3.32
0,1,1644536684,777,23,39,165,11,7264,0,3.3
0,1,1644536687,777,23,39,183,12,7264,0,3.28
0,1,1644536690,777,23,39,227,13,7264,0,3.31
0,1,1644536693,777,23,39,172,14,7264,0,3.28
0,1,1644536696,778,23,39,230,15,7264,0,3.31
0,1,1644536699,777,23,39,216,16,7264,0,3.29
0,1,1644536702,777,23,39,228,17,7264,0,3.29
0,1,1644536705,777,23,39,208,18,7264,0,3.32
0,1,1644536708,777,23,39,178,19,7264,0,3.3
0,1,1644536711,777,23,39,163,20,7264,0,3.3
0,1,1644536714,776,23,39,196,21,7264,0,3.28
0,1,1644536717,776,23,39,168,22,7264,0,3.28
0,1,1644536720,775,23,39,196,23,7264,0,3.28
0,1,1644536723,775,23,39,229,24,7264,0,3.31
0,1,1644536726,775,23,39,224,25,7264,0,3.3
0,1,1644536729,774,23,39,161,26,7264,0,3.3
0,1,1644536732,774,23,39,181,27,7264,0,3.28
0,1,1644536735,774,23,39,165,28,7264,0,3.29
0,1,1644536738,774,23,39,215,29,7264,0,3.32
0,1,1644536741,774,23,39,228,30,7264,0,3.31
0,1,1644536744,773,23,39,209,31,7264,0,3.32
0,1,1644536747,773,23,39,209,32,7264,0,3.29
0,1,1644536750,773,23,39,218,33,7264,0,3.29
0,1,1644536753,773,23,39,228,34,7264,0,3.31
0,1,1644536756,773,23,39,227,35,7264,0,3.3
0,1,1644536759,773,23,39,202,36,7264,0,3.29
0,1,1644536762,773,23,39,195,37,7264,0,3.26
0,1,1644536765,772,23,39,204,38,7264,0,3.28
0,1,1644536768,772,23,39,229,39,7264,0,3.3
0,1,1644536771,772,23,39,221,40,7264,0,3.31
0,1,1644536774,772,23,39,227,41,7264,0,3.31
0,1,1644536777,772,23,39,200,42,7264,0,3.3
0,1,1644536780,772,23,39,182,43,7264,0,3.31
0,1,1644536783,773,23,39,230,44,7264,0,3.31
0,1,1644536786,773,23,39,219,45,7264,0,3.31
0,1,1644536789,772,23,39,227,46,7264,0,3.32
0,1,1644536792,772,23,39,228,47,7264,0,3.28
0,1,1644536795,771,23,39,227,48,7264,0,3.3
0,1,1644536798,771,23,39,176,49,7264,0,3.31
0,1,1644536801,770,23,39,211,50,7264,0,3.32
0,1,1644536804,770,23,39,205,51,7264,0,3.31
0,1,1644536807,771,23,39,162,52,7264,0,3.27
0,1,1644536810,771,23,39,192,53,7264,0,3.29
0,1,1644536813,771,23,39,230,54,7264,0,3.32
0,1,1644536816,771,23,39,222,55,7264,0,3.29
0,1,1644536819,771,23,39,226,56,7264,0,3.31
0,1,1644536822,770,23,39,226,57,7264,0,3.29
0,1,1644536825,769,23,39,227,58,7264,0,3.31
0,1,1644536828,769,23,39,191,59,7264,0,3.32
0,1,1644536831,770,23,39,164,60,7264,0,3.3
0,1,1644536834,770,23,39,229,61,7264,0,3.3
0,1,1644536837,770,23,39,222,62,7264,0,3.29
0,1,1644536840,770,23,39,205,63,7264,0,3.31
0,1,1644536843,770,23,39,174,64,7264,0,3.31
0,1,1644536846,770,23,39,163,65,7264,0,3.3
0,1,1644536849,769,23,39,225,66,7264,0,3.3
0,1,1644536852,769,23,39,173,67,7264,0,3.26
0,1,1644536855,770,23,39,164,68,7264,0,3.29
0,1,1644536858,770,23,39,207,69,7264,0,3.29
0,1,1644536861,770,23,39,195,70,7264,0,3.29
0,1,1644536864,770,23,39,226,71,7264,0,3.31
0,1,1644536867,770,23,39,215,72,7264,0,3.29
0,1,1644536870,769,23,39,165,73,7264,0,3.3
0,1,1644536873,770,23,39,231,74,7264,0,3.31
0,1,1644536876,770,23,39,228,75,7264,0,3.31
0,1,1644536879,769,23,39,227,76,7264,0,3.31
0,1,1644536882,768,23,39,188,77,7264,0,3.26
0,1,1644536885,767,23,39,229,78,7264,0,3.31
0,1,1644536888,767,23,39,210,79,7264,0,3.31
0,1,1644536891,767,23,39,227,80,7264,0,3.31
0,1,1644536894,767,23,39,173,81,7264,0,3.31
0,1,1644536897,767,23,39,169,82,7264,0,3.28
0,1,1644536900,767,23,39,230,83,7264,0,3.31
0,1,1644536903,767,23,39,182,84,7264,0,3.3
0,1,1644536906,767,23,39,186,85,7264,0,3.31
0,1,1644536909,767,23,39,169,86,7264,0,3.31
0,1,1644536912,767,23,39,164,87,7264,0,3.27
0,1,1644536915,768,23,39,232,88,7264,0,3.31
0,1,1644536918,767,23,39,207,89,7264,0,3.31
0,1,1644536921,767,23,39,174,90,7264,0,3.29
0,1,1644536924,767,23,39,226,91,7264,0,3.3
0,1,1644536927,767,23,39,221,92,7264,0,3.28
0,1,1644536930,766,23,39,200,93,7264,0,3.32
0,1,1644536933,767,23,39,223,94,7264,0,3.32
0,1,1644536936,767,23,39,162,95,7264,0,3.3
0,1,1644536939,768,23,39,230,96,7264,0,3.29
0,1,1644536942,768,23,39,225,97,7264,0,3.29
0,1,1644536945,769,23,39,216,98,7264,0,3.31
0,1,1644536948,768,23,39,174,99,7264,0,3.3
0,1,1644536951,769,23,39,174,100,7264,0,3.29
0,1,1644536954,769,23,39,230,101,7264,0,3.31
0,1,1644536957,769,23,39,189,102,7264,0,3.3
0,1,1644536960,769,23,39,165,103,7264,0,3.3
0,1,1644536963,769,23,39,183,104,7264,0,3.3
0,1,1644536966,769,23,39,169,105,7264,0,3.29
0,1,1644536969,769,23,39,231,106,7264,0,3.31
0,1,1644536972,769,23,39,185,107,7264,0,3.29
0,1,1644536975,768,23,39,171,108,7264,0,3.29
0,1,1644536978,768,23,39,230,109,7264,0,3.3
0,1,1644536981,768,23,39,228,110,7264,0,3.3
0,1,1644536984,767,23,39,165,111,7264,0,3.3
0,1,1644536987,767,23,39,164,112,7264,0,3.28
0,1,1644536990,767,23,39,207,113,7264,0,3.28
0,1,1644536993,766,23,39,222,114,7264,0,3.32
0,1,1644536996,766,23,39,175,115,7264,0,3.29
0,1,1644536999,766,23,39,229,116,7264,0,3.31
0,1,1644537002,766,23,39,207,117,7264,0,3.29
0,1,1644537005,767,23,39,164,118,7264,0,3.31
0,1,1644537008,767,23,39,230,119,7264,0,3.3
0,1,1644537011,767,23,39,225,120,7264,0,3.3
0,1,1644537014,767,23,39,178,121,7264,0,3.29
0,1,1644537017,767,23,39,185,122,7264,0,3.26
0,1,1644537020,767,23,39,187,123,7264,0,3.29
0,1,1644537023,767,23,39,230,124,7264,0,3.31
0,1,1644537026,767,23,39,200,125,7264,0,3.32
0,1,1644537029,767,23,39,163,126,7264,0,3.29
0,1,1644537032,767,23,39,228,127,7264,0,3.27
0,1,1644537035,767,23,39,214,128,7264,0,3.31
0,1,1644537038,768,23,39,163,129,7264,0,3.31
0,1,1644537041,767,23,39,185,130,7264,0,3.31
0,1,1644537044,766,23,39,194,131,7264,0,3.28
0,1,1644537047,766,23,39,228,132,7264,0,3.28
0,1,1644537050,766,23,39,166,133,7264,0,3.3
0,1,1644537053,766,23,39,227,134,7264,0,3.3
0,1,1644537056,765,23,39,225,135,7264,0,3.31
0,1,1644537059,765,23,39,220,136,7264,0,3.31
0,1,1644537062,764,23,39,161,137,7264,0,3.27
0,1,1644537065,764,23,39,165,138,7264,0,3.3
0,1,1644537068,764,23,39,214,139,7264,0,3.31
0,1,1644537071,764,23,39,172,140,7264,0,3.31
0,1,1644537074,763,23,39,193,141,7264,0,3.32
0,1,1644537077,763,23,39,167,142,7264,0,3.27
0,1,1644537080,764,23,39,164,143,7264,0,3.3
0,1,1644537083,764,23,39,230,144,7264,0,3.3
0,1,1644537086,763,23,39,221,145,7264,0,3.31
0,1,1644537089,763,23,39,162,146,7264,0,3.3
0,1,1644537092,763,23,39,165,147,7264,0,3.28
0,1,1644537095,763,23,39,164,148,7264,0,3.3
0,1,1644537098,764,23,39,214,149,7264,0,3.28
0,1,1644537101,763,23,39,229,150,7264,0,3.31
0,1,1644537104,763,23,39,187,151,7264,0,3.31
0,1,1644537107,762,23,39,163,152,7264,0,3.27
0,1,1644537110,763,23,39,224,153,7264,0,3.3
0,1,1644537113,763,23,39,164,154,7264,0,3.29
0,1,1644537116,763,23,39,203,155,7264,0,3.28
0,1,1644537119,763,23,39,222,156,7264,0,3.31
0,1,1644537122,762,23,39,225,157,7264,0,3.28
0,1,1644537125,762,23,39,220,158,7264,0,3.29
0,1,1644537128,762,23,39,219,159,7264,0,3.31
0,1,1644537131,762,23,39,163,160,7264,0,3.3
0,1,1644537134,761,23,39,195,161,7264,0,3.28
0,1,1644537137,761,23,39,225,162,7264,0,3.32
0,1,1644537140,761,23,39,227,163,7264,0,3.31
0,1,1644537143,760,23,39,227,164,7264,0,3.3
0,1,1644537146,761,23,39,223,165,7264,0,3.31
0,1,1644537149,760,23,39,168,166,7264,0,3.31
0,1,1644537152,760,23,39,196,167,7264,0,3.26
0,1,1644537155,760,23,39,181,168,7264,0,3.29
0,1,1644537158,761,23,39,188,169,7264,0,3.3
0,1,1644537161,760,23,39,214,170,7264,0,3.28
0,1,1644537164,761,23,39,180,171,7264,0,3.3
0,1,1644537167,761,23,39,176,172,7264,0,3.27
0,1,1644537170,762,23,39,230,173,7264,0,3.31
0,1,1644537173,761,23,39,200,174,7264,0,3.33
0,1,1644537176,761,23,39,165,175,7264,0,3.3
0,1,1644537179,760,23,39,230,176,7264,0,3.31
0,1,1644537182,760,23,39,165,177,7264,0,3.31
0,1,1644537185,759,23,39,202,178,7264,0,3.28
0,1,1644537188,759,23,39,163,179,7264,0,3.31
0,1,1644537191,759,23,39,192,180,7264,0,3.29
0,1,1644537194,759,23,39,193,181,7264,0,3.32
0,1,1644537197,760,23,39,168,182,7264,0,3.27
0,1,1644537200,760,23,39,231,183,7264,0,3.31
0,1,1644537203,760,23,39,185,184,7264,0,3.31
0,1,1644537206,760,23,39,163,185,7264,0,3.3
0,1,1644537209,760,23,39,194,186,7264,0,3.29
0,1,1644537212,760,23,39,230,187,7264,0,3.31
0,1,1644537215,759,23,39,164,188,7264,0,3.3
0,1,1644537218,758,23,39,182,189,7264,0,3.3
0,1,1644537221,758,23,39,195,190,7264,0,3.32
0,1,1644537224,758,23,39,230,191,7264,0,3.32
0,1,1644537227,757,23,39,190,192,7264,0,3.32
0,1,1644537230,757,23,39,162,193,7264,0,3.3
0,1,1644537233,757,23,39,225,194,7264,0,3.28
0,1,1644537236,758,23,39,225,195,7264,0,3.32
0,1,1644537239,758,23,39,222,196,7264,0,3.32
0,1,1644537242,759,23,39,228,197,7264,0,3.28
0,1,1644537245,759,23,39,163,198,7264,0,3.3
0,1,1644537248,759,23,39,225,199,7264,0,3.3
0,1,1644537251,760,23,39,167,200,7264,0,3.29
0,1,1644537254,760,23,39,163,201,7264,0,3.3
0,1,1644537257,759,23,39,225,202,7264,0,3.29
0,1,1644537260,759,23,39,185,203,7264,0,3.32
0,1,1644537263,758,23,39,202,204,7264,0,3.29
0,1,1644537266,759,23,39,229,205,7264,0,3.31
0,1,1644537269,758,23,39,226,206,7264,0,3.31
0,1,1644537272,758,23,39,223,207,7264,0,3.3
0,1,1644537275,759,23,39,225,208,7264,0,3.31
0,1,1644537278,758,23,39,223,209,7264,0,3.3
0,1,1644537281,758,23,39,166,210,7264,0,3.3
0,1,1644537284,758,23,39,231,211,7264,0,3.31
0,1,1644537287,758,23,39,182,212,7264,0,3.3
0,1,1644537290,757,23,39,229,213,7264,0,3.31
0,1,1644537293,757,23,39,207,214,7264,0,3.31
0,1,1644537296,756,23,39,175,215,7264,0,3.31
0,1,1644537299,756,23,39,172,216,7264,0,3.29
0,1,1644537302,755,23,39,228,217,7264,0,3.31
0,1,1644537305,754,23,39,165,218,7264,0,3.3
0,1,1644537308,754,23,39,194,219,7264,0,3.26
0,1,1644537311,754,23,39,229,220,7264,0,3.31
0,1,1644537314,754,23,39,199,221,7264,0,3.32
0,1,1644537317,754,23,39,228,222,7264,0,3.31
0,1,1644537320,754,23,39,199,223,7264,0,3.32
0,1,1644537323,754,23,39,163,224,7264,0,3.3
0,1,1644537326,754,23,39,223,225,7264,0,3.29
0,1,1644537329,754,23,39,175,226,7264,0,3.29
0,1,1644537332,753,23,39,229,227,7264,0,3.31
0,1,1644537335,754,23,39,219,228,7264,0,3.32
0,1,1644537338,754,23,39,213,229,7264,0,3.28
0,1,1644537341,753,23,39,164,230,7264,0,3.3
0,1,1644537344,754,23,39,227,231,7264,0,3.3
0,1,1644537347,754,23,39,214,232,7264,0,3.29
0,1,1644537350,753,23,39,227,233,7264,0,3.31
0,1,1644537353,752,23,39,202,234,7264,0,3.3
0,1,1644537356,752,23,39,164,235,7264,0,3.31
0,1,1644537359,752,23,39,166,236,7264,0,3.3
0,1,1644537362,751,23,39,196,237,7264,0,3.29
0,1,1644537365,752,23,39,229,238,7264,0,3.31
0,1,1644537368,752,23,39,165,239,7264,0,3.28
0,1,1644537371,752,23,39,212,240,7264,0,3.28
0,1,1644537374,752,23,39,227,241,7264,0,3.31
0,1,1644537377,751,23,39,225,242,7264,0,3.31
0,1,1644537380,751,23,39,167,243,7264,0,3.29
0,1,1644537383,751,23,39,225,244,7264,0,3.28
0,1,1644537386,751,23,39,224,245,7264,0,3.3
0,1,1644537389,751,23,39,228,246,7264,0,3.31
0,1,1644537392,751,23,39,227,247,7264,0,3.31
0,1,1644537395,751,23,39,227,248,7264,0,3.31
0,1,1644537398,751,23,39,210,249,7264,0,3.29
0,1,1644537401,751,23,39,223,250,7264,0,3.31
0,1,1644537404,751,23,39,175,251,7264,0,3.3
0,1,1644537407,751,23,39,163,252,7264,0,3.3
0,1,1644537410,750,23,39,230,253,7264,0,3.31
0,1,1644537413,750,23,39,221,254,7264,0,3.27
0,1,1644537416,750,23,39,224,0,7264,0,3.3
0,1,1644537419,750,23,39,226,1,7264,0,3.31
0,1,1644537422,750,23,39,227,2,7264,0,3.31
0,1,1644537425,750,23,39,225,3,7264,0,3.31
0,1,1644537428,750,23,39,226,4,7264,0,3.29
0,1,1644537431,750,23,39,224,5,7264,0,3.31
0,1,1644537434,750,23,39,161,6,7264,0,3.3
0,1,1644537437,750,23,39,164,7,7264,0,3.3
0,1,1644537440,749,23,39,186,8,7264,0,3.31
0,1,1644537443,749,23,39,164,9,7264,0,3.28
0,1,1644537446,749,23,39,219,10,7264,0,3.29
0,1,1644537449,749,23,39,228,11,7264,0,3.3
0,1,1644537452,748,23,39,210,12,7264,0,3.31
0,1,1644537455,748,23,39,182,13,7264,0,3.3
0,1,1644537458,748,23,39,165,14,7264,0,3.27
0,1,1644537461,748,23,39,190,15,7264,0,3.29
0,1,1644537464,747,23,39,230,16,7264,0,3.31
0,1,1644537467,747,23,39,221,17,7264,0,3.31
0,1,1644537470,747,23,39,189,18,7264,0,3.32
0,1,1644537473,747,23,39,162,19,7264,0,3.28
0,1,1644537476,746,23,39,163,20,7264,0,3.3
0,1,1644537479,746,23,39,185,21,7264,0,3.31
0,1,1644537482,745,23,39,163,22,7264,0,3.3
0,1,1644537485,745,23,39,230,23,7264,0,3.31
0,1,1644537488,745,23,39,177,24,7264,0,3.27
0,1,1644537491,745,23,39,172,25,7264,0,3.3
0,1,1644537494,745,23,39,163,26,7264,0,3.3
0,1,1644537497,745,23,39,212,27,7264,0,3.29
0,1,1644537500,743,23,39,174,28,7264,0,3.3
0,1,1644537503,743,23,39,195,29,7264,0,3.27
0,1,1644537506,743,23,39,229,30,7264,0,3.31
0,1,1644537509,742,23,39,221,31,7264,0,3.31
0,1,1644537512,742,23,39,181,32,7264,0,3.3
0,1,1644537515,741,23,39,172,33,7264,0,3.31
0,1,1644537518,741,23,39,173,34,7264,0,3.28
0,1,1644537521,740,23,39,164,35,7264,0,3.3
0,1,1644537524,740,23,39,212,36,7264,0,3.32
0,1,1644537527,740,23,39,228,37,7264,0,3.3
0,1,1644537530,740,23,39,228,38,7264,0,3.31
0,1,1644537533,740,23,39,227,39,7264,0,3.28
0,1,1644537536,739,23,39,160,40,7264,0,3.3
0,1,1644537539,740,23,39,179,41,7264,0,3.29
0,1,1644537542,739,23,39,178,42,7264,0,3.31
0,1,1644537545,739,23,39,172,43,7264,0,3.31
0,1,1644537548,739,23,39,190,44,7264,0,3.27
0,1,1644537551,739,23,39,172,45,7264,0,3.31
0,1,1644537554,739,23,39,165,46,7264,0,3.3
0,1,1644537557,738,23,39,180,47,7264,0,3.31
0,1,1644537560,737,23,39,222,48,7264,0,3.32
0,1,1644537563,737,23,39,219,49,7264,0,3.29
0,1,1644537566,737,23,39,213,50,7264,0,3.32
0,1,1644537569,737,23,39,162,51,7264,0,3.3
0,1,1644537572,738,23,39,207,52,7264,0,3.32
0,1,1644537575,737,23,39,184,53,7264,0,3.3
0,1,1644537578,738,23,39,197,54,7264,0,3.32
