Memory:       6032,,,,,,,,,,,,,,,,,,,,
RF identifier 2,,,,,,,,,,,,,,,,,,,,
Firmware ver: 0x300d,,,,,,,,,,,,,,,,,,,,
Hardware ver: 0x4150,,,,,,,,,,,,,,,,,,,,
Hub Address:  b'\x00\x13\xa2\x00A\xad\xaa\x16',,,,,,,,,,,,,,,,,,,,
Hub Connect:  1,,,,,,,,,,,,,,,,,,,,
Transmit On:  1,,,,,,,,,,,,,,,,,,,,
SCD Interval: 2,,,,,,,,,,,,,,,,,,,,
SCD Altitude: 1300,,,,,,,,,,,,,,,,,,,,
SCD Factor:   400,,,,,,,,,,,,,,,,,,,,
SCD Auto?     False,,,,,,,,,,,,,,,,,,,,
------------------------------------------------------------------------------,,,,,,,,,,,,,,,,,,,,
1,1,946767801,740,23,37,357,0,5680,0,3.21,,946767801,0,0,0,356,0,3392,0,3.01
1,1,946767804,739,23,37,357,0,3392,0,3.21,TRUE,946770060,1377,23,38,359,0,5680,0,3.24
1,1,946767807,737,23,37,357,0,3392,0,3.06,TRUE,,,,,,,,,
1,1,946767810,735,23,37,357,0,3392,0,3.21,TRUE,0,,,,,,,,
1,1,946767813,733,23,37,357,0,3392,0,3.2,TRUE,,,,,,,,,
1,1,946767816,734,23,37,357,0,3392,0,3.2,TRUE,,,,,,,,,
1,1,946767819,733,23,37,357,0,3392,0,3.22,TRUE,,,,,,,,,
1,1,946767822,732,23,37,357,0,3392,0,3.03,TRUE,,,,,,,,,
1,1,946767825,732,23,37,357,0,3392,0,3.22,TRUE,,,,,,,,,
1,1,946767828,730,23,37,358,0,3392,0,3.2,TRUE,,,,,,,,,
1,1,946767831,729,23,37,358,0,3392,0,3.2,TRUE,,,,,,,,,
1,1,946767834,727,23,38,358,0,3392,0,3.21,TRUE,,,,,,,,,
1,1,946767837,726,23,38,357,0,3392,0,3.09,TRUE,,,,,,,,,
1,1,946767840,725,23,37,358,0,3392,0,3.22,TRUE,,,,,,,,,
1,1,946767843,726,23,37,358,0,3392,0,3.2,TRUE,,,,,,,,,
1,1,946767846,726,23,37,358,0,3392,0,3.19,TRUE,,,,,,,,,
1,1,946767849,726,23,37,358,0,3392,0,3.22,TRUE,,,,,,,,,
1,1,946767852,727,23,37,358,0,3392,0,3.03,TRUE,,,,,,,,,
1,1,946767855,723,23,37,358,0,3392,0,3.21,TRUE,,,,,,,,,
1,1,946767858,723,23,37,358,0,3392,0,3.2,TRUE,,,,,,,,,
1,1,946767861,723,23,37,358,0,3392,0,3.21,TRUE,,,,,,,,,
1,1,946767864,724,23,37,357,0,3392,0,3.2,TRUE,,,,,,,,,
-,,,,,,,,,,,,,,,,,,,,
--------------------------------SCD Zeros Occurred--------------------------------,,,,,,,,,,,,,,,,,,,,
-,,,,,,,,,,,,,,,,,,,,
1,1,946767867,0,0,0,358,0,5104,0,3.2,,,,,,,,,,
1,1,946767870,845,23,37,357,0,3392,0,3.22,TRUE,,,,,,,,,
1,1,946767873,842,23,37,358,0,3392,0,3.19,TRUE,,,,,,,,,
1,1,946767876,835,23,37,358,0,3392,0,3.05,TRUE,,,,,,,,,
1,1,946767879,766,23,37,358,0,3392,0,3.22,TRUE,,,,,,,,,
1,1,946767882,749,23,37,357,0,3392,0,3.1,TRUE,,,,,,,,,
1,1,946767885,724,23,37,358,0,3392,0,3.22,TRUE,,,,,,,,,
1,1,946767888,714,23,37,358,0,3392,0,3.22,TRUE,,,,,,,,,
1,1,946767891,714,23,37,357,0,3392,0,3.2,TRUE,,,,,,,,,
1,1,946767894,703,23,37,357,0,3392,0,3.22,TRUE,,,,,,,,,
-,,,,,,,,,,,,,,,,,,,,
--------------------------------SCD Zeros Occurred--------------------------------,,,,,,,,,,,,,,,,,,,,
-,,,,,,,,,,,,,,,,,,,,
1,1,946767897,0,0,0,358,0,5104,0,3.2,,,,,,,,,,
1,1,946767900,1310,23,37,357,0,3392,0,3.21,TRUE,,,,,,,,,
1,1,946767903,1227,23,37,357,0,3392,0,3.21,TRUE,,,,,,,,,
1,1,946767906,1121,23,37,357,0,3392,0,3.02,TRUE,,,,,,,,,
1,1,946767909,768,23,37,357,0,3392,0,3.22,TRUE,,,,,,,,,
-,,,,,,,,,,,,,,,,,,,,
--------------------------------SCD Zeros Occurred--------------------------------,,,,,,,,,,,,,,,,,,,,
-,,,,,,,,,,,,,,,,,,,,
1,1,946767912,0,0,0,357,0,5104,0,3.2,,,,,,,,,,
-,,,,,,,,,,,,,,,,,,,,
--------------------------------SCD Zeros Occurred--------------------------------,,,,,,,,,,,,,,,,,,,,
-,,,,,,,,,,,,,,,,,,,,
1,1,946767915,0,0,0,357,0,5104,0,3.22,,,,,,,,,,
1,1,946767918,1377,23,37,357,0,3392,0,3.21,TRUE,,,,,,,,,
1,1,946767921,749,23,37,358,0,3392,0,3.03,TRUE,,,,,,,,,
1,1,946767924,692,23,37,357,0,3392,0,3.21,TRUE,,,,,,,,,
1,1,946767927,686,23,37,357,0,3392,0,3.2,TRUE,,,,,,,,,
1,1,946767930,683,23,37,357,0,3392,0,3.22,TRUE,,,,,,,,,
1,1,946767933,690,23,37,357,0,3392,0,3.22,TRUE,,,,,,,,,
1,1,946767936,690,23,37,357,0,3392,0,3.03,TRUE,,,,,,,,,
1,1,946767939,697,23,37,358,0,3392,0,3.21,TRUE,,,,,,,,,
1,1,946767942,704,23,37,357,0,3392,0,3.2,TRUE,,,,,,,,,
1,1,946767945,711,23,37,357,0,3392,0,3.2,TRUE,,,,,,,,,
1,1,946767948,709,23,37,358,0,3392,0,3.22,TRUE,,,,,,,,,
1,1,946767951,710,23,37,358,0,3392,0,3.03,TRUE,,,,,,,,,
1,1,946767954,707,23,37,357,0,3392,0,3.22,TRUE,,,,,,,,,
1,1,946767957,704,23,37,357,0,3392,0,3.19,TRUE,,,,,,,,,
1,1,946767960,703,23,37,357,0,3392,0,3.22,TRUE,,,,,,,,,
1,1,946767963,700,23,38,357,0,3392,0,3.22,TRUE,,,,,,,,,
1,1,946767966,699,23,38,358,0,3392,0,3.03,TRUE,,,,,,,,,
1,1,946767969,700,23,38,357,0,3392,0,3.21,TRUE,,,,,,,,,
1,1,946767972,698,23,38,357,0,3392,0,3.2,TRUE,,,,,,,,,
1,1,946767975,696,23,38,357,0,3392,0,3.21,TRUE,,,,,,,,,
1,1,946767978,699,23,38,357,0,3392,0,3.22,TRUE,,,,,,,,,
1,1,946767981,699,23,38,357,0,3392,0,3.03,TRUE,,,,,,,,,
1,1,946767984,699,23,38,357,0,3392,0,3.22,TRUE,,,,,,,,,
1,1,946767987,700,23,38,357,0,3392,0,3.2,TRUE,,,,,,,,,
1,1,946767990,700,23,38,357,0,3392,0,3.21,TRUE,,,,,,,,,
1,1,946767993,700,23,38,357,0,3392,0,3.23,TRUE,,,,,,,,,
1,1,946767996,701,23,38,357,0,3392,0,3.04,TRUE,,,,,,,,,
1,1,946767999,702,23,38,357,0,3392,0,3.22,TRUE,,,,,,,,,
1,1,946768002,703,23,38,357,0,3392,0,3.2,TRUE,,,,,,,,,
1,1,946768005,702,23,38,357,0,3392,0,3.2,TRUE,,,,,,,,,
1,1,946768008,702,23,38,357,0,3392,0,3.22,TRUE,,,,,,,,,
1,1,946768011,703,23,38,357,0,3392,0,3.03,TRUE,,,,,,,,,
1,1,946768014,704,23,38,357,0,3392,0,3.22,TRUE,,,,,,,,,
1,1,946768017,705,23,38,357,0,3392,0,3.2,TRUE,,,,,,,,,
1,1,946768020,705,23,38,357,0,3392,0,3.21,TRUE,,,,,,,,,
1,1,946768023,706,23,38,357,0,3392,0,3.22,TRUE,,,,,,,,,
1,1,946768026,706,23,38,357,0,3392,0,3.05,TRUE,,,,,,,,,
1,1,946768029,704,23,38,357,0,3392,0,3.22,TRUE,,,,,,,,,
1,1,946768032,703,23,38,357,0,3392,0,3.22,TRUE,,,,,,,,,
1,1,946768035,704,23,38,357,0,3392,0,3.2,TRUE,,,,,,,,,
1,1,946768038,705,23,38,357,0,3392,0,3.22,TRUE,,,,,,,,,
1,1,946768041,706,23,38,357,0,3392,0,3.03,TRUE,,,,,,,,,
1,1,946768044,706,23,38,357,0,3392,0,3.22,TRUE,,,,,,,,,
1,1,946768047,707,23,38,357,0,3392,0,3.23,TRUE,,,,,,,,,
1,1,946768050,707,23,38,357,0,3392,0,3.2,TRUE,,,,,,,,,
1,1,946768053,706,23,38,357,0,3392,0,3.22,TRUE,,,,,,,,,
1,1,946768056,706,23,38,357,0,3392,0,3.17,TRUE,,,,,,,,,
1,1,946768059,707,23,38,357,0,3392,0,3.22,TRUE,,,,,,,,,
1,1,946768062,707,23,38,357,0,3392,0,3.22,TRUE,,,,,,,,,
1,1,946768065,707,23,38,357,0,3392,0,3.2,TRUE,,,,,,,,,
1,1,946768068,707,23,38,357,0,3392,0,3.22,TRUE,,,,,,,,,
1,1,946768071,708,23,38,357,0,3392,0,3.2,TRUE,,,,,,,,,
1,1,946768074,708,23,38,357,0,3392,0,3.22,TRUE,,,,,,,,,
1,1,946768077,709,23,38,357,0,3392,0,3.21,TRUE,,,,,,,,,
1,1,946768080,711,23,38,357,0,3392,0,3.04,TRUE,,,,,,,,,
1,1,946768083,713,23,38,357,0,3392,0,3.22,TRUE,,,,,,,,,
1,1,946768086,714,23,38,358,0,3392,0,3.2,TRUE,,,,,,,,,
1,1,946768089,715,23,38,357,0,3392,0,3.22,TRUE,,,,,,,,,
1,1,946768092,715,23,38,357,0,3392,0,3.22,TRUE,,,,,,,,,
1,1,946768095,716,23,38,357,0,3392,0,3.04,TRUE,,,,,,,,,
1,1,946768098,716,23,38,357,0,3392,0,3.2,TRUE,,,,,,,,,
1,1,946768101,716,23,38,357,0,3392,0,3.2,TRUE,,,,,,,,,
1,1,946768104,715,23,38,357,0,3392,0,3.23,TRUE,,,,,,,,,
1,1,946768107,716,23,38,357,0,3392,0,3.22,TRUE,,,,,,,,,
1,1,946768110,715,23,38,357,0,3392,0,3.04,TRUE,,,,,,,,,
1,1,946768113,716,23,38,356,0,3392,0,3.22,TRUE,,,,,,,,,
1,1,946768116,716,23,38,357,0,3392,0,3.2,TRUE,,,,,,,,,
1,1,946768119,716,23,38,357,0,3392,0,3.22,TRUE,,,,,,,,,
1,1,946768122,720,23,38,357,0,3392,0,3.22,TRUE,,,,,,,,,
1,1,946768125,720,23,38,357,0,3392,0,3.05,TRUE,,,,,,,,,
1,1,946768128,721,23,38,357,0,3392,0,3.22,TRUE,,,,,,,,,
1,1,946768131,722,23,38,357,0,3392,0,3.2,TRUE,,,,,,,,,
1,1,946768134,721,23,38,357,0,3392,0,3.22,TRUE,,,,,,,,,
1,1,946768137,721,23,38,357,0,3392,0,3.22,TRUE,,,,,,,,,
1,1,946768140,721,23,38,356,0,3392,0,3.03,TRUE,,,,,,,,,
1,1,946768143,721,23,37,357,0,3392,0,3.22,TRUE,,,,,,,,,
1,1,946768146,721,23,37,357,0,3392,0,3.2,TRUE,,,,,,,,,
1,1,946768149,721,23,37,357,0,3392,0,3.2,TRUE,,,,,,,,,
1,1,946768152,720,23,37,357,0,3392,0,3.22,TRUE,,,,,,,,,
1,1,946768155,720,23,38,358,0,3392,0,3.03,TRUE,,,,,,,,,
1,1,946768158,719,23,38,357,0,3392,0,3.21,TRUE,,,,,,,,,
1,1,946768161,718,23,38,357,0,3392,0,3.2,TRUE,,,,,,,,,
1,1,946768164,718,23,38,359,0,3392,0,3.22,TRUE,,,,,,,,,
1,1,946768167,717,23,38,357,0,3392,0,3.22,TRUE,,,,,,,,,
1,1,946768170,717,23,38,358,0,3392,0,3.03,TRUE,,,,,,,,,
1,1,946768173,717,23,38,358,0,3392,0,3.22,TRUE,,,,,,,,,
1,1,946768176,718,23,38,358,0,3392,0,3.2,TRUE,,,,,,,,,
1,1,946768179,718,23,38,358,0,3392,0,3.21,TRUE,,,,,,,,,
1,1,946768182,721,23,38,358,0,3392,0,3.21,TRUE,,,,,,,,,
1,1,946768185,720,23,38,357,0,3392,0,3.04,TRUE,,,,,,,,,
1,1,946768188,722,23,38,357,0,3392,0,3.22,TRUE,,,,,,,,,
1,1,946768191,724,23,38,357,0,3392,0,3.2,TRUE,,,,,,,,,
1,1,946768194,725,23,38,358,0,3392,0,3.19,TRUE,,,,,,,,,
1,1,946768197,724,23,38,357,0,3392,0,3.22,TRUE,,,,,,,,,
1,1,946768200,726,23,38,357,0,3392,0,3.04,TRUE,,,,,,,,,
1,1,946768203,726,23,38,357,0,3392,0,3.21,TRUE,,,,,,,,,
1,1,946768206,726,23,38,357,0,3392,0,3.23,TRUE,,,,,,,,,
1,1,946768209,726,23,38,358,0,3392,0,3.2,TRUE,,,,,,,,,
1,1,946768212,725,23,37,357,0,3392,0,3.22,TRUE,,,,,,,,,
1,1,946768215,723,23,37,358,0,3392,0,3.09,TRUE,,,,,,,,,
1,1,946768218,722,23,37,358,0,3392,0,3.21,TRUE,,,,,,,,,
1,1,946768221,722,23,37,358,0,3392,0,3.2,TRUE,,,,,,,,,
1,1,946768224,723,23,37,358,0,3392,0,3.2,TRUE,,,,,,,,,
1,1,946768227,723,23,37,358,0,3392,0,3.22,TRUE,,,,,,,,,
1,1,946768230,725,23,37,357,0,3392,0,3.05,TRUE,,,,,,,,,
1,1,946768233,723,23,37,357,0,3392,0,3.22,TRUE,,,,,,,,,
1,1,946768236,724,23,37,358,0,3392,0,3.22,TRUE,,,,,,,,,
1,1,946768239,723,23,37,357,0,3392,0,3.21,TRUE,,,,,,,,,
1,1,946768242,723,23,37,358,0,3392,0,3.21,TRUE,,,,,,,,,
1,1,946768245,722,23,37,357,0,3392,0,3.2,TRUE,,,,,,,,,
1,1,946768248,719,23,37,358,0,3392,0,3.21,TRUE,,,,,,,,,
1,1,946768251,719,23,37,357,0,3392,0,3.21,TRUE,,,,,,,,,
1,1,946768254,719,23,37,358,0,3392,0,3.2,TRUE,,,,,,,,,
1,1,946768257,717,23,37,358,0,3392,0,3.21,TRUE,,,,,,,,,
1,1,946768260,717,23,37,358,0,3392,0,3.2,TRUE,,,,,,,,,
1,1,946768263,717,23,37,357,0,3392,0,3.21,TRUE,,,,,,,,,
1,1,946768266,716,23,37,358,0,3392,0,3.21,TRUE,,,,,,,,,
1,1,946768269,715,23,37,358,0,3392,0,3.21,TRUE,,,,,,,,,
1,1,946768272,714,23,37,357,0,3392,0,3.21,TRUE,,,,,,,,,
1,1,946768275,712,23,37,358,0,3392,0,3.21,TRUE,,,,,,,,,
1,1,946768278,710,23,37,357,0,3392,0,3.22,TRUE,,,,,,,,,
1,1,946768281,709,23,37,357,0,3392,0,3.22,TRUE,,,,,,,,,
1,1,946768284,708,23,37,358,0,3392,0,3.04,TRUE,,,,,,,,,
1,1,946768287,709,23,37,357,0,3392,0,3.22,TRUE,,,,,,,,,
1,1,946768290,708,23,37,358,0,3392,0,3.21,TRUE,,,,,,,,,
1,1,946768293,707,23,37,358,0,3392,0,3.22,TRUE,,,,,,,,,
1,1,946768296,705,23,37,357,0,3392,0,3.22,TRUE,,,,,,,,,
1,1,946768299,704,23,37,358,0,3392,0,3.04,TRUE,,,,,,,,,
1,1,946768302,703,23,37,358,0,3392,0,3.22,TRUE,,,,,,,,,
1,1,946768305,703,23,37,358,0,3392,0,3.2,TRUE,,,,,,,,,
1,1,946768308,703,23,37,358,0,3392,0,3.21,TRUE,,,,,,,,,
1,1,946768311,705,23,37,358,0,3392,0,3.22,TRUE,,,,,,,,,
1,1,946768314,704,23,37,358,0,3392,0,3.04,TRUE,,,,,,,,,
1,1,946768317,704,23,37,358,0,3392,0,3.22,TRUE,,,,,,,,,
1,1,946768320,705,23,37,358,0,3392,0,3.2,TRUE,,,,,,,,,
1,1,946768323,705,23,37,357,0,3392,0,3.22,TRUE,,,,,,,,,
1,1,946768326,704,23,37,358,0,3392,0,3.21,TRUE,,,,,,,,,
1,1,946768329,704,23,37,358,0,3392,0,3.05,TRUE,,,,,,,,,
1,1,946768332,701,23,37,358,0,3392,0,3.22,TRUE,,,,,,,,,
1,1,946768335,701,23,37,357,0,3392,0,3.2,TRUE,,,,,,,,,
1,1,946768338,701,23,37,358,0,3392,0,3.2,TRUE,,,,,,,,,
1,1,946768341,701,23,37,358,0,3392,0,3.22,TRUE,,,,,,,,,
1,1,946768344,700,23,37,358,0,3392,0,3.04,TRUE,,,,,,,,,
1,1,946768347,698,23,37,357,0,3392,0,3.21,TRUE,,,,,,,,,
1,1,946768350,698,23,37,357,0,3392,0,3.21,TRUE,,,,,,,,,
1,1,946768353,697,23,37,358,0,3392,0,3.19,TRUE,,,,,,,,,
1,1,946768356,695,23,37,358,0,3392,0,3.22,TRUE,,,,,,,,,
1,1,946768359,693,23,37,358,0,3392,0,3.03,TRUE,,,,,,,,,
1,1,946768362,692,23,37,358,0,3392,0,3.22,TRUE,,,,,,,,,
1,1,946768365,691,23,37,358,0,3392,0,3.19,TRUE,,,,,,,,,
1,1,946768368,691,23,37,357,0,3392,0,3.2,TRUE,,,,,,,,,
1,1,946768371,689,23,37,357,0,3392,0,3.22,TRUE,,,,,,,,,
1,1,946768374,687,23,37,358,0,3392,0,3.03,TRUE,,,,,,,,,
1,1,946768377,685,23,37,357,0,3392,0,3.21,TRUE,,,,,,,,,
1,1,946768380,684,23,37,357,0,3392,0,3.2,TRUE,,,,,,,,,
1,1,946768383,684,23,37,358,0,3392,0,3.2,TRUE,,,,,,,,,
1,1,946768386,683,23,37,358,0,3392,0,3.22,TRUE,,,,,,,,,
1,1,946768389,682,23,37,358,0,3392,0,3.04,TRUE,,,,,,,,,
1,1,946768392,682,23,37,357,0,3392,0,3.22,TRUE,,,,,,,,,
1,1,946768395,682,23,37,358,0,3392,0,3.21,TRUE,,,,,,,,,
1,1,946768398,682,23,37,357,0,3392,0,3.2,TRUE,,,,,,,,,
1,1,946768401,681,23,37,357,0,3392,0,3.22,TRUE,,,,,,,,,
1,1,946768404,681,23,37,357,0,3392,0,3.04,TRUE,,,,,,,,,
1,1,946768407,683,23,37,357,0,3392,0,3.22,TRUE,,,,,,,,,
1,1,946768410,682,23,37,357,0,3392,0,3.2,TRUE,,,,,,,,,
1,1,946768413,682,23,37,357,0,3392,0,3.2,TRUE,,,,,,,,,
1,1,946768416,681,23,37,357,0,3392,0,3.22,TRUE,,,,,,,,,
1,1,946768419,681,23,37,357,0,3392,0,3.19,TRUE,,,,,,,,,
1,1,946768422,680,23,37,357,0,3392,0,3.21,TRUE,,,,,,,,,
1,1,946768425,679,23,37,358,0,3392,0,3.22,TRUE,,,,,,,,,
1,1,946768428,680,23,37,358,0,3392,0,3.2,TRUE,,,,,,,,,
1,1,946768431,679,23,37,358,0,3392,0,3.21,TRUE,,,,,,,,,
1,1,946768434,678,23,37,358,0,3392,0,3.09,TRUE,,,,,,,,,
1,1,946768437,677,23,37,358,0,3392,0,3.22,TRUE,,,,,,,,,
1,1,946768440,677,23,37,358,0,3392,0,3.21,TRUE,,,,,,,,,
1,1,946768443,676,23,37,358,0,3392,0,3.2,TRUE,,,,,,,,,
1,1,946768446,675,23,37,358,0,3392,0,3.22,TRUE,,,,,,,,,
1,1,946768449,676,23,37,357,0,3392,0,3.2,TRUE,,,,,,,,,
1,1,946768452,675,23,37,357,0,3392,0,3.21,TRUE,,,,,,,,,
1,1,946768455,675,23,37,358,0,3392,0,3.22,TRUE,,,,,,,,,
1,1,946768458,675,23,37,357,0,3392,0,3.05,TRUE,,,,,,,,,
1,1,946768461,674,23,37,358,0,3392,0,3.21,TRUE,,,,,,,,,
1,1,946768464,673,23,37,358,0,3392,0,3.2,TRUE,,,,,,,,,
1,1,946768467,672,23,37,358,0,3392,0,3.23,TRUE,,,,,,,,,
1,1,946768470,671,23,37,358,0,3392,0,3.22,TRUE,,,,,,,,,
1,1,946768473,671,23,37,358,0,3392,0,3.05,TRUE,,,,,,,,,
1,1,946768476,673,23,37,357,0,3392,0,3.21,TRUE,,,,,,,,,
1,1,946768479,673,23,37,357,0,3392,0,3.2,TRUE,,,,,,,,,
1,1,946768482,673,23,37,357,0,3392,0,3.21,TRUE,,,,,,,,,
1,1,946768485,674,23,37,358,0,3392,0,3.21,TRUE,,,,,,,,,
1,1,946768488,674,23,37,358,0,3392,0,3.03,TRUE,,,,,,,,,
1,1,946768491,674,23,37,358,0,3392,0,3.22,TRUE,,,,,,,,,
1,1,946768494,674,23,37,358,0,3392,0,3.2,TRUE,,,,,,,,,
1,1,946768497,675,23,37,357,0,3392,0,3.21,TRUE,,,,,,,,,
1,1,946768500,676,23,37,358,0,3392,0,3.21,TRUE,,,,,,,,,
1,1,946768503,677,23,37,358,0,3392,0,3.03,TRUE,,,,,,,,,
1,1,946768506,681,23,37,357,0,3392,0,3.22,TRUE,,,,,,,,,
1,1,946768509,681,23,37,358,0,3392,0,3.2,TRUE,,,,,,,,,
1,1,946768512,683,23,37,358,0,3392,0,3.22,TRUE,,,,,,,,,
1,1,946768515,684,23,37,358,0,3392,0,3.22,TRUE,,,,,,,,,
1,1,946768518,683,23,37,358,0,3392,0,3.02,TRUE,,,,,,,,,
1,1,946768521,681,23,37,358,0,3392,0,3.22,TRUE,,,,,,,,,
1,1,946768524,679,23,37,358,0,3392,0,3.2,TRUE,,,,,,,,,
1,1,946768527,679,23,37,358,0,3392,0,3.19,TRUE,,,,,,,,,
1,1,946768530,679,23,37,358,0,3392,0,3.22,TRUE,,,,,,,,,
1,1,946768533,681,23,37,358,0,3392,0,3.04,TRUE,,,,,,,,,
1,1,946768536,682,23,37,358,0,3392,0,3.22,TRUE,,,,,,,,,
1,1,946768539,684,23,37,358,0,3392,0,3.2,TRUE,,,,,,,,,
1,1,946768542,685,23,37,358,0,3392,0,3.2,TRUE,,,,,,,,,
1,1,946768545,683,23,37,358,0,3392,0,3.21,TRUE,,,,,,,,,
1,1,946768548,683,23,37,358,0,3392,0,3.04,TRUE,,,,,,,,,
1,1,946768551,684,23,37,358,0,3392,0,3.23,TRUE,,,,,,,,,
1,1,946768554,684,23,37,358,0,3392,0,3.19,TRUE,,,,,,,,,
1,1,946768557,684,23,37,357,0,3392,0,3.2,TRUE,,,,,,,,,
1,1,946768560,682,23,37,357,0,3392,0,3.22,TRUE,,,,,,,,,
1,1,946768563,683,23,37,358,0,3392,0,3.03,TRUE,,,,,,,,,
1,1,946768566,682,23,37,358,0,3392,0,3.21,TRUE,,,,,,,,,
1,1,946768569,681,23,37,358,0,3392,0,3.21,TRUE,,,,,,,,,
1,1,946768572,682,23,37,358,0,3392,0,3.2,TRUE,,,,,,,,,
1,1,946768575,682,23,37,358,0,3392,0,3.22,TRUE,,,,,,,,,
1,1,946768578,682,23,37,358,0,3392,0,3.04,TRUE,,,,,,,,,
1,1,946768581,682,23,37,358,0,3392,0,3.22,TRUE,,,,,,,,,
1,1,946768584,682,23,37,358,0,3392,0,3.2,TRUE,,,,,,,,,
1,1,946768587,682,23,37,358,0,3392,0,3.21,TRUE,,,,,,,,,
1,1,946768590,681,23,37,358,0,3392,0,3.22,TRUE,,,,,,,,,
1,1,946768593,682,23,37,358,0,3392,0,3.03,TRUE,,,,,,,,,
1,1,946768596,681,23,37,358,0,3392,0,3.21,TRUE,,,,,,,,,
1,1,946768599,680,23,37,358,0,3392,0,3.19,TRUE,,,,,,,,,
1,1,946768602,680,23,37,358,0,3392,0,3.2,TRUE,,,,,,,,,
1,1,946768605,680,23,37,357,0,3392,0,3.21,TRUE,,,,,,,,,
1,1,946768608,680,23,37,358,0,3392,0,3.16,TRUE,,,,,,,,,
1,1,946768611,681,23,37,358,0,3392,0,3.22,TRUE,,,,,,,,,
1,1,946768614,680,23,37,358,0,3392,0,3.18,TRUE,,,,,,,,,
1,1,946768617,679,23,37,358,0,3392,0,3.19,TRUE,,,,,,,,,
1,1,946768620,680,23,37,358,0,3392,0,3.22,TRUE,,,,,,,,,
1,1,946768623,679,23,37,357,0,3392,0,3.07,TRUE,,,,,,,,,
1,1,946768626,679,23,37,358,0,3392,0,3.22,TRUE,,,,,,,,,
1,1,946768629,680,23,37,358,0,3392,0,3.22,TRUE,,,,,,,,,
1,1,946768632,679,23,37,358,0,3392,0,3.21,TRUE,,,,,,,,,
1,1,946768635,681,23,37,358,0,3392,0,3.22,TRUE,,,,,,,,,
1,1,946768638,681,23,37,357,0,3392,0,3.2,TRUE,,,,,,,,,
1,1,946768641,681,23,37,358,0,3392,0,3.22,TRUE,,,,,,,,,
1,1,946768644,681,23,37,357,0,3392,0,3.22,TRUE,,,,,,,,,
1,1,946768647,682,23,37,358,0,3392,0,3.04,TRUE,,,,,,,,,
1,1,946768650,682,23,37,357,0,3392,0,3.21,TRUE,,,,,,,,,
1,1,946768653,683,23,37,358,0,3392,0,3.19,TRUE,,,,,,,,,
1,1,946768656,683,23,37,357,0,3392,0,3.21,TRUE,,,,,,,,,
1,1,946768659,683,23,37,358,0,3392,0,3.22,TRUE,,,,,,,,,
1,1,946768662,683,23,37,358,0,3392,0,3.2,TRUE,,,,,,,,,
1,1,946768665,685,23,37,358,0,3392,0,3.22,TRUE,,,,,,,,,
1,1,946768668,685,23,37,358,0,3392,0,3.2,TRUE,,,,,,,,,
1,1,946768671,687,23,37,358,0,3392,0,3.22,TRUE,,,,,,,,,
1,1,946768674,688,23,37,358,0,3392,0,3.22,TRUE,,,,,,,,,
1,1,946768677,687,23,37,358,0,3392,0,3.04,TRUE,,,,,,,,,
1,1,946768680,687,23,37,358,0,3392,0,3.2,TRUE,,,,,,,,,
1,1,946768683,686,23,37,358,0,3392,0,3.2,TRUE,,,,,,,,,
1,1,946768686,687,23,37,358,0,3392,0,3.22,TRUE,,,,,,,,,
1,1,946768689,687,23,37,358,0,3392,0,3.22,TRUE,,,,,,,,,
1,1,946768692,687,23,37,358,0,3392,0,3.21,TRUE,,,,,,,,,
1,1,946768695,687,23,37,358,0,3392,0,3.22,TRUE,,,,,,,,,
1,1,946768698,687,23,37,358,0,3392,0,3.21,TRUE,,,,,,,,,
1,1,946768701,687,23,37,358,0,3392,0,3.22,TRUE,,,,,,,,,
1,1,946768704,687,23,37,357,0,3392,0,3.22,TRUE,,,,,,,,,
1,1,946768707,687,23,37,358,0,3392,0,3.05,TRUE,,,,,,,,,
1,1,946768710,687,23,37,357,0,3392,0,3.22,TRUE,,,,,,,,,
1,1,946768713,687,23,37,357,0,3392,0,3.21,TRUE,,,,,,,,,
1,1,946768716,687,23,37,358,0,3392,0,3.21,TRUE,,,,,,,,,
1,1,946768719,688,23,37,358,0,3392,0,3.21,TRUE,,,,,,,,,
1,1,946768722,687,23,37,359,0,3392,0,3.04,TRUE,,,,,,,,,
1,1,946768725,687,23,37,358,0,3392,0,3.22,TRUE,,,,,,,,,
1,1,946768728,687,23,37,358,0,3392,0,3.2,TRUE,,,,,,,,,
1,1,946768731,685,23,37,357,0,3392,0,3.21,TRUE,,,,,,,,,
1,1,946768734,684,23,37,358,0,3392,0,3.21,TRUE,,,,,,,,,
1,1,946768737,683,23,37,358,0,3392,0,3.05,TRUE,,,,,,,,,
1,1,946768740,683,23,37,358,0,3392,0,3.21,TRUE,,,,,,,,,
1,1,946768743,682,23,37,357,0,3392,0,3.2,TRUE,,,,,,,,,
1,1,946768746,682,23,37,358,0,3392,0,3.22,TRUE,,,,,,,,,
1,1,946768749,681,23,37,358,0,3392,0,3.21,TRUE,,,,,,,,,
1,1,946768752,679,23,37,358,0,3392,0,3.04,TRUE,,,,,,,,,
1,1,946768755,681,23,37,358,0,3392,0,3.21,TRUE,,,,,,,,,
1,1,946768758,680,23,37,358,0,3392,0,3.2,TRUE,,,,,,,,,
1,1,946768761,681,23,37,357,0,3392,0,3.22,TRUE,,,,,,,,,
1,1,946768764,681,23,37,358,0,3392,0,3.22,TRUE,,,,,,,,,
1,1,946768767,680,23,37,358,0,3392,0,3.04,TRUE,,,,,,,,,
1,1,946768770,676,23,37,358,0,3392,0,3.22,TRUE,,,,,,,,,
1,1,946768773,675,23,37,358,0,3392,0,3.2,TRUE,,,,,,,,,
1,1,946768776,674,23,37,358,0,3392,0,3.22,TRUE,,,,,,,,,
1,1,946768779,674,23,37,357,0,3392,0,3.21,TRUE,,,,,,,,,
1,1,946768782,672,23,37,358,0,3392,0,3.03,TRUE,,,,,,,,,
1,1,946768785,672,23,37,358,0,3392,0,3.22,TRUE,,,,,,,,,
1,1,946768788,672,23,37,358,0,3392,0,3.16,TRUE,,,,,,,,,
1,1,946768791,671,23,37,358,0,3392,0,3.22,TRUE,,,,,,,,,
1,1,946768794,673,23,37,357,0,3392,0,3.22,TRUE,,,,,,,,,
1,1,946768797,674,23,37,358,0,3392,0,3.04,TRUE,,,,,,,,,
1,1,946768800,675,23,37,357,0,3392,0,3.21,TRUE,,,,,,,,,
1,1,946768803,674,23,37,358,0,3392,0,3.2,TRUE,,,,,,,,,
1,1,946768806,674,23,37,358,0,3392,0,3.2,TRUE,,,,,,,,,
1,1,946768809,675,23,37,358,0,3392,0,3.24,TRUE,,,,,,,,,
1,1,946768812,675,23,37,358,0,3392,0,3.03,TRUE,,,,,,,,,
1,1,946768815,674,23,37,358,0,3392,0,3.22,TRUE,,,,,,,,,
1,1,946768818,673,23,37,357,0,3392,0,3.2,TRUE,,,,,,,,,
1,1,946768821,672,23,37,358,0,3392,0,3.2,TRUE,,,,,,,,,
1,1,946768824,672,23,37,358,0,3392,0,3.22,TRUE,,,,,,,,,
1,1,946768827,673,23,37,358,0,3392,0,3.02,TRUE,,,,,,,,,
1,1,946768830,674,23,37,358,0,3392,0,3.22,TRUE,,,,,,,,,
1,1,946768833,674,23,37,358,0,3392,0,3.2,TRUE,,,,,,,,,
1,1,946768836,675,23,37,358,0,3392,0,3.2,TRUE,,,,,,,,,
1,1,946768839,676,23,37,358,0,3392,0,3.22,TRUE,,,,,,,,,
1,1,946768842,675,23,37,358,0,3392,0,3.03,TRUE,,,,,,,,,
1,1,946768845,676,23,37,358,0,3392,0,3.21,TRUE,,,,,,,,,
1,1,946768848,677,23,37,358,0,3392,0,3.2,TRUE,,,,,,,,,
1,1,946768851,677,23,37,358,0,3392,0,3.2,TRUE,,,,,,,,,
1,1,946768854,676,23,37,358,0,3392,0,3.22,TRUE,,,,,,,,,
1,1,946768857,677,23,37,357,0,3392,0,3.03,TRUE,,,,,,,,,
1,1,946768860,676,23,37,358,0,3392,0,3.21,TRUE,,,,,,,,,
1,1,946768863,676,23,37,358,0,3392,0,3.21,TRUE,,,,,,,,,
1,1,946768866,676,23,37,358,0,3392,0,3.2,TRUE,,,,,,,,,
1,1,946768869,676,23,37,358,0,3392,0,3.22,TRUE,,,,,,,,,
1,1,946768872,676,23,37,358,0,3392,0,3.03,TRUE,,,,,,,,,
1,1,946768875,673,23,37,358,0,3392,0,3.22,TRUE,,,,,,,,,
1,1,946768878,672,23,37,358,0,3392,0,3.21,TRUE,,,,,,,,,
1,1,946768881,672,23,37,358,0,3392,0,3.2,TRUE,,,,,,,,,
1,1,946768884,671,23,37,357,0,3392,0,3.22,TRUE,,,,,,,,,
1,1,946768887,672,23,37,358,0,3392,0,3.07,TRUE,,,,,,,,,
1,1,946768890,673,23,37,358,0,3392,0,3.22,TRUE,,,,,,,,,
1,1,946768893,673,23,37,358,0,3392,0,3.2,TRUE,,,,,,,,,
1,1,946768896,673,23,37,357,0,3392,0,3.21,TRUE,,,,,,,,,
1,1,946768899,673,23,37,358,0,3392,0,3.22,TRUE,,,,,,,,,
1,1,946768902,673,23,37,358,0,3392,0,3.04,TRUE,,,,,,,,,
1,1,946768905,673,23,37,357,0,3392,0,3.22,TRUE,,,,,,,,,
1,1,946768908,674,23,37,358,0,3392,0,3.21,TRUE,,,,,,,,,
1,1,946768911,675,23,37,358,0,3392,0,3.2,TRUE,,,,,,,,,
1,1,946768914,678,23,37,358,0,3392,0,3.21,TRUE,,,,,,,,,
1,1,946768917,679,23,37,359,0,3392,0,3.11,TRUE,,,,,,,,,
1,1,946768920,679,23,37,358,0,3392,0,3.22,TRUE,,,,,,,,,
1,1,946768923,677,23,37,358,0,3392,0,3.2,TRUE,,,,,,,,,
1,1,946768926,678,23,37,358,0,3392,0,3.2,TRUE,,,,,,,,,
1,1,946768929,678,23,37,358,0,3392,0,3.2,TRUE,,,,,,,,,
1,1,946768932,679,23,37,358,0,3392,0,3.04,TRUE,,,,,,,,,
1,1,946768935,677,23,37,358,0,3392,0,3.22,TRUE,,,,,,,,,
1,1,946768938,677,23,37,358,0,3392,0,3.19,TRUE,,,,,,,,,
1,1,946768941,676,23,37,358,0,3392,0,3.2,TRUE,,,,,,,,,
1,1,946768944,677,23,37,357,0,3392,0,3.22,TRUE,,,,,,,,,
1,1,946768947,676,23,37,358,0,3392,0,3.11,TRUE,,,,,,,,,
1,1,946768950,677,23,37,358,0,3392,0,3.22,TRUE,,,,,,,,,
1,1,946768953,677,23,37,359,0,3392,0,3.2,TRUE,,,,,,,,,
1,1,946768956,676,23,37,358,0,3392,0,3.21,TRUE,,,,,,,,,
1,1,946768959,674,23,37,357,0,3392,0,3.21,TRUE,,,,,,,,,
1,1,946768962,674,23,37,358,0,3392,0,3.06,TRUE,,,,,,,,,
1,1,946768965,675,23,37,358,0,3392,0,3.21,TRUE,,,,,,,,,
1,1,946768968,674,23,37,358,0,3392,0,3.22,TRUE,,,,,,,,,
1,1,946768971,673,23,37,358,0,3392,0,3.19,TRUE,,,,,,,,,
1,1,946768974,674,23,37,358,0,3392,0,3.21,TRUE,,,,,,,,,
1,1,946768977,673,23,37,358,0,3392,0,3.17,TRUE,,,,,,,,,
1,1,946768980,672,23,37,357,0,3392,0,3.22,TRUE,,,,,,,,,
1,1,946768983,672,23,37,358,0,3392,0,3.22,TRUE,,,,,,,,,
1,1,946768986,672,23,37,358,0,3392,0,3.21,TRUE,,,,,,,,,
1,1,946768989,671,23,37,357,0,3392,0,3.22,TRUE,,,,,,,,,
1,1,946768992,670,23,37,358,0,3392,0,3.2,TRUE,,,,,,,,,
1,1,946768995,670,23,37,357,0,3392,0,3.22,TRUE,,,,,,,,,
1,1,946768998,673,23,37,358,0,3392,0,3.22,TRUE,,,,,,,,,
1,1,946769001,674,23,37,358,0,3392,0,3.2,TRUE,,,,,,,,,
1,1,946769004,675,23,37,357,0,3392,0,3.22,TRUE,,,,,,,,,
1,1,946769007,674,23,37,358,0,3392,0,3.2,TRUE,,,,,,,,,
1,1,946769010,674,23,37,358,0,3392,0,3.22,TRUE,,,,,,,,,
1,1,946769013,674,23,37,358,0,3392,0,3.22,TRUE,,,,,,,,,
1,1,946769016,673,23,37,358,0,3392,0,3.05,TRUE,,,,,,,,,
1,1,946769019,675,23,37,358,0,3392,0,3.21,TRUE,,,,,,,,,
1,1,946769022,675,23,37,358,0,3392,0,3.18,TRUE,,,,,,,,,
1,1,946769025,674,23,37,358,0,3392,0,3.22,TRUE,,,,,,,,,
1,1,946769028,673,23,37,358,0,3392,0,3.22,TRUE,,,,,,,,,
1,1,946769031,674,23,37,358,0,3392,0,3.2,TRUE,,,,,,,,,
1,1,946769034,674,23,37,358,0,3392,0,3.21,TRUE,,,,,,,,,
1,1,946769037,674,23,37,358,0,3392,0,3.2,TRUE,,,,,,,,,
1,1,946769040,674,23,37,357,0,3392,0,3.22,TRUE,,,,,,,,,
1,1,946769043,675,23,37,357,0,3392,0,3.22,TRUE,,,,,,,,,
1,1,946769046,673,23,37,358,0,3392,0,3.03,TRUE,,,,,,,,,
1,1,946769049,673,23,37,358,0,3392,0,3.21,TRUE,,,,,,,,,
1,1,946769052,673,23,37,357,0,3392,0,3.21,TRUE,,,,,,,,,
1,1,946769055,673,23,37,357,0,3392,0,3.21,TRUE,,,,,,,,,
1,1,946769058,673,23,37,358,0,3392,0,3.21,TRUE,,,,,,,,,
1,1,946769061,673,23,37,358,0,3392,0,3.05,TRUE,,,,,,,,,
1,1,946769064,672,23,37,358,0,3392,0,3.21,TRUE,,,,,,,,,
1,1,946769067,672,23,37,358,0,3392,0,3.2,TRUE,,,,,,,,,
1,1,946769070,672,23,37,358,0,3392,0,3.22,TRUE,,,,,,,,,
1,1,946769073,672,23,37,357,0,3392,0,3.22,TRUE,,,,,,,,,
1,1,946769076,672,23,37,357,0,3392,0,3.04,TRUE,,,,,,,,,
1,1,946769079,673,23,37,358,0,3392,0,3.22,TRUE,,,,,,,,,
1,1,946769082,673,23,37,357,0,3392,0,3.2,TRUE,,,,,,,,,
1,1,946769085,673,23,37,357,0,3392,0,3.22,TRUE,,,,,,,,,
1,1,946769088,673,23,37,358,0,3392,0,3.21,TRUE,,,,,,,,,
1,1,946769091,675,23,37,357,0,3392,0,3.04,TRUE,,,,,,,,,
1,1,946769094,677,23,38,358,0,3392,0,3.22,TRUE,,,,,,,,,
1,1,946769097,677,23,38,357,0,3392,0,3.2,TRUE,,,,,,,,,
1,1,946769100,679,23,38,358,0,3392,0,3.22,TRUE,,,,,,,,,
1,1,946769103,685,23,38,358,0,3392,0,3.21,TRUE,,,,,,,,,
1,1,946769106,691,23,38,358,0,3392,0,3.04,TRUE,,,,,,,,,
1,1,946769109,691,23,38,358,0,3392,0,3.22,TRUE,,,,,,,,,
1,1,946769112,699,23,38,358,0,3392,0,3.2,TRUE,,,,,,,,,
1,1,946769115,698,23,38,357,0,3392,0,3.22,TRUE,,,,,,,,,
1,1,946769118,693,23,38,358,0,3392,0,3.22,TRUE,,,,,,,,,
1,1,946769121,699,23,38,358,0,3392,0,3.03,TRUE,,,,,,,,,
1,1,946769124,706,23,38,358,0,3392,0,3.22,TRUE,,,,,,,,,
1,1,946769127,712,23,38,358,0,3392,0,3.21,TRUE,,,,,,,,,
1,1,946769130,710,23,38,358,0,3392,0,3.2,TRUE,,,,,,,,,
1,1,946769133,714,23,38,358,0,3392,0,3.22,TRUE,,,,,,,,,
1,1,946769136,720,23,38,358,0,3392,0,3.03,TRUE,,,,,,,,,
1,1,946769139,725,23,38,358,0,3392,0,3.21,TRUE,,,,,,,,,
1,1,946769142,729,23,38,358,0,3392,0,3.2,TRUE,,,,,,,,,
1,1,946769145,730,23,38,357,0,3392,0,3.21,TRUE,,,,,,,,,
1,1,946769148,726,23,38,357,0,3392,0,3.2,TRUE,,,,,,,,,
1,1,946769151,728,23,38,358,0,3392,0,3.04,TRUE,,,,,,,,,
1,1,946769154,735,23,38,357,0,3392,0,3.22,TRUE,,,,,,,,,
1,1,946769157,734,23,38,358,0,3392,0,3.2,TRUE,,,,,,,,,
1,1,946769160,735,23,38,358,0,3392,0,3.2,TRUE,,,,,,,,,
1,1,946769163,737,23,38,358,0,3392,0,3.22,TRUE,,,,,,,,,
1,1,946769166,738,23,38,358,0,3392,0,3.03,TRUE,,,,,,,,,
1,1,946769169,739,23,38,358,0,3392,0,3.2,TRUE,,,,,,,,,
1,1,946769172,741,23,38,358,0,3392,0,3.2,TRUE,,,,,,,,,
1,1,946769175,740,23,38,358,0,3392,0,3.2,TRUE,,,,,,,,,
1,1,946769178,738,23,38,358,0,3392,0,3.22,TRUE,,,,,,,,,
1,1,946769181,737,23,38,358,0,3392,0,3.03,TRUE,,,,,,,,,
1,1,946769184,738,23,38,358,0,3392,0,3.22,TRUE,,,,,,,,,
1,1,946769187,739,23,38,357,0,3392,0,3.2,TRUE,,,,,,,,,
1,1,946769190,740,23,38,357,0,3392,0,3.2,TRUE,,,,,,,,,
1,1,946769193,739,23,38,358,0,3392,0,3.22,TRUE,,,,,,,,,
1,1,946769196,740,23,38,357,0,3392,0,3.04,TRUE,,,,,,,,,
1,1,946769199,740,23,38,357,0,3392,0,3.21,TRUE,,,,,,,,,
1,1,946769202,741,23,38,358,0,3392,0,3.2,TRUE,,,,,,,,,
1,1,946769205,742,23,38,358,0,3392,0,3.2,TRUE,,,,,,,,,
1,1,946769208,743,23,38,357,0,3392,0,3.22,TRUE,,,,,,,,,
1,1,946769211,744,23,38,357,0,3392,0,3.04,TRUE,,,,,,,,,
1,1,946769214,746,23,38,357,0,3392,0,3.22,TRUE,,,,,,,,,
1,1,946769217,746,23,38,358,0,3392,0,3.2,TRUE,,,,,,,,,
1,1,946769220,745,23,38,357,0,3392,0,3.2,TRUE,,,,,,,,,
1,1,946769223,744,23,38,358,0,3392,0,3.21,TRUE,,,,,,,,,
1,1,946769226,742,23,38,358,0,3392,0,3.06,TRUE,,,,,,,,,
1,1,946769229,738,23,38,358,0,3392,0,3.22,TRUE,,,,,,,,,
1,1,946769232,739,23,38,357,0,3392,0,3.2,TRUE,,,,,,,,,
1,1,946769235,738,23,38,357,0,3392,0,3.2,TRUE,,,,,,,,,
1,1,946769238,742,23,38,358,0,3392,0,3.22,TRUE,,,,,,,,,
1,1,946769241,741,23,38,357,0,3392,0,3.02,TRUE,,,,,,,,,
1,1,946769244,744,23,38,357,0,3392,0,3.22,TRUE,,,,,,,,,
1,1,946769247,746,23,38,358,0,3392,0,3.22,TRUE,,,,,,,,,
1,1,946769250,746,23,38,357,0,3392,0,3.21,TRUE,,,,,,,,,
1,1,946769253,748,23,38,358,0,3392,0,3.21,TRUE,,,,,,,,,
1,1,946769256,748,23,38,357,0,3392,0,3.08,TRUE,,,,,,,,,
1,1,946769259,746,23,38,357,0,3392,0,3.22,TRUE,,,,,,,,,
1,1,946769262,745,23,38,357,0,3392,0,3.2,TRUE,,,,,,,,,
1,1,946769265,745,23,38,357,0,3392,0,3.22,TRUE,,,,,,,,,
1,1,946769268,744,23,38,357,0,3392,0,3.22,TRUE,,,,,,,,,
1,1,946769271,743,23,38,357,0,3392,0,3.05,TRUE,,,,,,,,,
1,1,946769274,740,23,38,357,0,3392,0,3.21,TRUE,,,,,,,,,
1,1,946769277,740,23,38,357,0,3392,0,3.21,TRUE,,,,,,,,,
1,1,946769280,740,23,38,358,0,3392,0,3.2,TRUE,,,,,,,,,
1,1,946769283,740,23,38,358,0,3392,0,3.22,TRUE,,,,,,,,,
1,1,946769286,740,23,38,358,0,3392,0,3.2,TRUE,,,,,,,,,
1,1,946769289,741,23,38,358,0,3392,0,3.22,TRUE,,,,,,,,,
1,1,946769292,740,23,38,357,0,3392,0,3.21,TRUE,,,,,,,,,
1,1,946769295,738,23,38,358,0,3392,0,3.21,TRUE,,,,,,,,,
1,1,946769298,734,23,38,357,0,3392,0,3.22,TRUE,,,,,,,,,
1,1,946769301,731,23,38,357,0,3392,0,3.07,TRUE,,,,,,,,,
1,1,946769304,729,23,38,357,0,3392,0,3.22,TRUE,,,,,,,,,
1,1,946769307,727,23,38,358,0,3392,0,3.21,TRUE,,,,,,,,,
1,1,946769310,725,23,38,358,0,3392,0,3.19,TRUE,,,,,,,,,
1,1,946769313,726,23,38,357,0,3392,0,3.21,TRUE,,,,,,,,,
1,1,946769316,724,23,38,358,0,3392,0,3.19,TRUE,,,,,,,,,
1,1,946769319,729,23,38,358,0,3392,0,3.22,TRUE,,,,,,,,,
1,1,946769322,734,23,37,357,0,3392,0,3.2,TRUE,,,,,,,,,
1,1,946769325,739,23,37,358,0,3392,0,3.04,TRUE,,,,,,,,,
1,1,946769328,752,23,37,358,0,3392,0,3.22,TRUE,,,,,,,,,
1,1,946769331,750,23,37,358,0,3392,0,3.11,TRUE,,,,,,,,,
1,1,946769334,751,23,37,358,0,3392,0,3.22,TRUE,,,,,,,,,
1,1,946769337,755,23,37,357,0,3392,0,3.22,TRUE,,,,,,,,,
1,1,946769340,751,23,37,358,0,3392,0,3.19,TRUE,,,,,,,,,
1,1,946769343,753,23,37,358,0,3392,0,3.22,TRUE,,,,,,,,,
1,1,946769346,748,23,37,358,0,3392,0,3.2,TRUE,,,,,,,,,
1,1,946769349,743,23,37,357,0,3392,0,3.22,TRUE,,,,,,,,,
1,1,946769352,738,23,37,358,0,3392,0,3.2,TRUE,,,,,,,,,
1,1,946769355,733,23,37,358,0,3392,0,3.05,TRUE,,,,,,,,,
1,1,946769358,733,23,37,358,0,3392,0,3.21,TRUE,,,,,,,,,
1,1,946769361,731,23,37,358,0,3392,0,3.13,TRUE,,,,,,,,,
1,1,946769364,735,23,37,358,0,3392,0,3.22,TRUE,,,,,,,,,
1,1,946769367,736,23,37,358,0,3392,0,3.22,TRUE,,,,,,,,,
1,1,946769370,735,23,37,358,0,3392,0,3.2,TRUE,,,,,,,,,
1,1,946769373,735,23,37,357,0,3392,0,3.22,TRUE,,,,,,,,,
1,1,946769376,735,23,37,358,0,3392,0,3.2,TRUE,,,,,,,,,
1,1,946769379,733,23,37,358,0,3392,0,3.22,TRUE,,,,,,,,,
1,1,946769382,733,23,37,358,0,3392,0,3.22,TRUE,,,,,,,,,
1,1,946769385,728,23,37,358,0,3392,0,3.04,TRUE,,,,,,,,,
1,1,946769388,726,23,37,358,0,3392,0,3.22,TRUE,,,,,,,,,
1,1,946769391,724,23,37,357,0,3392,0,3.21,TRUE,,,,,,,,,
1,1,946769394,724,23,37,358,0,3392,0,3.22,TRUE,,,,,,,,,
1,1,946769397,723,23,37,359,0,3392,0,3.22,TRUE,,,,,,,,,
1,1,946769400,722,23,37,358,0,3392,0,3.2,TRUE,,,,,,,,,
1,1,946769403,722,23,37,358,0,3392,0,3.22,TRUE,,,,,,,,,
1,1,946769406,720,23,37,358,0,3392,0,3.2,TRUE,,,,,,,,,
1,1,946769409,720,23,37,357,0,3392,0,3.22,TRUE,,,,,,,,,
1,1,946769412,721,23,37,358,0,3392,0,3.21,TRUE,,,,,,,,,
1,1,946769415,722,23,37,358,0,3392,0,3.05,TRUE,,,,,,,,,
1,1,946769418,723,23,37,358,0,3392,0,3.21,TRUE,,,,,,,,,
1,1,946769421,723,23,37,358,0,3392,0,3.2,TRUE,,,,,,,,,
1,1,946769424,722,23,37,358,0,3392,0,3.21,TRUE,,,,,,,,,
1,1,946769427,722,23,37,358,0,3392,0,3.21,TRUE,,,,,,,,,
1,1,946769430,721,23,37,358,0,3392,0,3.2,TRUE,,,,,,,,,
1,1,946769433,720,23,37,358,0,3392,0,3.22,TRUE,,,,,,,,,
1,1,946769436,720,23,37,358,0,3392,0,3.2,TRUE,,,,,,,,,
1,1,946769439,721,23,37,358,0,3392,0,3.22,TRUE,,,,,,,,,
1,1,946769442,720,23,37,358,0,3392,0,3.22,TRUE,,,,,,,,,
1,1,946769445,720,23,37,358,0,3392,0,3.05,TRUE,,,,,,,,,
1,1,946769448,718,23,37,357,0,3392,0,3.22,TRUE,,,,,,,,,
1,1,946769451,716,23,37,357,0,3392,0,3.2,TRUE,,,,,,,,,
1,1,946769454,715,23,37,357,0,3392,0,3.22,TRUE,,,,,,,,,
1,1,946769457,716,23,37,358,0,3392,0,3.21,TRUE,,,,,,,,,
1,1,946769460,717,23,37,358,0,3392,0,3.04,TRUE,,,,,,,,,
1,1,946769463,716,23,37,357,0,3392,0,3.22,TRUE,,,,,,,,,
1,1,946769466,716,23,37,358,0,3392,0,3.2,TRUE,,,,,,,,,
1,1,946769469,715,23,37,357,0,3392,0,3.22,TRUE,,,,,,,,,
1,1,946769472,717,23,37,357,0,3392,0,3.2,TRUE,,,,,,,,,
1,1,946769475,719,23,37,357,0,3392,0,3.05,TRUE,,,,,,,,,
1,1,946769478,722,23,37,358,0,3392,0,3.21,TRUE,,,,,,,,,
1,1,946769481,722,23,37,357,0,3392,0,3.21,TRUE,,,,,,,,,
1,1,946769484,723,23,37,358,0,3392,0,3.22,TRUE,,,,,,,,,
1,1,946769487,723,23,37,358,0,3392,0,3.22,TRUE,,,,,,,,,
1,1,946769490,724,23,37,358,0,3392,0,3.04,TRUE,,,,,,,,,
1,1,946769493,725,23,37,358,0,3392,0,3.22,TRUE,,,,,,,,,
1,1,946769496,725,23,37,357,0,3392,0,3.2,TRUE,,,,,,,,,
1,1,946769499,724,23,37,358,0,3392,0,3.23,TRUE,,,,,,,,,
1,1,946769502,724,23,37,358,0,3392,0,3.22,TRUE,,,,,,,,,
1,1,946769505,723,23,37,358,0,3392,0,3.04,TRUE,,,,,,,,,
1,1,946769508,723,23,37,357,0,3392,0,3.21,TRUE,,,,,,,,,
1,1,946769511,724,23,37,357,0,3392,0,3.2,TRUE,,,,,,,,,
1,1,946769514,725,23,37,357,0,3392,0,3.22,TRUE,,,,,,,,,
1,1,946769517,723,23,37,358,0,3392,0,3.22,TRUE,,,,,,,,,
1,1,946769520,724,23,37,358,0,3392,0,3.04,TRUE,,,,,,,,,
1,1,946769523,723,23,38,358,0,3392,0,3.22,TRUE,,,,,,,,,
1,1,946769526,722,23,38,357,0,3392,0,3.21,TRUE,,,,,,,,,
1,1,946769529,722,23,38,358,0,3392,0,3.22,TRUE,,,,,,,,,
1,1,946769532,721,23,38,357,0,3392,0,3.22,TRUE,,,,,,,,,
1,1,946769535,722,23,37,358,0,3392,0,3.04,TRUE,,,,,,,,,
1,1,946769538,722,23,37,357,0,3392,0,3.22,TRUE,,,,,,,,,
1,1,946769541,722,23,37,358,0,3392,0,3.2,TRUE,,,,,,,,,
1,1,946769544,722,23,38,357,0,3392,0,3.23,TRUE,,,,,,,,,
1,1,946769547,722,23,37,357,0,3392,0,3.22,TRUE,,,,,,,,,
1,1,946769550,722,23,38,358,0,3392,0,3.03,TRUE,,,,,,,,,
1,1,946769553,723,23,38,357,0,3392,0,3.22,TRUE,,,,,,,,,
1,1,946769556,724,23,38,358,0,3392,0,3.2,TRUE,,,,,,,,,
1,1,946769559,723,23,37,357,0,3392,0,3.2,TRUE,,,,,,,,,
1,1,946769562,723,23,37,357,0,3392,0,3.21,TRUE,,,,,,,,,
1,1,946769565,723,23,37,357,0,3392,0,3.03,TRUE,,,,,,,,,
1,1,946769568,724,23,38,357,0,3392,0,3.22,TRUE,,,,,,,,,
1,1,946769571,725,23,38,357,0,3392,0,3.2,TRUE,,,,,,,,,
1,1,946769574,725,23,38,358,0,3392,0,3.22,TRUE,,,,,,,,,
1,1,946769577,726,23,38,356,0,3392,0,3.21,TRUE,,,,,,,,,
1,1,946769580,726,23,38,358,0,3392,0,3.03,TRUE,,,,,,,,,
1,1,946769583,727,23,37,358,0,3392,0,3.22,TRUE,,,,,,,,,
1,1,946769586,727,23,38,358,0,3392,0,3.2,TRUE,,,,,,,,,
1,1,946769589,727,23,37,358,0,3392,0,3.19,TRUE,,,,,,,,,
1,1,946769592,728,23,37,358,0,3392,0,3.22,TRUE,,,,,,,,,
1,1,946769595,729,23,37,358,0,3392,0,3.02,TRUE,,,,,,,,,
1,1,946769598,730,23,37,357,0,3392,0,3.22,TRUE,,,,,,,,,
1,1,946769601,729,23,37,358,0,3392,0,3.2,TRUE,,,,,,,,,
1,1,946769604,728,23,37,357,0,3392,0,3.2,TRUE,,,,,,,,,
1,1,946769607,730,23,37,358,0,3392,0,3.22,TRUE,,,,,,,,,
1,1,946769610,731,23,37,358,0,3392,0,3.01,TRUE,,,,,,,,,
1,1,946769613,732,23,37,358,0,3392,0,3.22,TRUE,,,,,,,,,
1,1,946769616,733,23,37,357,0,3392,0,3.19,TRUE,,,,,,,,,
1,1,946769619,733,23,37,357,0,3392,0,3.2,TRUE,,,,,,,,,
1,1,946769622,735,23,37,358,0,3392,0,3.22,TRUE,,,,,,,,,
1,1,946769625,735,23,37,358,0,3392,0,3.03,TRUE,,,,,,,,,
1,1,946769628,738,23,37,357,0,3392,0,3.22,TRUE,,,,,,,,,
1,1,946769631,739,23,37,358,0,3392,0,3.2,TRUE,,,,,,,,,
1,1,946769634,740,23,37,358,0,3392,0,3.2,TRUE,,,,,,,,,
1,1,946769637,737,23,37,357,0,3392,0,3.21,TRUE,,,,,,,,,
1,1,946769640,740,23,37,357,0,3392,0,3.03,TRUE,,,,,,,,,
1,1,946769643,740,23,37,357,0,3392,0,3.22,TRUE,,,,,,,,,
1,1,946769646,742,23,37,358,0,3392,0,3.18,TRUE,,,,,,,,,
1,1,946769649,742,23,37,358,0,3392,0,3.2,TRUE,,,,,,,,,
1,1,946769652,743,23,37,358,0,3392,0,3.21,TRUE,,,,,,,,,
1,1,946769655,744,23,37,358,0,3392,0,3.04,TRUE,,,,,,,,,
1,1,946769658,745,23,37,357,0,3392,0,3.21,TRUE,,,,,,,,,
1,1,946769661,744,23,37,358,0,3392,0,3.2,TRUE,,,,,,,,,
1,1,946769664,745,23,37,358,0,3392,0,3.21,TRUE,,,,,,,,,
1,1,946769667,746,23,37,357,0,3392,0,3.22,TRUE,,,,,,,,,
1,1,946769670,746,23,37,358,0,3392,0,3.03,TRUE,,,,,,,,,
1,1,946769673,746,23,37,358,0,3392,0,3.22,TRUE,,,,,,,,,
1,1,946769676,745,23,37,358,0,3392,0,3.2,TRUE,,,,,,,,,
1,1,946769679,745,23,37,357,0,3392,0,3.19,TRUE,,,,,,,,,
1,1,946769682,744,23,37,358,0,3392,0,3.22,TRUE,,,,,,,,,
1,1,946769685,746,23,37,357,0,3392,0,3.04,TRUE,,,,,,,,,
1,1,946769688,746,23,37,357,0,3392,0,3.21,TRUE,,,,,,,,,
1,1,946769691,747,23,37,358,0,3392,0,3.21,TRUE,,,,,,,,,
1,1,946769694,748,23,37,358,0,3392,0,3.2,TRUE,,,,,,,,,
1,1,946769697,749,23,37,358,0,3392,0,3.22,TRUE,,,,,,,,,
1,1,946769700,749,23,37,358,0,3392,0,3.16,TRUE,,,,,,,,,
1,1,946769703,749,23,37,357,0,3392,0,3.22,TRUE,,,,,,,,,
1,1,946769706,749,23,37,358,0,3392,0,3.21,TRUE,,,,,,,,,
1,1,946769709,749,23,37,358,0,3392,0,3.2,TRUE,,,,,,,,,
1,1,946769712,749,23,37,358,0,3392,0,3.22,TRUE,,,,,,,,,
1,1,946769715,749,23,37,357,0,3392,0,3.06,TRUE,,,,,,,,,
1,1,946769718,750,23,37,358,0,3392,0,3.21,TRUE,,,,,,,,,
1,1,946769721,751,23,37,358,0,3392,0,3.22,TRUE,,,,,,,,,
1,1,946769724,752,23,37,358,0,3392,0,3.2,TRUE,,,,,,,,,
1,1,946769727,753,23,37,358,0,3392,0,3.22,TRUE,,,,,,,,,
1,1,946769730,753,23,37,357,0,3392,0,3.15,TRUE,,,,,,,,,
1,1,946769733,754,23,37,358,0,3392,0,3.22,TRUE,,,,,,,,,
1,1,946769736,753,23,37,358,0,3392,0,3.2,TRUE,,,,,,,,,
1,1,946769739,754,23,37,357,0,3392,0,3.2,TRUE,,,,,,,,,
1,1,946769742,754,23,37,358,0,3392,0,3.21,TRUE,,,,,,,,,
1,1,946769745,754,23,37,358,0,3392,0,3.06,TRUE,,,,,,,,,
1,1,946769748,754,23,37,357,0,3392,0,3.22,TRUE,,,,,,,,,
1,1,946769751,754,23,37,358,0,3392,0,3.21,TRUE,,,,,,,,,
1,1,946769754,754,23,37,358,0,3392,0,3.2,TRUE,,,,,,,,,
1,1,946769757,753,23,37,358,0,3392,0,3.22,TRUE,,,,,,,,,
1,1,946769760,753,23,37,357,0,3392,0,3.2,TRUE,,,,,,,,,
1,1,946769763,752,23,38,358,0,3392,0,3.22,TRUE,,,,,,,,,
1,1,946769766,755,23,38,357,0,3392,0,3.22,TRUE,,,,,,,,,
1,1,946769769,757,23,38,358,0,3392,0,3.2,TRUE,,,,,,,,,
1,1,946769772,761,23,38,358,0,3392,0,3.22,TRUE,,,,,,,,,
1,1,946769775,763,23,37,358,0,3392,0,3.19,TRUE,,,,,,,,,
1,1,946769778,769,23,37,358,0,3392,0,3.22,TRUE,,,,,,,,,
1,1,946769781,774,23,37,358,0,3392,0,3.2,TRUE,,,,,,,,,
1,1,946769784,777,23,37,358,0,3392,0,3.05,TRUE,,,,,,,,,
1,1,946769787,779,23,37,358,0,3392,0,3.21,TRUE,,,,,,,,,
1,1,946769790,778,23,37,358,0,3392,0,3.21,TRUE,,,,,,,,,
1,1,946769793,772,23,37,358,0,3392,0,3.22,TRUE,,,,,,,,,
1,1,946769796,774,23,37,358,0,3392,0,3.21,TRUE,,,,,,,,,
1,1,946769799,778,23,37,358,0,3392,0,3.04,TRUE,,,,,,,,,
1,1,946769802,779,23,37,358,0,3392,0,3.23,TRUE,,,,,,,,,
1,1,946769805,777,23,38,358,0,3392,0,3.2,TRUE,,,,,,,,,
1,1,946769808,768,23,38,357,0,3392,0,3.23,TRUE,,,,,,,,,
1,1,946769811,767,23,38,357,0,3392,0,3.22,TRUE,,,,,,,,,
1,1,946769814,763,23,38,357,0,3392,0,3.04,TRUE,,,,,,,,,
1,1,946769817,753,23,38,358,0,3392,0,3.21,TRUE,,,,,,,,,
1,1,946769820,747,23,38,358,0,3392,0,3.2,TRUE,,,,,,,,,
1,1,946769823,744,23,37,358,0,3392,0,3.22,TRUE,,,,,,,,,
1,1,946769826,758,23,37,358,0,3392,0,3.22,TRUE,,,,,,,,,
1,1,946769829,761,23,37,357,0,3392,0,3.04,TRUE,,,,,,,,,
1,1,946769832,765,23,37,358,0,3392,0,3.21,TRUE,,,,,,,,,
1,1,946769835,771,23,37,358,0,3392,0,3.2,TRUE,,,,,,,,,
1,1,946769838,780,23,37,358,0,3392,0,3.22,TRUE,,,,,,,,,
1,1,946769841,780,23,37,358,0,3392,0,3.21,TRUE,,,,,,,,,
1,1,946769844,779,23,37,358,0,3392,0,3.05,TRUE,,,,,,,,,
1,1,946769847,783,23,37,358,0,3392,0,3.22,TRUE,,,,,,,,,
1,1,946769850,781,23,37,358,0,3392,0,3.19,TRUE,,,,,,,,,
1,1,946769853,780,23,37,357,0,3392,0,3.22,TRUE,,,,,,,,,
1,1,946769856,780,23,37,358,0,3392,0,3.23,TRUE,,,,,,,,,
1,1,946769859,781,23,37,358,0,3392,0,3.04,TRUE,,,,,,,,,
1,1,946769862,777,23,37,358,0,3392,0,3.21,TRUE,,,,,,,,,
1,1,946769865,775,23,37,358,0,3392,0,3.21,TRUE,,,,,,,,,
1,1,946769868,771,23,37,357,0,3392,0,3.22,TRUE,,,,,,,,,
1,1,946769871,763,23,37,357,0,3392,0,3.22,TRUE,,,,,,,,,
1,1,946769874,762,23,37,358,0,3392,0,3.04,TRUE,,,,,,,,,
1,1,946769877,760,23,37,357,0,3392,0,3.21,TRUE,,,,,,,,,
1,1,946769880,759,23,37,358,0,3392,0,3.21,TRUE,,,,,,,,,
1,1,946769883,757,23,37,357,0,3392,0,3.21,TRUE,,,,,,,,,
1,1,946769886,760,23,37,358,0,3392,0,3.22,TRUE,,,,,,,,,
1,1,946769889,759,23,37,358,0,3392,0,3.04,TRUE,,,,,,,,,
1,1,946769892,758,23,37,358,0,3392,0,3.22,TRUE,,,,,,,,,
1,1,946769895,760,23,37,357,0,3392,0,3.2,TRUE,,,,,,,,,
1,1,946769898,763,23,37,357,0,3392,0,3.21,TRUE,,,,,,,,,
1,1,946769901,767,23,37,357,0,3392,0,3.22,TRUE,,,,,,,,,
1,1,946769904,766,23,37,357,0,3392,0,3.03,TRUE,,,,,,,,,
1,1,946769907,765,23,37,357,0,3392,0,3.22,TRUE,,,,,,,,,
1,1,946769910,765,23,37,358,0,3392,0,3.2,TRUE,,,,,,,,,
1,1,946769913,765,23,37,357,0,3392,0,3.22,TRUE,,,,,,,,,
1,1,946769916,762,23,37,358,0,3392,0,3.22,TRUE,,,,,,,,,
1,1,946769919,759,23,37,358,0,3392,0,3.04,TRUE,,,,,,,,,
1,1,946769922,756,23,37,357,0,3392,0,3.21,TRUE,,,,,,,,,
1,1,946769925,758,23,37,357,0,3392,0,3.2,TRUE,,,,,,,,,
1,1,946769928,760,23,37,358,0,3392,0,3.22,TRUE,,,,,,,,,
1,1,946769931,755,23,37,358,0,3392,0,3.23,TRUE,,,,,,,,,
1,1,946769934,755,23,37,358,0,3392,0,3.04,TRUE,,,,,,,,,
1,1,946769937,757,23,37,358,0,3392,0,3.21,TRUE,,,,,,,,,
1,1,946769940,756,23,37,358,0,3392,0,3.2,TRUE,,,,,,,,,
1,1,946769943,754,23,37,357,0,3392,0,3.21,TRUE,,,,,,,,,
1,1,946769946,753,23,37,358,0,3392,0,3.21,TRUE,,,,,,,,,
1,1,946769949,752,23,37,358,0,3392,0,3.03,TRUE,,,,,,,,,
1,1,946769952,755,23,37,358,0,3392,0,3.22,TRUE,,,,,,,,,
1,1,946769955,756,23,37,358,0,3392,0,3.2,TRUE,,,,,,,,,
1,1,946769958,754,23,37,358,0,3392,0,3.2,TRUE,,,,,,,,,
1,1,946769961,749,23,37,357,0,3392,0,3.22,TRUE,,,,,,,,,
1,1,946769964,747,23,37,357,0,3392,0,3.05,TRUE,,,,,,,,,
1,1,946769967,749,23,37,357,0,3392,0,3.21,TRUE,,,,,,,,,
1,1,946769970,747,23,37,358,0,3392,0,3.2,TRUE,,,,,,,,,
1,1,946769973,745,23,37,357,0,3392,0,3.2,TRUE,,,,,,,,,
1,1,946769976,747,23,37,357,0,3392,0,3.22,TRUE,,,,,,,,,
1,1,946769979,747,23,37,358,0,3392,0,3.03,TRUE,,,,,,,,,
1,1,946769982,747,23,37,357,0,3392,0,3.22,TRUE,,,,,,,,,
1,1,946769985,747,23,37,358,0,3392,0,3.19,TRUE,,,,,,,,,
1,1,946769988,747,23,37,358,0,3392,0,3.2,TRUE,,,,,,,,,
1,1,946769991,747,23,38,358,0,3392,0,3.22,TRUE,,,,,,,,,
1,1,946769994,746,23,37,358,0,3392,0,3.05,TRUE,,,,,,,,,
1,1,946769997,744,23,38,358,0,3392,0,3.22,TRUE,,,,,,,,,
1,1,946770000,744,23,38,358,0,3392,0,3.2,TRUE,,,,,,,,,
1,1,946770003,745,23,38,358,0,3392,0,3.2,TRUE,,,,,,,,,
1,1,946770006,745,23,38,358,0,3392,0,3.22,TRUE,,,,,,,,,
1,1,946770009,745,23,38,359,0,3392,0,3.05,TRUE,,,,,,,,,
1,1,946770012,744,23,38,358,0,3392,0,3.22,TRUE,,,,,,,,,
1,1,946770015,745,23,38,357,0,3392,0,3.21,TRUE,,,,,,,,,
1,1,946770018,743,23,38,358,0,3392,0,3.2,TRUE,,,,,,,,,
1,1,946770021,740,23,38,357,0,3392,0,3.22,TRUE,,,,,,,,,
1,1,946770024,740,23,38,358,0,3392,0,3.18,TRUE,,,,,,,,,
1,1,946770027,741,23,38,358,0,3392,0,3.22,TRUE,,,,,,,,,
1,1,946770030,741,23,38,358,0,3392,0,3.2,TRUE,,,,,,,,,
1,1,946770033,741,23,38,358,0,3392,0,3.21,TRUE,,,,,,,,,
1,1,946770036,743,23,38,358,0,3392,0,3.22,TRUE,,,,,,,,,
1,1,946770039,744,23,38,358,0,3392,0,3.09,TRUE,,,,,,,,,
1,1,946770042,745,23,38,358,0,3392,0,3.21,TRUE,,,,,,,,,
1,1,946770045,745,23,38,358,0,3392,0,3.22,TRUE,,,,,,,,,
1,1,946770048,744,23,38,358,0,3392,0,3.2,TRUE,,,,,,,,,
1,1,946770051,742,23,38,358,0,3392,0,3.22,TRUE,,,,,,,,,
1,1,946770054,742,23,38,358,0,3392,0,3.2,TRUE,,,,,,,,,
1,1,946770057,739,23,38,358,0,3392,0,3.2,TRUE,,,,,,,,,
1,1,946770060,739,23,38,357,0,3392,0,3.22,TRUE,,,,,,,,,
