Loading /flash/main.mpy...,,,,,,,,,,,,,,,,,,,,
Running bytecode...,,,,,,,,,,,,,,,,,,,,
SCD Initializing,,,,,,,,,,,,,,,,,,,,
Instantiated FRAM,,,,,,,,,,,,,,,,,,,,
Memory:       7104,,,,,,,,,,,,,,,,,,,,
RF identifier 2,,,,,,,,,,,,,,,,,,,,
Firmware ver: 0x300d,,,,,,,,,,,,,,,,,,,,
Hardware ver: 0x4150,,,,,,,,,,,,,,,,,,,,
Hub Address:  b'\x00\x13\xa2\x00A\xad\xaa\x16',,,,,,,,,,,,,,,,,,,,
Hub Connect:  1,,,,,,,,,,,,,,,,,,,,
Transmit On:  1,,,,,,,,,,,,,,,,,,,,
SCD Interval: 2,,,,,,,,,,,,,,,,,,,,
SCD Altitude: 1300,,,,,,,,,,,,,,,,,,,,
SCD Factor:   400,,,,,,,,,,,,,,,,,,,,
SCD Auto?     False,,,,,,,,,,,,,,,,,,,,
------------------------------------------------------------------------------,,,,,,,,,,,,,,,,,,,,
1,1,946708517,930,24,37,13,0,1088,0,3.22,,946708517,797,24,34,10,0,1088,0,3.06
1,1,946708520,929,24,37,13,0,4496,0,3.23,TRUE,946713818,1812,26,38,266,0,4496,0,3.25
1,1,946708523,927,24,37,13,0,4496,0,3.23,TRUE,,,,,,,,,
1,1,946708526,928,24,37,13,0,4496,0,3.21,TRUE,0,,,,,,,,
1,1,946708529,928,24,37,13,0,4496,0,3.22,TRUE,,,,,,,,,
1,1,946708532,927,24,37,13,0,4496,0,3.22,TRUE,,,,,,,,,
1,1,946708535,927,24,37,12,0,4496,0,3.22,TRUE,,,,,,,,,
1,1,946708538,929,24,37,13,0,4496,0,3.22,TRUE,,,,,,,,,
1,1,946708541,929,24,37,13,0,4496,0,3.22,TRUE,,,,,,,,,
1,1,946708544,930,24,37,13,0,4496,0,3.22,TRUE,,,,,,,,,
1,1,946708547,928,24,37,13,0,4496,0,3.21,TRUE,,,,,,,,,
1,1,946708550,926,24,37,13,0,4496,0,3.22,TRUE,,,,,,,,,
1,1,946708553,927,24,37,13,0,4496,0,3.23,TRUE,,,,,,,,,
1,1,946708556,927,25,37,13,0,4496,0,3.09,TRUE,,,,,,,,,
1,1,946708559,927,25,37,13,0,4496,0,3.23,TRUE,,,,,,,,,
1,1,946708562,925,24,37,13,0,4496,0,3.22,TRUE,,,,,,,,,
1,1,946708565,924,25,37,13,0,4496,0,3.23,TRUE,,,,,,,,,
1,1,946708568,923,25,37,13,0,4496,0,3.24,TRUE,,,,,,,,,
1,1,946708571,924,25,37,13,0,4496,0,3.08,TRUE,,,,,,,,,
1,1,946708574,923,25,37,13,0,4496,0,3.23,TRUE,,,,,,,,,
1,1,946708577,923,24,36,12,0,4496,0,3.21,TRUE,,,,,,,,,
1,1,946708580,922,25,36,13,0,4496,0,3.23,TRUE,,,,,,,,,
1,1,946708583,923,25,36,13,0,4496,0,3.23,TRUE,,,,,,,,,
1,1,946708586,922,25,36,13,0,4496,0,3.07,TRUE,,,,,,,,,
1,1,946708589,921,25,36,13,0,4496,0,3.23,TRUE,,,,,,,,,
1,1,946708592,922,25,36,13,0,4496,0,3.22,TRUE,,,,,,,,,
1,1,946708595,922,25,36,13,0,4496,0,3.22,TRUE,,,,,,,,,
1,1,946708598,921,25,36,13,0,4496,0,3.23,TRUE,,,,,,,,,
1,1,946708601,922,25,36,13,0,4496,0,3.08,TRUE,,,,,,,,,
1,1,946708604,921,25,36,13,0,4496,0,3.22,TRUE,,,,,,,,,
1,1,946708607,920,25,36,13,0,4496,0,3.21,TRUE,,,,,,,,,
1,1,946708610,919,25,36,13,0,4496,0,3.22,TRUE,,,,,,,,,
1,1,946708613,919,25,36,13,0,4496,0,3.23,TRUE,,,,,,,,,
1,1,946708616,917,25,36,13,0,4496,0,3.08,TRUE,,,,,,,,,
1,1,946708619,916,25,36,13,0,4496,0,3.23,TRUE,,,,,,,,,
1,1,946708622,916,25,36,13,0,4496,0,3.22,TRUE,,,,,,,,,
1,1,946708625,915,25,36,13,0,4496,0,3.23,TRUE,,,,,,,,,
1,1,946708628,915,25,36,13,0,4496,0,3.23,TRUE,,,,,,,,,
1,1,946708631,914,25,36,13,0,4496,0,3.08,TRUE,,,,,,,,,
1,1,946708634,913,25,36,14,0,4496,0,3.24,TRUE,,,,,,,,,
1,1,946708637,914,25,36,14,0,4496,0,3.22,TRUE,,,,,,,,,
1,1,946708640,912,25,36,13,0,4496,0,3.21,TRUE,,,,,,,,,
1,1,946708643,911,25,36,13,0,4496,0,3.23,TRUE,,,,,,,,,
1,1,946708646,911,25,36,13,0,4496,0,3.08,TRUE,,,,,,,,,
1,1,946708649,909,25,36,13,0,4496,0,3.23,TRUE,,,,,,,,,
1,1,946708652,908,25,36,13,0,4496,0,3.22,TRUE,,,,,,,,,
1,1,946708655,908,25,36,13,0,4496,0,3.22,TRUE,,,,,,,,,
1,1,946708658,908,25,36,13,0,4496,0,3.22,TRUE,,,,,,,,,
1,1,946708661,908,25,36,12,0,4496,0,3.08,TRUE,,,,,,,,,
1,1,946708664,906,25,36,14,0,4496,0,3.23,TRUE,,,,,,,,,
1,1,946708667,906,25,36,13,0,4496,0,3.23,TRUE,,,,,,,,,
1,1,946708670,904,25,36,13,0,4496,0,3.22,TRUE,,,,,,,,,
1,1,946708673,904,25,36,13,0,4496,0,3.22,TRUE,,,,,,,,,
1,1,946708676,905,25,36,13,0,4496,0,3.07,TRUE,,,,,,,,,
1,1,946708679,904,25,36,13,0,4496,0,3.23,TRUE,,,,,,,,,
1,1,946708682,905,25,36,13,0,4496,0,3.22,TRUE,,,,,,,,,
1,1,946708685,904,25,36,13,0,4496,0,3.24,TRUE,,,,,,,,,
1,1,946708688,905,25,36,14,0,4496,0,3.23,TRUE,,,,,,,,,
1,1,946708691,904,25,36,13,0,4496,0,3.08,TRUE,,,,,,,,,
1,1,946708694,903,25,36,13,0,4496,0,3.24,TRUE,,,,,,,,,
1,1,946708697,904,25,36,13,0,4496,0,3.21,TRUE,,,,,,,,,
1,1,946708700,904,25,36,13,0,4496,0,3.22,TRUE,,,,,,,,,
1,1,946708703,904,25,36,13,0,4496,0,3.23,TRUE,,,,,,,,,
1,1,946708706,904,25,36,13,0,4496,0,3.07,TRUE,,,,,,,,,
1,1,946708709,903,25,36,13,0,4496,0,3.22,TRUE,,,,,,,,,
1,1,946708712,902,25,36,13,0,4496,0,3.22,TRUE,,,,,,,,,
1,1,946708715,902,25,36,13,0,4496,0,3.21,TRUE,,,,,,,,,
1,1,946708718,901,25,36,13,0,4496,0,3.23,TRUE,,,,,,,,,
1,1,946708721,901,25,36,13,0,4496,0,3.08,TRUE,,,,,,,,,
1,1,946708724,901,25,36,13,0,4496,0,3.23,TRUE,,,,,,,,,
1,1,946708727,900,25,36,13,0,4496,0,3.21,TRUE,,,,,,,,,
1,1,946708730,900,25,36,13,0,4496,0,3.21,TRUE,,,,,,,,,
1,1,946708733,900,25,36,13,0,4496,0,3.23,TRUE,,,,,,,,,
1,1,946708736,900,25,36,13,0,4496,0,3.07,TRUE,,,,,,,,,
1,1,946708739,900,25,36,12,0,4496,0,3.23,TRUE,,,,,,,,,
1,1,946708742,900,25,36,13,0,4496,0,3.22,TRUE,,,,,,,,,
1,1,946708745,900,25,36,13,0,4496,0,3.22,TRUE,,,,,,,,,
1,1,946708748,899,25,36,13,0,4496,0,3.23,TRUE,,,,,,,,,
1,1,946708751,899,25,36,13,0,4496,0,3.09,TRUE,,,,,,,,,
1,1,946708754,899,25,36,13,0,4496,0,3.24,TRUE,,,,,,,,,
1,1,946708757,899,25,36,13,0,4496,0,3.22,TRUE,,,,,,,,,
1,1,946708760,899,25,36,13,0,4496,0,3.22,TRUE,,,,,,,,,
1,1,946708763,899,25,36,13,0,4496,0,3.23,TRUE,,,,,,,,,
1,1,946708766,899,25,36,13,0,4496,0,3.07,TRUE,,,,,,,,,
1,1,946708769,900,25,36,13,0,4496,0,3.23,TRUE,,,,,,,,,
1,1,946708772,899,25,36,13,0,4496,0,3.22,TRUE,,,,,,,,,
1,1,946708775,899,25,36,13,0,4496,0,3.22,TRUE,,,,,,,,,
1,1,946708778,899,25,36,13,0,4496,0,3.23,TRUE,,,,,,,,,
1,1,946708781,898,25,36,13,0,4496,0,3.07,TRUE,,,,,,,,,
1,1,946708784,898,25,36,13,0,4496,0,3.24,TRUE,,,,,,,,,
1,1,946708787,898,25,36,13,0,4496,0,3.2,TRUE,,,,,,,,,
1,1,946708790,899,25,36,13,0,4496,0,3.21,TRUE,,,,,,,,,
1,1,946708793,899,25,36,13,0,4496,0,3.23,TRUE,,,,,,,,,
1,1,946708796,899,25,36,13,0,4496,0,3.07,TRUE,,,,,,,,,
1,1,946708799,899,25,36,13,0,4496,0,3.24,TRUE,,,,,,,,,
1,1,946708802,898,25,36,13,0,4496,0,3.22,TRUE,,,,,,,,,
1,1,946708805,897,25,36,13,0,4496,0,3.22,TRUE,,,,,,,,,
1,1,946708808,896,25,36,13,0,4496,0,3.23,TRUE,,,,,,,,,
1,1,946708811,896,25,36,13,0,4496,0,3.08,TRUE,,,,,,,,,
1,1,946708814,896,25,36,13,0,4496,0,3.23,TRUE,,,,,,,,,
1,1,946708817,896,25,36,13,0,4496,0,3.22,TRUE,,,,,,,,,
1,1,946708820,895,25,36,13,0,4496,0,3.21,TRUE,,,,,,,,,
1,1,946708823,895,25,36,12,0,4496,0,3.23,TRUE,,,,,,,,,
1,1,946708826,895,25,36,14,0,4496,0,3.07,TRUE,,,,,,,,,
1,1,946708829,896,25,36,13,0,4496,0,3.23,TRUE,,,,,,,,,
1,1,946708832,895,25,36,13,0,4496,0,3.23,TRUE,,,,,,,,,
1,1,946708835,895,25,36,13,0,4496,0,3.22,TRUE,,,,,,,,,
1,1,946708838,896,25,36,13,0,4496,0,3.23,TRUE,,,,,,,,,
1,1,946708841,896,25,36,13,0,4496,0,3.1,TRUE,,,,,,,,,
1,1,946708844,896,25,36,13,0,4496,0,3.22,TRUE,,,,,,,,,
1,1,946708847,895,25,36,13,0,4496,0,3.21,TRUE,,,,,,,,,
1,1,946708850,896,25,36,13,0,4496,0,3.22,TRUE,,,,,,,,,
1,1,946708853,896,25,36,13,0,4496,0,3.22,TRUE,,,,,,,,,
1,1,946708856,896,25,36,13,0,4496,0,3.11,TRUE,,,,,,,,,
1,1,946708859,895,25,36,13,0,4496,0,3.23,TRUE,,,,,,,,,
1,1,946708862,895,25,36,13,0,4496,0,3.22,TRUE,,,,,,,,,
1,1,946708865,894,25,36,13,0,4496,0,3.22,TRUE,,,,,,,,,
1,1,946708868,894,25,36,13,0,4496,0,3.23,TRUE,,,,,,,,,
1,1,946708871,894,25,36,13,0,4496,0,3.16,TRUE,,,,,,,,,
1,1,946708874,894,25,36,13,0,4496,0,3.23,TRUE,,,,,,,,,
1,1,946708877,893,25,36,13,0,4496,0,3.23,TRUE,,,,,,,,,
1,1,946708880,893,25,36,13,0,4496,0,3.21,TRUE,,,,,,,,,
1,1,946708883,893,25,36,13,0,4496,0,3.23,TRUE,,,,,,,,,
1,1,946708886,893,25,36,13,0,4496,0,3.23,TRUE,,,,,,,,,
1,1,946708889,892,25,36,13,0,4496,0,3.23,TRUE,,,,,,,,,
1,1,946708892,891,25,36,13,0,4496,0,3.23,TRUE,,,,,,,,,
1,1,946708895,891,25,36,13,0,4496,0,3.22,TRUE,,,,,,,,,
1,1,946708898,891,25,36,13,0,4496,0,3.22,TRUE,,,,,,,,,
1,1,946708901,892,25,36,13,0,4496,0,3.22,TRUE,,,,,,,,,
1,1,946708904,892,25,36,13,0,4496,0,3.23,TRUE,,,,,,,,,
1,1,946708907,892,25,36,13,0,4496,0,3.23,TRUE,,,,,,,,,
1,1,946708910,892,25,36,13,0,4496,0,3.22,TRUE,,,,,,,,,
1,1,946708913,892,25,36,13,0,4496,0,3.23,TRUE,,,,,,,,,
1,1,946708916,892,25,36,13,0,4496,0,3.21,TRUE,,,,,,,,,
1,1,946708919,891,25,36,13,0,4496,0,3.23,TRUE,,,,,,,,,
1,1,946708922,890,25,36,13,0,4496,0,3.22,TRUE,,,,,,,,,
1,1,946708925,890,25,36,13,0,4496,0,3.09,TRUE,,,,,,,,,
1,1,946708928,889,25,36,14,0,4496,0,3.22,TRUE,,,,,,,,,
1,1,946708931,888,25,36,13,0,4496,0,3.23,TRUE,,,,,,,,,
1,1,946708934,888,25,36,13,0,4496,0,3.23,TRUE,,,,,,,,,
1,1,946708937,888,25,36,13,0,4496,0,3.22,TRUE,,,,,,,,,
1,1,946708940,888,25,36,13,0,4496,0,3.09,TRUE,,,,,,,,,
1,1,946708943,888,25,36,13,0,4496,0,3.23,TRUE,,,,,,,,,
1,1,946708946,888,25,36,13,0,4496,0,3.17,TRUE,,,,,,,,,
1,1,946708949,888,25,36,13,0,4496,0,3.23,TRUE,,,,,,,,,
1,1,946708952,887,25,36,13,0,4496,0,3.22,TRUE,,,,,,,,,
1,1,946708955,888,25,36,12,0,4496,0,3.09,TRUE,,,,,,,,,
1,1,946708958,888,25,36,13,0,4496,0,3.23,TRUE,,,,,,,,,
1,1,946708961,889,25,36,13,0,4496,0,3.22,TRUE,,,,,,,,,
1,1,946708964,889,25,36,13,0,4496,0,3.23,TRUE,,,,,,,,,
1,1,946708967,889,25,36,13,0,4496,0,3.22,TRUE,,,,,,,,,
1,1,946708970,888,25,36,13,0,4496,0,3.22,TRUE,,,,,,,,,
1,1,946708973,888,25,36,13,0,4496,0,3.22,TRUE,,,,,,,,,
1,1,946708976,888,25,36,13,0,4496,0,3.22,TRUE,,,,,,,,,
1,1,946708979,888,25,36,13,0,4496,0,3.22,TRUE,,,,,,,,,
1,1,946708982,887,25,36,13,0,4496,0,3.22,TRUE,,,,,,,,,
1,1,946708985,887,25,36,13,0,4496,0,3.22,TRUE,,,,,,,,,
1,1,946708988,887,25,36,13,0,4496,0,3.23,TRUE,,,,,,,,,
1,1,946708991,887,25,36,13,0,4496,0,3.22,TRUE,,,,,,,,,
1,1,946708994,887,25,36,13,0,4496,0,3.22,TRUE,,,,,,,,,
1,1,946708997,887,25,36,13,0,4496,0,3.23,TRUE,,,,,,,,,
1,1,946709000,887,25,36,13,0,4496,0,3.08,TRUE,,,,,,,,,
1,1,946709003,887,25,36,13,0,4496,0,3.23,TRUE,,,,,,,,,
1,1,946709006,886,25,36,13,0,4496,0,3.22,TRUE,,,,,,,,,
1,1,946709009,886,25,36,14,0,4496,0,3.22,TRUE,,,,,,,,,
1,1,946709012,886,25,36,13,0,4496,0,3.23,TRUE,,,,,,,,,
1,1,946709015,885,25,36,13,0,4496,0,3.09,TRUE,,,,,,,,,
1,1,946709018,885,25,36,13,0,4496,0,3.23,TRUE,,,,,,,,,
1,1,946709021,885,25,36,13,0,4496,0,3.22,TRUE,,,,,,,,,
1,1,946709024,885,25,36,13,0,4496,0,3.22,TRUE,,,,,,,,,
1,1,946709027,884,25,36,13,0,4496,0,3.23,TRUE,,,,,,,,,
1,1,946709030,884,25,36,13,0,4496,0,3.08,TRUE,,,,,,,,,
1,1,946709033,883,25,36,13,0,4496,0,3.23,TRUE,,,,,,,,,
1,1,946709036,883,25,36,13,0,4496,0,3.2,TRUE,,,,,,,,,
1,1,946709039,883,25,36,13,0,4496,0,3.23,TRUE,,,,,,,,,
1,1,946709042,882,25,36,13,0,4496,0,3.23,TRUE,,,,,,,,,
1,1,946709045,882,25,36,13,0,4496,0,3.08,TRUE,,,,,,,,,
1,1,946709048,881,25,36,13,0,4496,0,3.23,TRUE,,,,,,,,,
1,1,946709051,881,25,36,13,0,4496,0,3.22,TRUE,,,,,,,,,
1,1,946709054,882,25,36,13,0,4496,0,3.22,TRUE,,,,,,,,,
1,1,946709057,882,25,36,13,0,4496,0,3.23,TRUE,,,,,,,,,
1,1,946709060,882,25,36,13,0,4496,0,3.08,TRUE,,,,,,,,,
1,1,946709063,882,25,36,13,0,4496,0,3.23,TRUE,,,,,,,,,
1,1,946709066,882,25,36,14,0,4496,0,3.22,TRUE,,,,,,,,,
1,1,946709069,881,25,36,13,0,4496,0,3.22,TRUE,,,,,,,,,
1,1,946709072,881,25,36,13,0,4496,0,3.22,TRUE,,,,,,,,,
1,1,946709075,881,25,36,14,0,4496,0,3.08,TRUE,,,,,,,,,
1,1,946709078,881,25,36,13,0,4496,0,3.23,TRUE,,,,,,,,,
1,1,946709081,881,25,36,13,0,4496,0,3.22,TRUE,,,,,,,,,
1,1,946709084,881,25,36,14,0,4496,0,3.23,TRUE,,,,,,,,,
1,1,946709087,883,25,36,13,0,4496,0,3.23,TRUE,,,,,,,,,
1,1,946709090,884,25,36,13,0,4496,0,3.08,TRUE,,,,,,,,,
1,1,946709093,883,25,36,13,0,4496,0,3.22,TRUE,,,,,,,,,
1,1,946709096,883,25,36,13,0,4496,0,3.22,TRUE,,,,,,,,,
1,1,946709099,883,25,36,13,0,4496,0,3.23,TRUE,,,,,,,,,
1,1,946709102,883,25,36,13,0,4496,0,3.23,TRUE,,,,,,,,,
1,1,946709105,884,25,36,13,0,4496,0,3.06,TRUE,,,,,,,,,
1,1,946709108,883,25,36,13,0,4496,0,3.22,TRUE,,,,,,,,,
1,1,946709111,883,25,36,13,0,4496,0,3.21,TRUE,,,,,,,,,
1,1,946709114,884,25,36,13,0,4496,0,3.22,TRUE,,,,,,,,,
1,1,946709117,885,25,36,13,0,4496,0,3.23,TRUE,,,,,,,,,
1,1,946709120,885,25,36,13,0,4496,0,3.08,TRUE,,,,,,,,,
1,1,946709123,886,25,36,14,0,4496,0,3.23,TRUE,,,,,,,,,
1,1,946709126,886,25,36,14,0,4496,0,3.22,TRUE,,,,,,,,,
1,1,946709129,886,25,36,13,0,4496,0,3.22,TRUE,,,,,,,,,
1,1,946709132,887,25,36,13,0,4496,0,3.23,TRUE,,,,,,,,,
1,1,946709135,887,25,36,13,0,4496,0,3.08,TRUE,,,,,,,,,
1,1,946709138,888,25,36,13,0,4496,0,3.23,TRUE,,,,,,,,,
1,1,946709141,889,25,36,13,0,4496,0,3.21,TRUE,,,,,,,,,
1,1,946709144,889,25,36,13,0,4496,0,3.22,TRUE,,,,,,,,,
1,1,946709147,890,25,36,13,0,4496,0,3.23,TRUE,,,,,,,,,
1,1,946709150,890,25,36,13,0,4496,0,3.07,TRUE,,,,,,,,,
1,1,946709153,891,25,36,13,0,4496,0,3.23,TRUE,,,,,,,,,
1,1,946709156,891,25,36,13,0,4496,0,3.22,TRUE,,,,,,,,,
1,1,946709159,892,25,36,13,0,4496,0,3.22,TRUE,,,,,,,,,
1,1,946709162,893,25,36,13,0,4496,0,3.24,TRUE,,,,,,,,,
1,1,946709165,894,25,36,13,0,4496,0,3.08,TRUE,,,,,,,,,
1,1,946709168,894,25,36,13,0,4496,0,3.22,TRUE,,,,,,,,,
1,1,946709171,894,25,36,13,0,4496,0,3.21,TRUE,,,,,,,,,
1,1,946709174,894,25,36,13,0,4496,0,3.22,TRUE,,,,,,,,,
1,1,946709177,895,25,36,13,0,4496,0,3.23,TRUE,,,,,,,,,
1,1,946709180,896,25,36,14,0,4496,0,3.07,TRUE,,,,,,,,,
1,1,946709183,895,25,36,13,0,4496,0,3.23,TRUE,,,,,,,,,
1,1,946709186,896,25,36,14,0,4496,0,3.22,TRUE,,,,,,,,,
1,1,946709189,896,25,36,13,0,4496,0,3.22,TRUE,,,,,,,,,
1,1,946709192,897,25,36,13,0,4496,0,3.23,TRUE,,,,,,,,,
1,1,946709195,897,25,36,13,0,4496,0,3.07,TRUE,,,,,,,,,
1,1,946709198,897,25,36,13,0,4496,0,3.23,TRUE,,,,,,,,,
1,1,946709201,897,25,36,13,0,4496,0,3.22,TRUE,,,,,,,,,
1,1,946709204,897,25,36,13,0,4496,0,3.21,TRUE,,,,,,,,,
1,1,946709207,897,25,36,12,0,4496,0,3.23,TRUE,,,,,,,,,
1,1,946709210,896,25,36,13,0,4496,0,3.09,TRUE,,,,,,,,,
1,1,946709213,895,25,36,13,0,4496,0,3.22,TRUE,,,,,,,,,
1,1,946709216,895,25,36,13,0,4496,0,3.2,TRUE,,,,,,,,,
1,1,946709219,896,25,36,13,0,4496,0,3.22,TRUE,,,,,,,,,
1,1,946709222,897,25,36,13,0,4496,0,3.23,TRUE,,,,,,,,,
1,1,946709225,897,25,36,13,0,4496,0,3.09,TRUE,,,,,,,,,
1,1,946709228,909,25,37,13,0,4496,0,3.23,TRUE,,,,,,,,,
1,1,946709231,920,25,38,13,0,4496,0,3.22,TRUE,,,,,,,,,
1,1,946709234,948,25,38,15,0,4496,0,3.21,TRUE,,,,,,,,,
1,1,946709237,1343,25,38,13,0,4496,0,3.23,TRUE,,,,,,,,,
1,1,946709240,1699,25,38,13,0,4496,0,3.08,TRUE,,,,,,,,,
1,1,946709243,1774,25,38,12,0,4496,0,3.22,TRUE,,,,,,,,,
1,1,946709246,1790,25,38,13,0,4496,0,3.21,TRUE,,,,,,,,,
1,1,946709249,1806,25,38,13,0,4496,0,3.21,TRUE,,,,,,,,,
1,1,946709252,1809,25,38,13,0,4496,0,3.23,TRUE,,,,,,,,,
1,1,946709255,1812,25,38,13,0,4496,0,3.07,TRUE,,,,,,,,,
1,1,946709258,1806,25,38,13,0,4496,0,3.22,TRUE,,,,,,,,,
1,1,946709261,1808,25,38,13,0,4496,0,3.22,TRUE,,,,,,,,,
1,1,946709264,1806,25,38,13,0,4496,0,3.22,TRUE,,,,,,,,,
1,1,946709267,1801,25,38,13,0,4496,0,3.22,TRUE,,,,,,,,,
1,1,946709270,1797,25,38,13,0,4496,0,3.08,TRUE,,,,,,,,,
1,1,946709273,1792,25,38,13,0,4496,0,3.23,TRUE,,,,,,,,,
1,1,946709276,1789,25,38,13,0,4496,0,3.21,TRUE,,,,,,,,,
1,1,946709279,1792,25,38,13,0,4496,0,3.21,TRUE,,,,,,,,,
1,1,946709282,1786,25,38,13,0,4496,0,3.22,TRUE,,,,,,,,,
1,1,946709285,1786,25,38,13,0,4496,0,3.1,TRUE,,,,,,,,,
1,1,946709288,1783,25,38,13,0,4496,0,3.23,TRUE,,,,,,,,,
1,1,946709291,1784,25,38,13,0,4496,0,3.23,TRUE,,,,,,,,,
1,1,946709294,1783,25,38,13,0,4496,0,3.22,TRUE,,,,,,,,,
1,1,946709297,1779,25,38,13,0,4496,0,3.23,TRUE,,,,,,,,,
1,1,946709300,1778,25,38,13,0,4496,0,3.14,TRUE,,,,,,,,,
1,1,946709303,1774,25,38,13,0,4496,0,3.24,TRUE,,,,,,,,,
1,1,946709306,1773,25,38,13,0,4496,0,3.23,TRUE,,,,,,,,,
1,1,946709309,1771,25,38,13,0,4496,0,3.22,TRUE,,,,,,,,,
1,1,946709312,1767,25,38,14,0,4496,0,3.23,TRUE,,,,,,,,,
1,1,946709315,1765,25,38,13,0,4496,0,3.21,TRUE,,,,,,,,,
1,1,946709318,1762,25,38,13,0,4496,0,3.23,TRUE,,,,,,,,,
1,1,946709321,1761,25,38,13,0,4496,0,3.22,TRUE,,,,,,,,,
1,1,946709324,1760,25,38,13,0,4496,0,3.22,TRUE,,,,,,,,,
1,1,946709327,1752,25,38,13,0,4496,0,3.23,TRUE,,,,,,,,,
1,1,946709330,1750,25,38,13,0,4496,0,3.2,TRUE,,,,,,,,,
1,1,946709333,1727,25,38,13,0,4496,0,3.22,TRUE,,,,,,,,,
1,1,946709336,1698,25,38,13,0,4496,0,3.23,TRUE,,,,,,,,,
1,1,946709339,1687,25,38,13,0,4496,0,3.22,TRUE,,,,,,,,,
1,1,946709342,1678,25,38,13,0,4496,0,3.22,TRUE,,,,,,,,,
1,1,946709345,1674,25,38,13,0,4496,0,3.22,TRUE,,,,,,,,,
1,1,946709348,1672,25,38,13,0,4496,0,3.22,TRUE,,,,,,,,,
1,1,946709351,1677,25,38,13,0,4496,0,3.23,TRUE,,,,,,,,,
1,1,946709354,1673,25,38,13,0,4496,0,3.22,TRUE,,,,,,,,,
1,1,946709357,1671,25,38,13,0,4496,0,3.23,TRUE,,,,,,,,,
1,1,946709360,1667,25,37,13,0,4496,0,3.21,TRUE,,,,,,,,,
1,1,946709363,1661,25,37,13,0,4496,0,3.22,TRUE,,,,,,,,,
1,1,946709366,1664,25,37,13,0,4496,0,3.23,TRUE,,,,,,,,,
1,1,946709369,1658,25,37,13,0,4496,0,3.21,TRUE,,,,,,,,,
1,1,946709372,1656,25,37,13,0,4496,0,3.23,TRUE,,,,,,,,,
1,1,946709375,1654,25,37,13,0,4496,0,3.22,TRUE,,,,,,,,,
1,1,946709378,1651,25,37,13,0,4496,0,3.23,TRUE,,,,,,,,,
1,1,946709381,1650,25,37,13,0,4496,0,3.23,TRUE,,,,,,,,,
1,1,946709384,1648,25,37,13,0,4496,0,3.09,TRUE,,,,,,,,,
1,1,946709387,1645,25,37,13,0,4496,0,3.23,TRUE,,,,,,,,,
1,1,946709390,1643,25,37,13,0,4496,0,3.22,TRUE,,,,,,,,,
1,1,946709393,1636,25,37,12,0,4496,0,3.23,TRUE,,,,,,,,,
1,1,946709396,1632,25,37,13,0,4496,0,3.24,TRUE,,,,,,,,,
1,1,946709399,1625,25,37,13,0,4496,0,3.09,TRUE,,,,,,,,,
1,1,946709402,1614,25,37,13,0,4496,0,3.22,TRUE,,,,,,,,,
1,1,946709405,1613,25,37,13,0,4496,0,3.21,TRUE,,,,,,,,,
1,1,946709408,1600,25,37,13,0,4496,0,3.23,TRUE,,,,,,,,,
1,1,946709411,1596,25,37,13,0,4496,0,3.23,TRUE,,,,,,,,,
1,1,946709414,1592,25,37,13,0,4496,0,3.09,TRUE,,,,,,,,,
1,1,946709417,1587,25,37,13,0,4496,0,3.23,TRUE,,,,,,,,,
1,1,946709420,1583,25,37,13,0,4496,0,3.22,TRUE,,,,,,,,,
1,1,946709423,1581,25,37,13,0,4496,0,3.23,TRUE,,,,,,,,,
1,1,946709426,1573,25,37,13,0,4496,0,3.23,TRUE,,,,,,,,,
1,1,946709429,1570,25,37,13,0,4496,0,3.22,TRUE,,,,,,,,,
1,1,946709432,1560,25,37,13,0,4496,0,3.23,TRUE,,,,,,,,,
1,1,946709435,1556,25,37,13,0,4496,0,3.21,TRUE,,,,,,,,,
1,1,946709438,1548,25,37,13,0,4496,0,3.22,TRUE,,,,,,,,,
1,1,946709441,1537,25,37,13,0,4496,0,3.22,TRUE,,,,,,,,,
1,1,946709444,1527,25,37,13,0,4496,0,3.08,TRUE,,,,,,,,,
1,1,946709447,1489,25,37,13,0,4496,0,3.23,TRUE,,,,,,,,,
1,1,946709450,1459,25,37,13,0,4496,0,3.22,TRUE,,,,,,,,,
1,1,946709453,1448,25,37,13,0,4496,0,3.23,TRUE,,,,,,,,,
1,1,946709456,1436,25,37,13,0,4496,0,3.23,TRUE,,,,,,,,,
1,1,946709459,1435,25,37,13,0,4496,0,3.07,TRUE,,,,,,,,,
1,1,946709462,1425,25,37,13,0,4496,0,3.24,TRUE,,,,,,,,,
1,1,946709465,1423,25,37,13,0,4496,0,3.21,TRUE,,,,,,,,,
1,1,946709468,1414,25,37,13,0,4496,0,3.22,TRUE,,,,,,,,,
1,1,946709471,1411,25,37,14,0,4496,0,3.22,TRUE,,,,,,,,,
1,1,946709474,1411,25,37,13,0,4496,0,3.09,TRUE,,,,,,,,,
1,1,946709477,1406,25,37,13,0,4496,0,3.23,TRUE,,,,,,,,,
1,1,946709480,1403,25,37,13,0,4496,0,3.22,TRUE,,,,,,,,,
1,1,946709483,1402,25,37,13,0,4496,0,3.22,TRUE,,,,,,,,,
1,1,946709486,1397,25,37,13,0,4496,0,3.23,TRUE,,,,,,,,,
1,1,946709489,1394,25,37,13,0,4496,0,3.08,TRUE,,,,,,,,,
1,1,946709492,1384,25,37,13,0,4496,0,3.23,TRUE,,,,,,,,,
1,1,946709495,1379,25,36,13,0,4496,0,3.22,TRUE,,,,,,,,,
1,1,946709498,1375,25,37,13,0,4496,0,3.23,TRUE,,,,,,,,,
1,1,946709501,1365,25,36,13,0,4496,0,3.22,TRUE,,,,,,,,,
1,1,946709504,1361,25,36,13,0,4496,0,3.08,TRUE,,,,,,,,,
1,1,946709507,1348,25,36,13,0,4496,0,3.23,TRUE,,,,,,,,,
1,1,946709510,1341,25,36,13,0,4496,0,3.22,TRUE,,,,,,,,,
1,1,946709513,1336,25,36,14,0,4496,0,3.23,TRUE,,,,,,,,,
1,1,946709516,1327,25,36,14,0,4496,0,3.23,TRUE,,,,,,,,,
1,1,946709519,1321,25,36,13,0,4496,0,3.08,TRUE,,,,,,,,,
1,1,946709522,1311,25,36,13,0,4496,0,3.22,TRUE,,,,,,,,,
1,1,946709525,1307,25,36,14,0,4496,0,3.22,TRUE,,,,,,,,,
1,1,946709528,1305,25,36,13,0,4496,0,3.22,TRUE,,,,,,,,,
1,1,946709531,1299,25,36,13,0,4496,0,3.23,TRUE,,,,,,,,,
1,1,946709534,1291,25,36,13,0,4496,0,3.07,TRUE,,,,,,,,,
1,1,946709537,1290,25,36,13,0,4496,0,3.24,TRUE,,,,,,,,,
1,1,946709540,1285,25,36,12,0,4496,0,3.22,TRUE,,,,,,,,,
1,1,946709543,1282,25,36,13,0,4496,0,3.22,TRUE,,,,,,,,,
1,1,946709546,1279,25,36,14,0,4496,0,3.23,TRUE,,,,,,,,,
1,1,946709549,1274,25,36,13,0,4496,0,3.08,TRUE,,,,,,,,,
1,1,946709552,1263,25,36,13,0,4496,0,3.23,TRUE,,,,,,,,,
1,1,946709555,1243,25,36,13,0,4496,0,3.21,TRUE,,,,,,,,,
1,1,946709558,1230,25,36,13,0,4496,0,3.22,TRUE,,,,,,,,,
1,1,946709561,1199,25,36,13,0,4496,0,3.24,TRUE,,,,,,,,,
1,1,946709564,1201,25,36,14,0,4496,0,3.08,TRUE,,,,,,,,,
1,1,946709567,1184,25,36,13,0,4496,0,3.23,TRUE,,,,,,,,,
1,1,946709570,1180,25,36,13,0,4496,0,3.21,TRUE,,,,,,,,,
1,1,946709573,1179,25,36,13,0,4496,0,3.22,TRUE,,,,,,,,,
1,1,946709576,1175,25,36,13,0,4496,0,3.23,TRUE,,,,,,,,,
1,1,946709579,1174,25,36,13,0,4496,0,3.08,TRUE,,,,,,,,,
1,1,946709582,1165,25,36,13,0,4496,0,3.23,TRUE,,,,,,,,,
1,1,946709585,1165,25,36,13,0,4496,0,3.22,TRUE,,,,,,,,,
1,1,946709588,1161,25,36,13,0,4496,0,3.21,TRUE,,,,,,,,,
1,1,946709591,1160,25,36,14,0,4496,0,3.23,TRUE,,,,,,,,,
1,1,946709594,1157,25,36,13,0,4496,0,3.07,TRUE,,,,,,,,,
1,1,946709597,1153,25,36,13,0,4496,0,3.24,TRUE,,,,,,,,,
1,1,946709600,1150,25,36,13,0,4496,0,3.21,TRUE,,,,,,,,,
1,1,946709603,1147,25,36,13,0,4496,0,3.23,TRUE,,,,,,,,,
1,1,946709606,1146,25,36,13,0,4496,0,3.22,TRUE,,,,,,,,,
1,1,946709609,1141,25,36,13,0,4496,0,3.08,TRUE,,,,,,,,,
1,1,946709612,1135,25,36,14,0,4496,0,3.23,TRUE,,,,,,,,,
1,1,946709615,1135,25,36,14,0,4496,0,3.22,TRUE,,,,,,,,,
1,1,946709618,1132,25,36,13,0,4496,0,3.23,TRUE,,,,,,,,,
1,1,946709621,1125,25,36,13,0,4496,0,3.22,TRUE,,,,,,,,,
1,1,946709624,1121,25,36,13,0,4496,0,3.08,TRUE,,,,,,,,,
1,1,946709627,1119,25,36,13,0,4496,0,3.23,TRUE,,,,,,,,,
1,1,946709630,1117,25,36,13,0,4496,0,3.22,TRUE,,,,,,,,,
1,1,946709633,1113,25,36,13,0,4496,0,3.22,TRUE,,,,,,,,,
1,1,946709636,1107,25,36,13,0,4496,0,3.23,TRUE,,,,,,,,,
1,1,946709639,1105,25,36,13,0,4496,0,3.08,TRUE,,,,,,,,,
1,1,946709642,1102,25,36,13,0,4496,0,3.23,TRUE,,,,,,,,,
1,1,946709645,1101,25,36,13,0,4496,0,3.21,TRUE,,,,,,,,,
1,1,946709648,1099,25,36,14,0,4496,0,3.22,TRUE,,,,,,,,,
1,1,946709651,1096,25,36,13,0,4496,0,3.22,TRUE,,,,,,,,,
1,1,946709654,1094,25,36,14,0,4496,0,3.09,TRUE,,,,,,,,,
1,1,946709657,1092,25,36,14,0,4496,0,3.23,TRUE,,,,,,,,,
1,1,946709660,1094,25,36,14,0,4496,0,3.22,TRUE,,,,,,,,,
1,1,946709663,1093,25,36,14,0,4496,0,3.22,TRUE,,,,,,,,,
1,1,946709666,1088,25,36,14,0,4496,0,3.23,TRUE,,,,,,,,,
1,1,946709669,1087,25,36,14,0,4496,0,3.08,TRUE,,,,,,,,,
1,1,946709672,1083,25,36,17,0,4496,0,3.23,TRUE,,,,,,,,,
1,1,946709675,1081,25,36,31,0,4496,0,3.22,TRUE,,,,,,,,,
1,1,946709678,1079,25,36,35,0,4496,0,3.22,TRUE,,,,,,,,,
1,1,946709681,1074,25,36,21,0,4496,0,3.23,TRUE,,,,,,,,,
1,1,946709684,1069,25,36,37,0,4496,0,3.09,TRUE,,,,,,,,,
1,1,946709687,1064,25,36,32,0,4496,0,3.23,TRUE,,,,,,,,,
1,1,946709690,1060,25,36,25,0,4496,0,3.22,TRUE,,,,,,,,,
1,1,946709693,1057,25,36,25,0,4496,0,3.21,TRUE,,,,,,,,,
1,1,946709696,1053,25,36,27,0,4496,0,3.23,TRUE,,,,,,,,,
1,1,946709699,1050,25,36,21,0,4496,0,3.09,TRUE,,,,,,,,,
1,1,946709702,1043,25,36,27,0,4496,0,3.22,TRUE,,,,,,,,,
1,1,946709705,1042,25,36,31,0,4496,0,3.22,TRUE,,,,,,,,,
1,1,946709708,1041,25,36,27,0,4496,0,3.22,TRUE,,,,,,,,,
1,1,946709711,1040,25,36,29,0,4496,0,3.23,TRUE,,,,,,,,,
1,1,946709714,1038,25,36,27,0,4496,0,3.11,TRUE,,,,,,,,,
1,1,946709717,1031,25,36,33,0,4496,0,3.22,TRUE,,,,,,,,,
1,1,946709720,1029,25,36,24,0,4496,0,3.21,TRUE,,,,,,,,,
1,1,946709723,1030,25,36,19,0,4496,0,3.22,TRUE,,,,,,,,,
1,1,946709726,1026,25,36,17,0,4496,0,3.23,TRUE,,,,,,,,,
1,1,946709729,1022,25,36,14,0,4496,0,3.15,TRUE,,,,,,,,,
1,1,946709732,1019,25,36,23,0,4496,0,3.23,TRUE,,,,,,,,,
1,1,946709735,1018,25,36,33,0,4496,0,3.21,TRUE,,,,,,,,,
1,1,946709738,1017,25,36,17,0,4496,0,3.22,TRUE,,,,,,,,,
1,1,946709741,1014,25,36,24,0,4496,0,3.23,TRUE,,,,,,,,,
1,1,946709744,1012,25,36,33,0,4496,0,3.07,TRUE,,,,,,,,,
1,1,946709747,1010,25,36,25,0,4496,0,3.22,TRUE,,,,,,,,,
1,1,946709750,1008,25,36,28,0,4496,0,3.22,TRUE,,,,,,,,,
1,1,946709753,1006,25,36,36,0,4496,0,3.22,TRUE,,,,,,,,,
1,1,946709756,1004,25,36,29,0,4496,0,3.22,TRUE,,,,,,,,,
1,1,946709759,1002,25,36,26,0,4496,0,3.08,TRUE,,,,,,,,,
1,1,946709762,1001,25,36,32,0,4496,0,3.23,TRUE,,,,,,,,,
1,1,946709765,1000,25,36,28,0,4496,0,3.22,TRUE,,,,,,,,,
1,1,946709768,999,25,36,30,0,4496,0,3.22,TRUE,,,,,,,,,
1,1,946709771,998,25,36,25,0,4496,0,3.24,TRUE,,,,,,,,,
1,1,946709774,997,25,36,28,0,4496,0,3.1,TRUE,,,,,,,,,
1,1,946709777,995,25,35,28,0,4496,0,3.23,TRUE,,,,,,,,,
1,1,946709780,994,25,36,23,0,4496,0,3.23,TRUE,,,,,,,,,
1,1,946709783,992,25,36,30,0,4496,0,3.22,TRUE,,,,,,,,,
1,1,946709786,989,25,36,29,0,4496,0,3.23,TRUE,,,,,,,,,
1,1,946709789,988,25,36,30,0,4496,0,3.13,TRUE,,,,,,,,,
1,1,946709792,984,25,36,18,0,4496,0,3.23,TRUE,,,,,,,,,
1,1,946709795,980,25,35,28,0,4496,0,3.22,TRUE,,,,,,,,,
1,1,946709798,977,25,35,31,0,4496,0,3.21,TRUE,,,,,,,,,
1,1,946709801,968,25,36,21,0,4496,0,3.23,TRUE,,,,,,,,,
1,1,946709804,970,25,35,26,0,4496,0,3.15,TRUE,,,,,,,,,
1,1,946709807,960,25,35,35,0,4496,0,3.2,TRUE,,,,,,,,,
1,1,946709810,956,25,35,31,0,4496,0,3.22,TRUE,,,,,,,,,
1,1,946709813,952,25,36,33,0,4496,0,3.22,TRUE,,,,,,,,,
1,1,946709816,948,25,35,21,0,4496,0,3.23,TRUE,,,,,,,,,
1,1,946709819,947,25,36,34,0,4496,0,3.19,TRUE,,,,,,,,,
1,1,946709822,942,25,35,31,0,4496,0,3.23,TRUE,,,,,,,,,
1,1,946709825,940,25,35,22,0,4496,0,3.23,TRUE,,,,,,,,,
1,1,946709828,940,25,35,25,0,4496,0,3.22,TRUE,,,,,,,,,
1,1,946709831,935,25,35,19,0,4496,0,3.22,TRUE,,,,,,,,,
1,1,946709834,934,25,35,16,0,4496,0,3.22,TRUE,,,,,,,,,
1,1,946709837,933,25,36,25,0,4496,0,3.23,TRUE,,,,,,,,,
1,1,946709840,932,25,35,25,0,4496,0,3.23,TRUE,,,,,,,,,
1,1,946709843,931,25,35,23,0,4496,0,3.22,TRUE,,,,,,,,,
1,1,946709846,928,25,35,23,0,4496,0,3.23,TRUE,,,,,,,,,
1,1,946709849,926,25,35,20,0,4496,0,3.22,TRUE,,,,,,,,,
1,1,946709852,926,25,35,19,0,4496,0,3.22,TRUE,,,,,,,,,
1,1,946709855,925,25,35,18,0,4496,0,3.23,TRUE,,,,,,,,,
1,1,946709858,925,25,35,17,0,4496,0,3.09,TRUE,,,,,,,,,
1,1,946709861,925,25,35,18,0,4496,0,3.23,TRUE,,,,,,,,,
1,1,946709864,924,25,35,18,0,4496,0,3.22,TRUE,,,,,,,,,
1,1,946709867,924,25,35,17,0,4496,0,3.23,TRUE,,,,,,,,,
1,1,946709870,923,25,35,17,0,4496,0,3.22,TRUE,,,,,,,,,
1,1,946709873,923,25,35,16,0,4496,0,3.09,TRUE,,,,,,,,,
1,1,946709876,923,25,35,16,0,4496,0,3.23,TRUE,,,,,,,,,
1,1,946709879,922,25,35,16,0,4496,0,3.22,TRUE,,,,,,,,,
1,1,946709882,921,25,35,15,0,4496,0,3.22,TRUE,,,,,,,,,
1,1,946709885,921,25,35,18,0,4496,0,3.23,TRUE,,,,,,,,,
1,1,946709888,922,25,35,19,0,4496,0,3.09,TRUE,,,,,,,,,
1,1,946709891,921,25,35,19,0,4496,0,3.23,TRUE,,,,,,,,,
1,1,946709894,921,25,35,17,0,4496,0,3.22,TRUE,,,,,,,,,
1,1,946709897,921,25,35,26,0,4496,0,3.22,TRUE,,,,,,,,,
1,1,946709900,920,25,35,19,0,4496,0,3.23,TRUE,,,,,,,,,
1,1,946709903,919,25,35,19,0,4496,0,3.09,TRUE,,,,,,,,,
1,1,946709906,918,25,35,18,0,4496,0,3.22,TRUE,,,,,,,,,
1,1,946709909,918,25,35,19,0,4496,0,3.22,TRUE,,,,,,,,,
1,1,946709912,918,25,35,20,0,4496,0,3.22,TRUE,,,,,,,,,
1,1,946709915,918,25,35,20,0,4496,0,3.22,TRUE,,,,,,,,,
1,1,946709918,918,25,35,24,0,4496,0,3.09,TRUE,,,,,,,,,
1,1,946709921,917,25,35,23,0,4496,0,3.23,TRUE,,,,,,,,,
1,1,946709924,916,25,35,24,0,4496,0,3.22,TRUE,,,,,,,,,
1,1,946709927,916,25,35,21,0,4496,0,3.23,TRUE,,,,,,,,,
1,1,946709930,915,25,35,19,0,4496,0,3.23,TRUE,,,,,,,,,
1,1,946709933,916,25,35,31,0,4496,0,3.08,TRUE,,,,,,,,,
1,1,946709936,916,25,35,28,0,4496,0,3.22,TRUE,,,,,,,,,
1,1,946709939,916,25,35,26,0,4496,0,3.22,TRUE,,,,,,,,,
1,1,946709942,916,25,35,25,0,4496,0,3.22,TRUE,,,,,,,,,
1,1,946709945,914,25,35,24,0,4496,0,3.22,TRUE,,,,,,,,,
1,1,946709948,914,25,35,25,0,4496,0,3.08,TRUE,,,,,,,,,
1,1,946709951,914,25,35,25,0,4496,0,3.23,TRUE,,,,,,,,,
1,1,946709954,913,25,35,29,0,4496,0,3.22,TRUE,,,,,,,,,
1,1,946709957,913,25,35,24,0,4496,0,3.23,TRUE,,,,,,,,,
1,1,946709960,914,25,35,22,0,4496,0,3.23,TRUE,,,,,,,,,
1,1,946709963,913,25,35,32,0,4496,0,3.07,TRUE,,,,,,,,,
1,1,946709966,913,25,35,23,0,4496,0,3.22,TRUE,,,,,,,,,
1,1,946709969,913,25,35,22,0,4496,0,3.22,TRUE,,,,,,,,,
1,1,946709972,912,25,35,21,0,4496,0,3.21,TRUE,,,,,,,,,
1,1,946709975,911,25,35,31,0,4496,0,3.23,TRUE,,,,,,,,,
1,1,946709978,911,25,35,22,0,4496,0,3.08,TRUE,,,,,,,,,
1,1,946709981,909,25,35,19,0,4496,0,3.24,TRUE,,,,,,,,,
1,1,946709984,908,25,35,25,0,4496,0,3.22,TRUE,,,,,,,,,
1,1,946709987,907,25,35,18,0,4496,0,3.22,TRUE,,,,,,,,,
1,1,946709990,905,25,35,19,0,4496,0,3.22,TRUE,,,,,,,,,
1,1,946709993,905,25,35,19,0,4496,0,3.08,TRUE,,,,,,,,,
1,1,946709996,903,25,35,18,0,4496,0,3.23,TRUE,,,,,,,,,
1,1,946709999,902,25,35,21,0,4496,0,3.21,TRUE,,,,,,,,,
1,1,946710002,901,25,35,20,0,4496,0,3.22,TRUE,,,,,,,,,
1,1,946710005,900,25,35,21,0,4496,0,3.22,TRUE,,,,,,,,,
1,1,946710008,899,25,35,18,0,4496,0,3.08,TRUE,,,,,,,,,
1,1,946710011,898,25,35,17,0,4496,0,3.23,TRUE,,,,,,,,,
1,1,946710014,898,25,35,18,0,4496,0,3.22,TRUE,,,,,,,,,
1,1,946710017,898,25,35,17,0,4496,0,3.23,TRUE,,,,,,,,,
1,1,946710020,896,25,35,19,0,4496,0,3.22,TRUE,,,,,,,,,
1,1,946710023,896,25,35,20,0,4496,0,3.09,TRUE,,,,,,,,,
1,1,946710026,895,25,35,19,0,4496,0,3.22,TRUE,,,,,,,,,
1,1,946710029,896,25,35,19,0,4496,0,3.22,TRUE,,,,,,,,,
1,1,946710032,895,25,35,16,0,4496,0,3.23,TRUE,,,,,,,,,
1,1,946710035,894,25,35,17,0,4496,0,3.23,TRUE,,,,,,,,,
1,1,946710038,894,25,35,16,0,4496,0,3.07,TRUE,,,,,,,,,
1,1,946710041,893,25,35,17,0,4496,0,3.24,TRUE,,,,,,,,,
1,1,946710044,893,25,35,17,0,4496,0,3.21,TRUE,,,,,,,,,
1,1,946710047,892,25,35,16,0,4496,0,3.22,TRUE,,,,,,,,,
1,1,946710050,891,25,35,16,0,4496,0,3.23,TRUE,,,,,,,,,
1,1,946710053,891,25,35,17,0,4496,0,3.08,TRUE,,,,,,,,,
1,1,946710056,890,25,35,17,0,4496,0,3.22,TRUE,,,,,,,,,
1,1,946710059,891,25,35,16,0,4496,0,3.21,TRUE,,,,,,,,,
1,1,946710062,890,25,35,15,0,4496,0,3.21,TRUE,,,,,,,,,
1,1,946710065,889,25,35,17,0,4496,0,3.23,TRUE,,,,,,,,,
1,1,946710068,889,25,35,16,0,4496,0,3.08,TRUE,,,,,,,,,
1,1,946710071,889,25,35,17,0,4496,0,3.23,TRUE,,,,,,,,,
1,1,946710074,888,25,35,17,0,4496,0,3.21,TRUE,,,,,,,,,
1,1,946710077,889,25,35,17,0,4496,0,3.21,TRUE,,,,,,,,,
1,1,946710080,888,25,35,16,0,4496,0,3.22,TRUE,,,,,,,,,
1,1,946710083,888,25,35,18,0,4496,0,3.07,TRUE,,,,,,,,,
1,1,946710086,887,25,35,16,0,4496,0,3.23,TRUE,,,,,,,,,
1,1,946710089,887,25,35,18,0,4496,0,3.22,TRUE,,,,,,,,,
1,1,946710092,887,25,35,17,0,4496,0,3.22,TRUE,,,,,,,,,
1,1,946710095,886,25,35,18,0,4496,0,3.23,TRUE,,,,,,,,,
1,1,946710098,887,26,35,16,0,4496,0,3.08,TRUE,,,,,,,,,
1,1,946710101,885,25,35,16,0,4496,0,3.23,TRUE,,,,,,,,,
1,1,946710104,885,25,35,18,0,4496,0,3.22,TRUE,,,,,,,,,
1,1,946710107,885,25,35,17,0,4496,0,3.23,TRUE,,,,,,,,,
1,1,946710110,885,25,35,18,0,4496,0,3.23,TRUE,,,,,,,,,
1,1,946710113,885,26,35,18,0,4496,0,3.11,TRUE,,,,,,,,,
1,1,946710116,884,26,35,18,0,4496,0,3.24,TRUE,,,,,,,,,
1,1,946710119,885,25,35,18,0,4496,0,3.22,TRUE,,,,,,,,,
1,1,946710122,884,25,35,17,0,4496,0,3.22,TRUE,,,,,,,,,
1,1,946710125,883,26,35,17,0,4496,0,3.23,TRUE,,,,,,,,,
1,1,946710128,883,25,35,17,0,4496,0,3.07,TRUE,,,,,,,,,
1,1,946710131,882,26,35,17,0,4496,0,3.23,TRUE,,,,,,,,,
1,1,946710134,882,25,35,18,0,4496,0,3.21,TRUE,,,,,,,,,
1,1,946710137,881,26,35,22,0,4496,0,3.21,TRUE,,,,,,,,,
1,1,946710140,880,26,35,20,0,4496,0,3.22,TRUE,,,,,,,,,
1,1,946710143,880,26,35,22,0,4496,0,3.07,TRUE,,,,,,,,,
1,1,946710146,879,26,35,21,0,4496,0,3.23,TRUE,,,,,,,,,
1,1,946710149,878,26,35,19,0,4496,0,3.22,TRUE,,,,,,,,,
1,1,946710152,878,25,35,24,0,4496,0,3.22,TRUE,,,,,,,,,
1,1,946710155,878,26,35,27,0,4496,0,3.23,TRUE,,,,,,,,,
1,1,946710158,878,26,35,28,0,4496,0,3.08,TRUE,,,,,,,,,
1,1,946710161,876,26,35,34,0,4496,0,3.23,TRUE,,,,,,,,,
1,1,946710164,876,26,35,27,0,4496,0,3.22,TRUE,,,,,,,,,
1,1,946710167,875,26,35,21,0,4496,0,3.22,TRUE,,,,,,,,,
1,1,946710170,874,26,35,30,0,4496,0,3.23,TRUE,,,,,,,,,
1,1,946710173,874,26,35,29,0,4496,0,3.11,TRUE,,,,,,,,,
1,1,946710176,873,26,35,35,0,4496,0,3.22,TRUE,,,,,,,,,
1,1,946710179,873,26,35,30,0,4496,0,3.23,TRUE,,,,,,,,,
1,1,946710182,873,26,35,30,0,4496,0,3.22,TRUE,,,,,,,,,
1,1,946710185,871,26,35,34,0,4496,0,3.23,TRUE,,,,,,,,,
1,1,946710188,869,26,35,39,0,4496,0,3.15,TRUE,,,,,,,,,
1,1,946710191,866,26,35,26,0,4496,0,3.23,TRUE,,,,,,,,,
1,1,946710194,864,26,35,32,0,4496,0,3.23,TRUE,,,,,,,,,
1,1,946710197,863,26,35,35,0,4496,0,3.21,TRUE,,,,,,,,,
1,1,946710200,860,26,35,32,0,4496,0,3.23,TRUE,,,,,,,,,
1,1,946710203,860,26,35,24,0,4496,0,3.22,TRUE,,,,,,,,,
1,1,946710206,857,26,35,30,0,4496,0,3.22,TRUE,,,,,,,,,
1,1,946710209,854,26,35,22,0,4496,0,3.23,TRUE,,,,,,,,,
1,1,946710212,853,26,35,18,0,4496,0,3.22,TRUE,,,,,,,,,
1,1,946710215,851,26,35,21,0,4496,0,3.23,TRUE,,,,,,,,,
1,1,946710218,850,26,35,20,0,4496,0,3.22,TRUE,,,,,,,,,
1,1,946710221,849,26,35,22,0,4496,0,3.22,TRUE,,,,,,,,,
1,1,946710224,848,26,35,19,0,4496,0,3.22,TRUE,,,,,,,,,
1,1,946710227,847,26,35,19,0,4496,0,3.08,TRUE,,,,,,,,,
1,1,946710230,847,26,35,18,0,4496,0,3.23,TRUE,,,,,,,,,
1,1,946710233,847,26,35,19,0,4496,0,3.12,TRUE,,,,,,,,,
1,1,946710236,845,26,35,24,0,4496,0,3.23,TRUE,,,,,,,,,
1,1,946710239,844,26,35,21,0,4496,0,3.23,TRUE,,,,,,,,,
1,1,946710242,843,26,35,23,0,4496,0,3.09,TRUE,,,,,,,,,
1,1,946710245,842,26,35,19,0,4496,0,3.23,TRUE,,,,,,,,,
1,1,946710248,844,26,35,18,0,4496,0,3.21,TRUE,,,,,,,,,
1,1,946710251,841,26,35,18,0,4496,0,3.23,TRUE,,,,,,,,,
1,1,946710254,841,26,35,19,0,4496,0,3.23,TRUE,,,,,,,,,
1,1,946710257,840,26,35,19,0,4496,0,3.22,TRUE,,,,,,,,,
1,1,946710260,838,26,35,20,0,4496,0,3.23,TRUE,,,,,,,,,
1,1,946710263,838,26,35,18,0,4496,0,3.22,TRUE,,,,,,,,,
1,1,946710266,837,26,35,19,0,4496,0,3.23,TRUE,,,,,,,,,
1,1,946710269,837,26,35,17,0,4496,0,3.21,TRUE,,,,,,,,,
1,1,946710272,836,26,35,17,0,4496,0,3.08,TRUE,,,,,,,,,
1,1,946710275,835,26,35,17,0,4496,0,3.22,TRUE,,,,,,,,,
1,1,946710278,835,26,35,19,0,4496,0,3.22,TRUE,,,,,,,,,
1,1,946710281,833,26,35,19,0,4496,0,3.23,TRUE,,,,,,,,,
1,1,946710284,832,26,35,17,0,4496,0,3.23,TRUE,,,,,,,,,
1,1,946710287,832,26,35,17,0,4496,0,3.09,TRUE,,,,,,,,,
1,1,946710290,831,26,35,18,0,4496,0,3.23,TRUE,,,,,,,,,
1,1,946710293,830,26,35,17,0,4496,0,3.22,TRUE,,,,,,,,,
1,1,946710296,828,26,35,16,0,4496,0,3.23,TRUE,,,,,,,,,
1,1,946710299,827,26,35,16,0,4496,0,3.23,TRUE,,,,,,,,,
1,1,946710302,826,26,35,15,0,4496,0,3.08,TRUE,,,,,,,,,
1,1,946710305,825,26,35,15,0,4496,0,3.23,TRUE,,,,,,,,,
1,1,946710308,824,26,35,16,0,4496,0,3.22,TRUE,,,,,,,,,
1,1,946710311,825,26,35,16,0,4496,0,3.22,TRUE,,,,,,,,,
1,1,946710314,824,26,35,15,0,4496,0,3.23,TRUE,,,,,,,,,
1,1,946710317,823,26,35,16,0,4496,0,3.08,TRUE,,,,,,,,,
1,1,946710320,822,26,35,16,0,4496,0,3.23,TRUE,,,,,,,,,
1,1,946710323,822,26,35,16,0,4496,0,3.21,TRUE,,,,,,,,,
1,1,946710326,821,26,35,16,0,4496,0,3.24,TRUE,,,,,,,,,
1,1,946710329,821,26,35,16,0,4496,0,3.23,TRUE,,,,,,,,,
1,1,946710332,821,26,35,16,0,4496,0,3.07,TRUE,,,,,,,,,
1,1,946710335,821,26,35,15,0,4496,0,3.24,TRUE,,,,,,,,,
1,1,946710338,821,26,35,15,0,4496,0,3.21,TRUE,,,,,,,,,
1,1,946710341,820,26,35,16,0,4496,0,3.23,TRUE,,,,,,,,,
1,1,946710344,819,26,35,16,0,4496,0,3.23,TRUE,,,,,,,,,
1,1,946710347,819,26,35,16,0,4496,0,3.09,TRUE,,,,,,,,,
1,1,946710350,819,26,35,16,0,4496,0,3.23,TRUE,,,,,,,,,
1,1,946710353,818,26,35,17,0,4496,0,3.22,TRUE,,,,,,,,,
1,1,946710356,819,26,35,17,0,4496,0,3.22,TRUE,,,,,,,,,
1,1,946710359,820,26,35,157,0,4496,0,3.23,TRUE,,,,,,,,,
1,1,946710362,819,26,35,196,0,4496,0,3.09,TRUE,,,,,,,,,
1,1,946710365,820,26,36,176,0,4496,0,3.23,TRUE,,,,,,,,,
1,1,946710368,821,26,36,179,0,4496,0,3.21,TRUE,,,,,,,,,
1,1,946710371,822,26,36,194,0,4496,0,3.22,TRUE,,,,,,,,,
1,1,946710374,823,26,36,266,0,4496,0,3.23,TRUE,,,,,,,,,
1,1,946710377,824,26,35,205,0,4496,0,3.09,TRUE,,,,,,,,,
1,1,946710380,823,26,35,171,0,4496,0,3.23,TRUE,,,,,,,,,
1,1,946710383,823,26,35,183,0,4496,0,3.22,TRUE,,,,,,,,,
1,1,946710386,822,26,35,182,0,4496,0,3.21,TRUE,,,,,,,,,
1,1,946710389,822,26,35,184,0,4496,0,3.22,TRUE,,,,,,,,,
1,1,946710392,822,26,35,195,0,4496,0,3.09,TRUE,,,,,,,,,
1,1,946710395,822,26,35,187,0,4496,0,3.22,TRUE,,,,,,,,,
1,1,946710398,822,26,35,188,0,4496,0,3.21,TRUE,,,,,,,,,
1,1,946710401,822,26,35,188,0,4496,0,3.23,TRUE,,,,,,,,,
1,1,946710404,824,26,35,157,0,4496,0,3.22,TRUE,,,,,,,,,
1,1,946710407,823,26,35,211,0,4496,0,3.07,TRUE,,,,,,,,,
1,1,946710410,822,26,35,204,0,4496,0,3.22,TRUE,,,,,,,,,
1,1,946710413,822,26,35,193,0,4496,0,3.22,TRUE,,,,,,,,,
1,1,946710416,823,26,35,187,0,4496,0,3.22,TRUE,,,,,,,,,
1,1,946710419,823,26,35,198,0,4496,0,3.23,TRUE,,,,,,,,,
1,1,946710422,823,26,35,189,0,4496,0,3.07,TRUE,,,,,,,,,
1,1,946710425,822,26,35,183,0,4496,0,3.22,TRUE,,,,,,,,,
1,1,946710428,822,26,35,186,0,4496,0,3.22,TRUE,,,,,,,,,
1,1,946710431,822,26,35,196,0,4496,0,3.23,TRUE,,,,,,,,,
1,1,946710434,821,26,35,155,0,4496,0,3.23,TRUE,,,,,,,,,
1,1,946710437,821,26,35,192,0,4496,0,3.08,TRUE,,,,,,,,,
1,1,946710440,819,26,35,200,0,4496,0,3.23,TRUE,,,,,,,,,
1,1,946710443,818,26,35,185,0,4496,0,3.21,TRUE,,,,,,,,,
1,1,946710446,817,26,35,188,0,4496,0,3.23,TRUE,,,,,,,,,
1,1,946710449,816,26,35,177,0,4496,0,3.23,TRUE,,,,,,,,,
1,1,946710452,817,26,35,26,0,4496,0,3.09,TRUE,,,,,,,,,
1,1,946710455,822,26,35,13,0,4496,0,3.23,TRUE,,,,,,,,,
1,1,946710458,823,26,35,13,0,4496,0,3.22,TRUE,,,,,,,,,
1,1,946710461,826,26,35,13,0,4496,0,3.23,TRUE,,,,,,,,,
1,1,946710464,862,26,35,13,0,4496,0,3.23,TRUE,,,,,,,,,
1,1,946710467,871,26,35,13,0,4496,0,3.08,TRUE,,,,,,,,,
1,1,946710470,892,26,35,13,0,4496,0,3.23,TRUE,,,,,,,,,
1,1,946710473,892,26,35,13,0,4496,0,3.22,TRUE,,,,,,,,,
1,1,946710476,894,26,35,13,0,4496,0,3.22,TRUE,,,,,,,,,
1,1,946710479,889,26,35,13,0,4496,0,3.22,TRUE,,,,,,,,,
1,1,946710482,889,26,35,13,0,4496,0,3.07,TRUE,,,,,,,,,
1,1,946710485,890,26,35,13,0,4496,0,3.23,TRUE,,,,,,,,,
1,1,946710488,890,26,35,13,0,4496,0,3.21,TRUE,,,,,,,,,
1,1,946710491,888,26,35,13,0,4496,0,3.22,TRUE,,,,,,,,,
1,1,946710494,889,26,35,13,0,4496,0,3.22,TRUE,,,,,,,,,
1,1,946710497,887,26,35,13,0,4496,0,3.06,TRUE,,,,,,,,,
1,1,946710500,888,26,35,13,0,4496,0,3.22,TRUE,,,,,,,,,
1,1,946710503,888,26,35,13,0,4496,0,3.22,TRUE,,,,,,,,,
1,1,946710506,888,26,35,13,0,4496,0,3.22,TRUE,,,,,,,,,
1,1,946710509,888,26,35,13,0,4496,0,3.23,TRUE,,,,,,,,,
1,1,946710512,886,26,35,13,0,4496,0,3.07,TRUE,,,,,,,,,
1,1,946710515,883,26,35,13,0,4496,0,3.22,TRUE,,,,,,,,,
1,1,946710518,882,26,35,13,0,4496,0,3.21,TRUE,,,,,,,,,
1,1,946710521,882,26,35,13,0,4496,0,3.21,TRUE,,,,,,,,,
1,1,946710524,881,26,35,13,0,4496,0,3.22,TRUE,,,,,,,,,
1,1,946710527,882,26,35,13,0,4496,0,3.06,TRUE,,,,,,,,,
1,1,946710530,883,26,35,13,0,4496,0,3.23,TRUE,,,,,,,,,
1,1,946710533,883,26,35,13,0,4496,0,3.22,TRUE,,,,,,,,,
1,1,946710536,882,26,35,13,0,4496,0,3.21,TRUE,,,,,,,,,
1,1,946710539,881,26,35,13,0,4496,0,3.22,TRUE,,,,,,,,,
1,1,946710542,882,26,35,13,0,4496,0,3.07,TRUE,,,,,,,,,
1,1,946710545,883,26,35,13,0,4496,0,3.22,TRUE,,,,,,,,,
1,1,946710548,883,26,35,13,0,4496,0,3.21,TRUE,,,,,,,,,
1,1,946710551,884,26,35,13,0,4496,0,3.22,TRUE,,,,,,,,,
1,1,946710554,884,26,35,14,0,4496,0,3.22,TRUE,,,,,,,,,
1,1,946710557,883,26,35,13,0,4496,0,3.07,TRUE,,,,,,,,,
1,1,946710560,884,26,35,12,0,4496,0,3.23,TRUE,,,,,,,,,
1,1,946710563,885,26,35,13,0,4496,0,3.22,TRUE,,,,,,,,,
1,1,946710566,884,26,35,13,0,4496,0,3.2,TRUE,,,,,,,,,
1,1,946710569,885,26,35,13,0,4496,0,3.22,TRUE,,,,,,,,,
1,1,946710572,885,26,35,13,0,4496,0,3.07,TRUE,,,,,,,,,
1,1,946710575,886,26,35,40,0,4496,0,3.23,TRUE,,,,,,,,,
1,1,946710578,885,26,35,109,0,4496,0,3.21,TRUE,,,,,,,,,
1,1,946710581,885,26,35,162,0,4496,0,3.22,TRUE,,,,,,,,,
1,1,946710584,885,26,35,182,0,4496,0,3.22,TRUE,,,,,,,,,
1,1,946710587,884,26,35,179,0,4496,0,3.09,TRUE,,,,,,,,,
1,1,946710590,881,26,35,193,0,4496,0,3.23,TRUE,,,,,,,,,
1,1,946710593,880,26,35,193,0,4496,0,3.21,TRUE,,,,,,,,,
1,1,946710596,879,26,35,190,0,4496,0,3.21,TRUE,,,,,,,,,
1,1,946710599,874,26,34,10,0,4496,0,3.22,TRUE,,,,,,,,,
1,1,946710602,871,26,35,13,0,4496,0,3.15,TRUE,,,,,,,,,
1,1,946710605,866,26,35,13,0,4496,0,3.23,TRUE,,,,,,,,,
1,1,946710608,865,26,35,13,0,4496,0,3.22,TRUE,,,,,,,,,
1,1,946710611,863,26,35,13,0,4496,0,3.22,TRUE,,,,,,,,,
1,1,946710614,856,26,34,13,0,4496,0,3.23,TRUE,,,,,,,,,
1,1,946710617,859,26,34,13,0,4496,0,3.16,TRUE,,,,,,,,,
1,1,946710620,856,26,34,13,0,4496,0,3.22,TRUE,,,,,,,,,
1,1,946710623,855,26,34,13,0,4496,0,3.21,TRUE,,,,,,,,,
1,1,946710626,852,26,34,13,0,4496,0,3.21,TRUE,,,,,,,,,
1,1,946710629,852,26,34,13,0,4496,0,3.22,TRUE,,,,,,,,,
1,1,946710632,853,26,34,14,0,4496,0,3.07,TRUE,,,,,,,,,
1,1,946710635,852,26,34,13,0,4496,0,3.23,TRUE,,,,,,,,,
1,1,946710638,853,26,34,13,0,4496,0,3.22,TRUE,,,,,,,,,
1,1,946710641,854,26,34,13,0,4496,0,3.22,TRUE,,,,,,,,,
1,1,946710644,852,26,34,13,0,4496,0,3.22,TRUE,,,,,,,,,
1,1,946710647,851,26,34,14,0,4496,0,3.08,TRUE,,,,,,,,,
1,1,946710650,850,26,34,13,0,4496,0,3.24,TRUE,,,,,,,,,
1,1,946710653,850,26,34,13,0,4496,0,3.23,TRUE,,,,,,,,,
1,1,946710656,850,26,34,13,0,4496,0,3.22,TRUE,,,,,,,,,
1,1,946710659,850,26,34,13,0,4496,0,3.23,TRUE,,,,,,,,,
1,1,946710662,850,26,34,13,0,4496,0,3.09,TRUE,,,,,,,,,
1,1,946710665,850,26,34,13,0,4496,0,3.23,TRUE,,,,,,,,,
1,1,946710668,850,26,34,13,0,4496,0,3.23,TRUE,,,,,,,,,
1,1,946710671,851,26,34,13,0,4496,0,3.21,TRUE,,,,,,,,,
1,1,946710674,851,26,34,13,0,4496,0,3.23,TRUE,,,,,,,,,
1,1,946710677,852,26,34,13,0,4496,0,3.11,TRUE,,,,,,,,,
1,1,946710680,851,26,34,13,0,4496,0,3.23,TRUE,,,,,,,,,
1,1,946710683,852,26,34,13,0,4496,0,3.23,TRUE,,,,,,,,,
1,1,946710686,852,26,34,13,0,4496,0,3.21,TRUE,,,,,,,,,
1,1,946710689,853,26,34,13,0,4496,0,3.23,TRUE,,,,,,,,,
1,1,946710692,851,26,34,13,0,4496,0,3.15,TRUE,,,,,,,,,
1,1,946710695,851,26,34,13,0,4496,0,3.23,TRUE,,,,,,,,,
1,1,946710698,852,26,34,13,0,4496,0,3.23,TRUE,,,,,,,,,
1,1,946710701,851,26,34,13,0,4496,0,3.22,TRUE,,,,,,,,,
1,1,946710704,851,26,34,13,0,4496,0,3.23,TRUE,,,,,,,,,
1,1,946710707,851,26,34,13,0,4496,0,3.21,TRUE,,,,,,,,,
1,1,946710710,852,26,34,13,0,4496,0,3.22,TRUE,,,,,,,,,
1,1,946710713,853,26,34,13,0,4496,0,3.21,TRUE,,,,,,,,,
1,1,946710716,853,26,34,13,0,4496,0,3.23,TRUE,,,,,,,,,
1,1,946710719,853,26,34,13,0,4496,0,3.23,TRUE,,,,,,,,,
1,1,946710722,853,26,34,13,0,4496,0,3.22,TRUE,,,,,,,,,
1,1,946710725,854,26,34,13,0,4496,0,3.22,TRUE,,,,,,,,,
1,1,946710728,854,26,34,13,0,4496,0,3.22,TRUE,,,,,,,,,
1,1,946710731,854,26,34,13,0,4496,0,3.21,TRUE,,,,,,,,,
1,1,946710734,855,26,34,13,0,4496,0,3.23,TRUE,,,,,,,,,
1,1,946710737,854,26,34,13,0,4496,0,3.22,TRUE,,,,,,,,,
1,1,946710740,855,26,34,13,0,4496,0,3.23,TRUE,,,,,,,,,
1,1,946710743,854,26,34,13,0,4496,0,3.22,TRUE,,,,,,,,,
1,1,946710746,854,26,34,13,0,4496,0,3.08,TRUE,,,,,,,,,
1,1,946710749,854,26,34,13,0,4496,0,3.23,TRUE,,,,,,,,,
1,1,946710752,854,26,34,13,0,4496,0,3.22,TRUE,,,,,,,,,
1,1,946710755,855,26,34,13,0,4496,0,3.23,TRUE,,,,,,,,,
1,1,946710758,855,26,34,13,0,4496,0,3.23,TRUE,,,,,,,,,
1,1,946710761,855,26,34,13,0,4496,0,3.08,TRUE,,,,,,,,,
1,1,946710764,856,26,34,13,0,4496,0,3.23,TRUE,,,,,,,,,
1,1,946710767,857,26,34,13,0,4496,0,3.18,TRUE,,,,,,,,,
1,1,946710770,857,26,34,13,0,4496,0,3.23,TRUE,,,,,,,,,
1,1,946710773,857,26,34,13,0,4496,0,3.23,TRUE,,,,,,,,,
1,1,946710776,856,26,34,13,0,4496,0,3.07,TRUE,,,,,,,,,
1,1,946710779,856,26,34,13,0,4496,0,3.22,TRUE,,,,,,,,,
1,1,946710782,856,26,34,13,0,4496,0,3.22,TRUE,,,,,,,,,
1,1,946710785,856,26,34,13,0,4496,0,3.22,TRUE,,,,,,,,,
1,1,946710788,857,26,34,13,0,4496,0,3.23,TRUE,,,,,,,,,
1,1,946710791,856,26,34,13,0,4496,0,3.18,TRUE,,,,,,,,,
1,1,946710794,855,26,34,13,0,4496,0,3.22,TRUE,,,,,,,,,
1,1,946710797,855,26,34,13,0,4496,0,3.24,TRUE,,,,,,,,,
1,1,946710800,855,26,34,13,0,4496,0,3.22,TRUE,,,,,,,,,
1,1,946710803,855,26,34,14,0,4496,0,3.22,TRUE,,,,,,,,,
1,1,946710806,855,26,34,13,0,4496,0,3.08,TRUE,,,,,,,,,
1,1,946710809,855,26,34,13,0,4496,0,3.23,TRUE,,,,,,,,,
1,1,946710812,854,26,34,13,0,4496,0,3.21,TRUE,,,,,,,,,
1,1,946710815,853,26,34,13,0,4496,0,3.23,TRUE,,,,,,,,,
1,1,946710818,853,26,34,13,0,4496,0,3.23,TRUE,,,,,,,,,
1,1,946710821,853,26,34,13,0,4496,0,3.08,TRUE,,,,,,,,,
1,1,946710824,851,26,34,13,0,4496,0,3.22,TRUE,,,,,,,,,
1,1,946710827,851,26,34,13,0,4496,0,3.22,TRUE,,,,,,,,,
1,1,946710830,851,26,34,13,0,4496,0,3.23,TRUE,,,,,,,,,
1,1,946710833,850,26,34,13,0,4496,0,3.23,TRUE,,,,,,,,,
1,1,946710836,850,26,34,13,0,4496,0,3.07,TRUE,,,,,,,,,
1,1,946710839,849,26,34,13,0,4496,0,3.23,TRUE,,,,,,,,,
1,1,946710842,849,26,34,13,0,4496,0,3.22,TRUE,,,,,,,,,
1,1,946710845,848,26,34,13,0,4496,0,3.23,TRUE,,,,,,,,,
1,1,946710848,848,26,34,13,0,4496,0,3.23,TRUE,,,,,,,,,
1,1,946710851,849,26,34,13,0,4496,0,3.08,TRUE,,,,,,,,,
1,1,946710854,848,26,34,13,0,4496,0,3.22,TRUE,,,,,,,,,
1,1,946710857,848,26,34,13,0,4496,0,3.21,TRUE,,,,,,,,,
1,1,946710860,848,26,34,14,0,4496,0,3.22,TRUE,,,,,,,,,
1,1,946710863,847,26,34,13,0,4496,0,3.23,TRUE,,,,,,,,,
1,1,946710866,847,26,34,13,0,4496,0,3.08,TRUE,,,,,,,,,
1,1,946710869,847,26,34,13,0,4496,0,3.22,TRUE,,,,,,,,,
1,1,946710872,847,26,34,13,0,4496,0,3.22,TRUE,,,,,,,,,
1,1,946710875,847,26,34,13,0,4496,0,3.23,TRUE,,,,,,,,,
1,1,946710878,845,26,34,13,0,4496,0,3.23,TRUE,,,,,,,,,
1,1,946710881,845,26,34,13,0,4496,0,3.07,TRUE,,,,,,,,,
1,1,946710884,844,26,34,13,0,4496,0,3.22,TRUE,,,,,,,,,
1,1,946710887,843,26,34,13,0,4496,0,3.21,TRUE,,,,,,,,,
1,1,946710890,842,26,34,13,0,4496,0,3.22,TRUE,,,,,,,,,
1,1,946710893,841,26,34,13,0,4496,0,3.23,TRUE,,,,,,,,,
1,1,946710896,841,26,34,13,0,4496,0,3.09,TRUE,,,,,,,,,
1,1,946710899,840,26,34,13,0,4496,0,3.23,TRUE,,,,,,,,,
1,1,946710902,839,26,34,13,0,4496,0,3.22,TRUE,,,,,,,,,
1,1,946710905,838,26,34,13,0,4496,0,3.23,TRUE,,,,,,,,,
1,1,946710908,838,26,34,13,0,4496,0,3.22,TRUE,,,,,,,,,
1,1,946710911,838,26,34,14,0,4496,0,3.07,TRUE,,,,,,,,,
1,1,946710914,837,26,34,13,0,4496,0,3.23,TRUE,,,,,,,,,
1,1,946710917,836,26,34,13,0,4496,0,3.21,TRUE,,,,,,,,,
1,1,946710920,836,26,34,13,0,4496,0,3.22,TRUE,,,,,,,,,
1,1,946710923,835,26,34,13,0,4496,0,3.22,TRUE,,,,,,,,,
1,1,946710926,835,26,34,13,0,4496,0,3.08,TRUE,,,,,,,,,
1,1,946710929,835,26,34,13,0,4496,0,3.23,TRUE,,,,,,,,,
1,1,946710932,835,26,34,13,0,4496,0,3.22,TRUE,,,,,,,,,
1,1,946710935,834,26,34,13,0,4496,0,3.23,TRUE,,,,,,,,,
1,1,946710938,834,26,34,14,0,4496,0,3.23,TRUE,,,,,,,,,
1,1,946710941,833,26,34,13,0,4496,0,3.07,TRUE,,,,,,,,,
1,1,946710944,832,26,34,13,0,4496,0,3.23,TRUE,,,,,,,,,
1,1,946710947,831,26,34,13,0,4496,0,3.21,TRUE,,,,,,,,,
1,1,946710950,832,26,34,13,0,4496,0,3.23,TRUE,,,,,,,,,
1,1,946710953,832,26,34,14,0,4496,0,3.23,TRUE,,,,,,,,,
1,1,946710956,832,26,34,13,0,4496,0,3.08,TRUE,,,,,,,,,
1,1,946710959,830,26,34,13,0,4496,0,3.23,TRUE,,,,,,,,,
1,1,946710962,830,26,34,13,0,4496,0,3.21,TRUE,,,,,,,,,
1,1,946710965,830,26,34,13,0,4496,0,3.22,TRUE,,,,,,,,,
1,1,946710968,831,26,34,13,0,4496,0,3.22,TRUE,,,,,,,,,
1,1,946710971,830,26,34,13,0,4496,0,3.07,TRUE,,,,,,,,,
1,1,946710974,829,26,34,13,0,4496,0,3.24,TRUE,,,,,,,,,
1,1,946710977,829,26,34,13,0,4496,0,3.21,TRUE,,,,,,,,,
1,1,946710980,829,26,34,13,0,4496,0,3.21,TRUE,,,,,,,,,
1,1,946710983,829,26,34,13,0,4496,0,3.23,TRUE,,,,,,,,,
1,1,946710986,830,26,34,13,0,4496,0,3.07,TRUE,,,,,,,,,
1,1,946710989,829,26,34,13,0,4496,0,3.22,TRUE,,,,,,,,,
1,1,946710992,830,26,34,13,0,4496,0,3.22,TRUE,,,,,,,,,
1,1,946710995,830,26,34,13,0,4496,0,3.21,TRUE,,,,,,,,,
1,1,946710998,830,26,34,13,0,4496,0,3.22,TRUE,,,,,,,,,
1,1,946711001,830,26,34,13,0,4496,0,3.07,TRUE,,,,,,,,,
1,1,946711004,830,26,34,13,0,4496,0,3.23,TRUE,,,,,,,,,
1,1,946711007,830,26,34,13,0,4496,0,3.21,TRUE,,,,,,,,,
1,1,946711010,830,26,34,13,0,4496,0,3.22,TRUE,,,,,,,,,
1,1,946711013,829,26,34,13,0,4496,0,3.23,TRUE,,,,,,,,,
1,1,946711016,830,26,34,13,0,4496,0,3.07,TRUE,,,,,,,,,
1,1,946711019,829,26,34,13,0,4496,0,3.22,TRUE,,,,,,,,,
1,1,946711022,829,26,34,13,0,4496,0,3.22,TRUE,,,,,,,,,
1,1,946711025,829,26,34,13,0,4496,0,3.21,TRUE,,,,,,,,,
1,1,946711028,829,26,34,13,0,4496,0,3.23,TRUE,,,,,,,,,
1,1,946711031,829,26,34,13,0,4496,0,3.07,TRUE,,,,,,,,,
1,1,946711034,829,26,34,13,0,4496,0,3.23,TRUE,,,,,,,,,
1,1,946711037,830,26,34,13,0,4496,0,3.21,TRUE,,,,,,,,,
1,1,946711040,829,26,34,13,0,4496,0,3.22,TRUE,,,,,,,,,
1,1,946711043,829,26,34,13,0,4496,0,3.23,TRUE,,,,,,,,,
1,1,946711046,829,26,34,13,0,4496,0,3.07,TRUE,,,,,,,,,
1,1,946711049,829,26,34,13,0,4496,0,3.22,TRUE,,,,,,,,,
1,1,946711052,829,26,34,13,0,4496,0,3.21,TRUE,,,,,,,,,
1,1,946711055,829,26,34,13,0,4496,0,3.22,TRUE,,,,,,,,,
1,1,946711058,828,26,34,13,0,4496,0,3.22,TRUE,,,,,,,,,
1,1,946711061,828,26,34,13,0,4496,0,3.07,TRUE,,,,,,,,,
1,1,946711064,828,26,34,13,0,4496,0,3.22,TRUE,,,,,,,,,
1,1,946711067,829,26,34,12,0,4496,0,3.21,TRUE,,,,,,,,,
1,1,946711070,829,26,34,13,0,4496,0,3.21,TRUE,,,,,,,,,
1,1,946711073,828,26,34,13,0,4496,0,3.22,TRUE,,,,,,,,,
1,1,946711076,828,26,34,13,0,4496,0,3.08,TRUE,,,,,,,,,
1,1,946711079,827,26,34,14,0,4496,0,3.23,TRUE,,,,,,,,,
1,1,946711082,828,26,34,13,0,4496,0,3.22,TRUE,,,,,,,,,
1,1,946711085,828,26,34,13,0,4496,0,3.21,TRUE,,,,,,,,,
1,1,946711088,828,26,34,13,0,4496,0,3.23,TRUE,,,,,,,,,
1,1,946711091,827,26,34,13,0,4496,0,3.08,TRUE,,,,,,,,,
1,1,946711094,827,26,34,13,0,4496,0,3.23,TRUE,,,,,,,,,
1,1,946711097,826,26,34,13,0,4496,0,3.21,TRUE,,,,,,,,,
1,1,946711100,826,26,34,12,0,4496,0,3.22,TRUE,,,,,,,,,
1,1,946711103,825,26,34,13,0,4496,0,3.22,TRUE,,,,,,,,,
1,1,946711106,825,26,34,13,0,4496,0,3.09,TRUE,,,,,,,,,
1,1,946711109,825,26,34,13,0,4496,0,3.23,TRUE,,,,,,,,,
1,1,946711112,825,26,34,13,0,4496,0,3.23,TRUE,,,,,,,,,
1,1,946711115,825,26,34,13,0,4496,0,3.22,TRUE,,,,,,,,,
1,1,946711118,824,26,34,13,0,4496,0,3.23,TRUE,,,,,,,,,
1,1,946711121,823,26,34,13,0,4496,0,3.14,TRUE,,,,,,,,,
1,1,946711124,822,26,34,13,0,4496,0,3.23,TRUE,,,,,,,,,
1,1,946711127,821,26,34,13,0,4496,0,3.22,TRUE,,,,,,,,,
1,1,946711130,821,26,34,13,0,4496,0,3.22,TRUE,,,,,,,,,
1,1,946711133,821,26,34,13,0,4496,0,3.22,TRUE,,,,,,,,,
1,1,946711136,821,26,34,13,0,4496,0,3.22,TRUE,,,,,,,,,
1,1,946711139,820,26,34,13,0,4496,0,3.23,TRUE,,,,,,,,,
1,1,946711142,820,26,34,13,0,4496,0,3.21,TRUE,,,,,,,,,
1,1,946711145,820,26,34,13,0,4496,0,3.21,TRUE,,,,,,,,,
1,1,946711148,820,26,34,13,0,4496,0,3.23,TRUE,,,,,,,,,
1,1,946711151,820,26,34,13,0,4496,0,3.08,TRUE,,,,,,,,,
1,1,946711154,819,26,34,13,0,4496,0,3.22,TRUE,,,,,,,,,
1,1,946711157,819,26,34,13,0,4496,0,3.21,TRUE,,,,,,,,,
1,1,946711160,819,26,34,13,0,4496,0,3.21,TRUE,,,,,,,,,
1,1,946711163,819,26,34,13,0,4496,0,3.22,TRUE,,,,,,,,,
1,1,946711166,819,26,34,13,0,4496,0,3.09,TRUE,,,,,,,,,
1,1,946711169,817,26,34,14,0,4496,0,3.23,TRUE,,,,,,,,,
1,1,946711172,817,26,34,13,0,4496,0,3.23,TRUE,,,,,,,,,
1,1,946711175,816,26,34,13,0,4496,0,3.08,TRUE,,,,,,,,,
1,1,946711178,815,26,34,13,0,4496,0,3.22,TRUE,,,,,,,,,
1,1,946711181,815,26,34,13,0,4496,0,3.12,TRUE,,,,,,,,,
1,1,946711184,815,26,34,15,0,4496,0,3.23,TRUE,,,,,,,,,
1,1,946711187,814,26,34,13,0,4496,0,3.22,TRUE,,,,,,,,,
1,1,946711190,813,26,34,13,0,4496,0,3.21,TRUE,,,,,,,,,
1,1,946711193,813,26,34,13,0,4496,0,3.23,TRUE,,,,,,,,,
1,1,946711196,813,26,34,13,0,4496,0,3.16,TRUE,,,,,,,,,
1,1,946711199,812,26,34,13,0,4496,0,3.23,TRUE,,,,,,,,,
1,1,946711202,812,26,34,13,0,4496,0,3.23,TRUE,,,,,,,,,
1,1,946711205,812,26,34,13,0,4496,0,3.22,TRUE,,,,,,,,,
1,1,946711208,812,26,34,13,0,4496,0,3.23,TRUE,,,,,,,,,
1,1,946711211,812,26,34,13,0,4496,0,3.21,TRUE,,,,,,,,,
1,1,946711214,812,26,34,13,0,4496,0,3.23,TRUE,,,,,,,,,
1,1,946711217,811,26,34,12,0,4496,0,3.23,TRUE,,,,,,,,,
1,1,946711220,812,26,34,14,0,4496,0,3.21,TRUE,,,,,,,,,
1,1,946711223,813,26,34,13,0,4496,0,3.23,TRUE,,,,,,,,,
1,1,946711226,813,26,34,13,0,4496,0,3.22,TRUE,,,,,,,,,
1,1,946711229,812,26,34,13,0,4496,0,3.23,TRUE,,,,,,,,,
1,1,946711232,812,26,34,13,0,4496,0,3.22,TRUE,,,,,,,,,
1,1,946711235,812,26,34,13,0,4496,0,3.21,TRUE,,,,,,,,,
1,1,946711238,812,26,34,13,0,4496,0,3.22,TRUE,,,,,,,,,
1,1,946711241,812,26,34,13,0,4496,0,3.22,TRUE,,,,,,,,,
1,1,946711244,811,26,34,13,0,4496,0,3.22,TRUE,,,,,,,,,
1,1,946711247,811,26,34,13,0,4496,0,3.22,TRUE,,,,,,,,,
1,1,946711250,811,26,34,14,0,4496,0,3.08,TRUE,,,,,,,,,
1,1,946711253,812,26,34,14,0,4496,0,3.23,TRUE,,,,,,,,,
1,1,946711256,812,26,34,13,0,4496,0,3.21,TRUE,,,,,,,,,
1,1,946711259,812,26,34,12,0,4496,0,3.22,TRUE,,,,,,,,,
1,1,946711262,812,26,34,13,0,4496,0,3.23,TRUE,,,,,,,,,
1,1,946711265,813,26,34,13,0,4496,0,3.07,TRUE,,,,,,,,,
1,1,946711268,813,26,34,13,0,4496,0,3.23,TRUE,,,,,,,,,
1,1,946711271,813,26,34,13,0,4496,0,3.21,TRUE,,,,,,,,,
1,1,946711274,813,26,34,13,0,4496,0,3.22,TRUE,,,,,,,,,
1,1,946711277,814,26,34,13,0,4496,0,3.23,TRUE,,,,,,,,,
1,1,946711280,814,26,34,13,0,4496,0,3.08,TRUE,,,,,,,,,
1,1,946711283,815,26,34,13,0,4496,0,3.22,TRUE,,,,,,,,,
1,1,946711286,815,26,34,13,0,4496,0,3.22,TRUE,,,,,,,,,
1,1,946711289,815,26,34,13,0,4496,0,3.23,TRUE,,,,,,,,,
1,1,946711292,814,26,34,13,0,4496,0,3.23,TRUE,,,,,,,,,
1,1,946711295,814,26,34,13,0,4496,0,3.08,TRUE,,,,,,,,,
1,1,946711298,813,26,34,14,0,4496,0,3.22,TRUE,,,,,,,,,
1,1,946711301,812,26,34,13,0,4496,0,3.21,TRUE,,,,,,,,,
1,1,946711304,813,26,34,13,0,4496,0,3.23,TRUE,,,,,,,,,
1,1,946711307,813,26,34,13,0,4496,0,3.23,TRUE,,,,,,,,,
1,1,946711310,813,26,34,13,0,4496,0,3.08,TRUE,,,,,,,,,
1,1,946711313,813,26,34,13,0,4496,0,3.24,TRUE,,,,,,,,,
1,1,946711316,813,26,34,13,0,4496,0,3.22,TRUE,,,,,,,,,
1,1,946711319,813,26,34,13,0,4496,0,3.22,TRUE,,,,,,,,,
1,1,946711322,813,26,34,13,0,4496,0,3.22,TRUE,,,,,,,,,
1,1,946711325,812,26,34,13,0,4496,0,3.08,TRUE,,,,,,,,,
1,1,946711328,812,26,34,13,0,4496,0,3.22,TRUE,,,,,,,,,
1,1,946711331,813,26,34,13,0,4496,0,3.22,TRUE,,,,,,,,,
1,1,946711334,812,26,34,13,0,4496,0,3.21,TRUE,,,,,,,,,
1,1,946711337,812,26,34,13,0,4496,0,3.22,TRUE,,,,,,,,,
1,1,946711340,811,26,34,13,0,4496,0,3.07,TRUE,,,,,,,,,
1,1,946711343,811,26,34,13,0,4496,0,3.21,TRUE,,,,,,,,,
1,1,946711346,811,26,34,13,0,4496,0,3.21,TRUE,,,,,,,,,
1,1,946711349,812,26,34,13,0,4496,0,3.22,TRUE,,,,,,,,,
1,1,946711352,812,26,34,13,0,4496,0,3.23,TRUE,,,,,,,,,
1,1,946711355,813,26,34,13,0,4496,0,3.08,TRUE,,,,,,,,,
1,1,946711358,812,26,34,13,0,4496,0,3.22,TRUE,,,,,,,,,
1,1,946711361,811,26,34,14,0,4496,0,3.22,TRUE,,,,,,,,,
1,1,946711364,812,26,34,13,0,4496,0,3.23,TRUE,,,,,,,,,
1,1,946711367,812,26,34,13,0,4496,0,3.23,TRUE,,,,,,,,,
1,1,946711370,812,26,34,13,0,4496,0,3.08,TRUE,,,,,,,,,
1,1,946711373,811,26,34,13,0,4496,0,3.23,TRUE,,,,,,,,,
1,1,946711376,811,26,34,13,0,4496,0,3.21,TRUE,,,,,,,,,
1,1,946711379,811,26,34,13,0,4496,0,3.23,TRUE,,,,,,,,,
1,1,946711382,812,26,34,12,0,4496,0,3.22,TRUE,,,,,,,,,
1,1,946711385,812,26,34,13,0,4496,0,3.07,TRUE,,,,,,,,,
1,1,946711388,812,26,34,13,0,4496,0,3.22,TRUE,,,,,,,,,
1,1,946711391,811,26,34,13,0,4496,0,3.21,TRUE,,,,,,,,,
1,1,946711394,811,26,34,13,0,4496,0,3.22,TRUE,,,,,,,,,
1,1,946711397,811,26,34,13,0,4496,0,3.23,TRUE,,,,,,,,,
1,1,946711400,811,26,34,13,0,4496,0,3.08,TRUE,,,,,,,,,
1,1,946711403,812,26,34,13,0,4496,0,3.23,TRUE,,,,,,,,,
1,1,946711406,811,26,34,13,0,4496,0,3.21,TRUE,,,,,,,,,
1,1,946711409,810,26,34,13,0,4496,0,3.23,TRUE,,,,,,,,,
1,1,946711412,809,26,34,13,0,4496,0,3.23,TRUE,,,,,,,,,
1,1,946711415,810,26,34,13,0,4496,0,3.07,TRUE,,,,,,,,,
1,1,946711418,809,26,34,13,0,4496,0,3.22,TRUE,,,,,,,,,
1,1,946711421,809,26,34,13,0,4496,0,3.22,TRUE,,,,,,,,,
1,1,946711424,809,26,34,14,0,4496,0,3.23,TRUE,,,,,,,,,
1,1,946711427,809,26,34,13,0,4496,0,3.22,TRUE,,,,,,,,,
1,1,946711430,810,26,34,13,0,4496,0,3.08,TRUE,,,,,,,,,
1,1,946711433,810,26,34,13,0,4496,0,3.23,TRUE,,,,,,,,,
1,1,946711436,809,26,34,13,0,4496,0,3.22,TRUE,,,,,,,,,
1,1,946711439,809,26,34,14,0,4496,0,3.21,TRUE,,,,,,,,,
1,1,946711442,808,26,34,13,0,4496,0,3.22,TRUE,,,,,,,,,
1,1,946711445,808,26,34,13,0,4496,0,3.07,TRUE,,,,,,,,,
1,1,946711448,808,26,34,13,0,4496,0,3.22,TRUE,,,,,,,,,
1,1,946711451,808,26,34,13,0,4496,0,3.23,TRUE,,,,,,,,,
1,1,946711454,808,26,34,13,0,4496,0,3.22,TRUE,,,,,,,,,
1,1,946711457,807,26,34,13,0,4496,0,3.23,TRUE,,,,,,,,,
1,1,946711460,807,26,34,13,0,4496,0,3.07,TRUE,,,,,,,,,
1,1,946711463,807,26,34,13,0,4496,0,3.23,TRUE,,,,,,,,,
1,1,946711466,807,26,34,13,0,4496,0,3.21,TRUE,,,,,,,,,
1,1,946711469,806,26,34,13,0,4496,0,3.21,TRUE,,,,,,,,,
1,1,946711472,805,26,34,14,0,4496,0,3.23,TRUE,,,,,,,,,
1,1,946711475,805,26,34,13,0,4496,0,3.09,TRUE,,,,,,,,,
1,1,946711478,806,26,34,13,0,4496,0,3.22,TRUE,,,,,,,,,
1,1,946711481,805,26,34,13,0,4496,0,3.22,TRUE,,,,,,,,,
1,1,946711484,805,26,34,13,0,4496,0,3.21,TRUE,,,,,,,,,
1,1,946711487,805,26,34,13,0,4496,0,3.22,TRUE,,,,,,,,,
1,1,946711490,805,26,34,13,0,4496,0,3.07,TRUE,,,,,,,,,
1,1,946711493,805,26,34,13,0,4496,0,3.23,TRUE,,,,,,,,,
1,1,946711496,805,26,34,14,0,4496,0,3.21,TRUE,,,,,,,,,
1,1,946711499,805,26,34,13,0,4496,0,3.21,TRUE,,,,,,,,,
1,1,946711502,804,26,34,13,0,4496,0,3.24,TRUE,,,,,,,,,
1,1,946711505,804,26,34,13,0,4496,0,3.07,TRUE,,,,,,,,,
1,1,946711508,803,26,34,13,0,4496,0,3.23,TRUE,,,,,,,,,
1,1,946711511,803,26,34,13,0,4496,0,3.21,TRUE,,,,,,,,,
1,1,946711514,804,26,34,13,0,4496,0,3.21,TRUE,,,,,,,,,
1,1,946711517,803,26,34,13,0,4496,0,3.23,TRUE,,,,,,,,,
1,1,946711520,803,26,34,13,0,4496,0,3.08,TRUE,,,,,,,,,
1,1,946711523,803,26,34,13,0,4496,0,3.23,TRUE,,,,,,,,,
1,1,946711526,803,26,34,13,0,4496,0,3.21,TRUE,,,,,,,,,
1,1,946711529,803,26,34,13,0,4496,0,3.22,TRUE,,,,,,,,,
1,1,946711532,802,26,34,13,0,4496,0,3.23,TRUE,,,,,,,,,
1,1,946711535,802,26,34,13,0,4496,0,3.07,TRUE,,,,,,,,,
1,1,946711538,801,26,34,13,0,4496,0,3.23,TRUE,,,,,,,,,
1,1,946711541,800,26,34,13,0,4496,0,3.23,TRUE,,,,,,,,,
1,1,946711544,801,26,34,13,0,4496,0,3.21,TRUE,,,,,,,,,
1,1,946711547,800,26,34,13,0,4496,0,3.23,TRUE,,,,,,,,,
1,1,946711550,801,26,34,13,0,4496,0,3.07,TRUE,,,,,,,,,
1,1,946711553,801,26,34,13,0,4496,0,3.23,TRUE,,,,,,,,,
1,1,946711556,801,26,34,13,0,4496,0,3.21,TRUE,,,,,,,,,
1,1,946711559,801,26,34,13,0,4496,0,3.21,TRUE,,,,,,,,,
1,1,946711562,800,26,34,13,0,4496,0,3.22,TRUE,,,,,,,,,
1,1,946711565,800,26,34,13,0,4496,0,3.08,TRUE,,,,,,,,,
1,1,946711568,800,26,34,13,0,4496,0,3.22,TRUE,,,,,,,,,
1,1,946711571,800,26,34,13,0,4496,0,3.21,TRUE,,,,,,,,,
1,1,946711574,800,26,34,13,0,4496,0,3.22,TRUE,,,,,,,,,
1,1,946711577,801,26,34,13,0,4496,0,3.22,TRUE,,,,,,,,,
1,1,946711580,800,26,34,13,0,4496,0,3.09,TRUE,,,,,,,,,
1,1,946711583,801,26,34,13,0,4496,0,3.21,TRUE,,,,,,,,,
1,1,946711586,802,26,34,13,0,4496,0,3.21,TRUE,,,,,,,,,
1,1,946711589,802,26,34,13,0,4496,0,3.21,TRUE,,,,,,,,,
1,1,946711592,802,26,34,13,0,4496,0,3.23,TRUE,,,,,,,,,
1,1,946711595,802,26,34,13,0,4496,0,3.07,TRUE,,,,,,,,,
1,1,946711598,802,26,34,13,0,4496,0,3.23,TRUE,,,,,,,,,
1,1,946711601,802,26,34,13,0,4496,0,3.22,TRUE,,,,,,,,,
1,1,946711604,802,26,34,13,0,4496,0,3.21,TRUE,,,,,,,,,
1,1,946711607,802,26,34,13,0,4496,0,3.23,TRUE,,,,,,,,,
1,1,946711610,802,26,34,13,0,4496,0,3.06,TRUE,,,,,,,,,
1,1,946711613,801,26,34,13,0,4496,0,3.22,TRUE,,,,,,,,,
1,1,946711616,802,26,34,14,0,4496,0,3.22,TRUE,,,,,,,,,
1,1,946711619,802,26,34,13,0,4496,0,3.21,TRUE,,,,,,,,,
1,1,946711622,803,26,34,13,0,4496,0,3.22,TRUE,,,,,,,,,
1,1,946711625,803,26,34,13,0,4496,0,3.08,TRUE,,,,,,,,,
1,1,946711628,802,26,34,13,0,4496,0,3.23,TRUE,,,,,,,,,
1,1,946711631,802,26,34,13,0,4496,0,3.21,TRUE,,,,,,,,,
1,1,946711634,802,26,34,13,0,4496,0,3.22,TRUE,,,,,,,,,
1,1,946711637,802,26,34,13,0,4496,0,3.22,TRUE,,,,,,,,,
1,1,946711640,801,26,34,13,0,4496,0,3.08,TRUE,,,,,,,,,
1,1,946711643,801,26,34,13,0,4496,0,3.23,TRUE,,,,,,,,,
1,1,946711646,800,26,34,13,0,4496,0,3.21,TRUE,,,,,,,,,
1,1,946711649,801,26,34,13,0,4496,0,3.22,TRUE,,,,,,,,,
1,1,946711652,800,26,34,13,0,4496,0,3.22,TRUE,,,,,,,,,
1,1,946711655,799,26,34,14,0,4496,0,3.08,TRUE,,,,,,,,,
1,1,946711658,799,26,34,13,0,4496,0,3.22,TRUE,,,,,,,,,
1,1,946711661,799,26,34,13,0,4496,0,3.23,TRUE,,,,,,,,,
1,1,946711664,799,26,34,14,0,4496,0,3.21,TRUE,,,,,,,,,
1,1,946711667,800,26,34,13,0,4496,0,3.23,TRUE,,,,,,,,,
1,1,946711670,799,26,34,13,0,4496,0,3.09,TRUE,,,,,,,,,
1,1,946711673,799,26,34,13,0,4496,0,3.23,TRUE,,,,,,,,,
1,1,946711676,798,26,34,14,0,4496,0,3.22,TRUE,,,,,,,,,
1,1,946711679,798,26,34,13,0,4496,0,3.22,TRUE,,,,,,,,,
1,1,946711682,799,26,34,13,0,4496,0,3.23,TRUE,,,,,,,,,
1,1,946711685,799,26,34,13,0,4496,0,3.11,TRUE,,,,,,,,,
1,1,946711688,798,26,34,13,0,4496,0,3.22,TRUE,,,,,,,,,
1,1,946711691,799,26,34,13,0,4496,0,3.23,TRUE,,,,,,,,,
1,1,946711694,799,26,34,13,0,4496,0,3.21,TRUE,,,,,,,,,
1,1,946711697,797,26,34,13,0,4496,0,3.23,TRUE,,,,,,,,,
1,1,946711700,797,26,34,13,0,4496,0,3.15,TRUE,,,,,,,,,
1,1,946711703,798,26,34,12,0,4496,0,3.23,TRUE,,,,,,,,,
1,1,946711706,797,26,34,13,0,4496,0,3.23,TRUE,,,,,,,,,
1,1,946711709,797,26,34,13,0,4496,0,3.22,TRUE,,,,,,,,,
1,1,946711712,797,26,34,12,0,4496,0,3.23,TRUE,,,,,,,,,
1,1,946711715,798,26,34,13,0,4496,0,3.22,TRUE,,,,,,,,,
1,1,946711718,797,26,34,13,0,4496,0,3.23,TRUE,,,,,,,,,
1,1,946711721,798,26,34,13,0,4496,0,3.23,TRUE,,,,,,,,,
1,1,946711724,798,26,34,13,0,4496,0,3.22,TRUE,,,,,,,,,
1,1,946711727,799,26,34,13,0,4496,0,3.22,TRUE,,,,,,,,,
1,1,946711730,799,26,34,13,0,4496,0,3.22,TRUE,,,,,,,,,
1,1,946711733,800,26,34,13,0,4496,0,3.23,TRUE,,,,,,,,,
1,1,946711736,800,26,34,13,0,4496,0,3.23,TRUE,,,,,,,,,
1,1,946711739,800,26,34,13,0,4496,0,3.22,TRUE,,,,,,,,,
1,1,946711742,800,26,34,13,0,4496,0,3.22,TRUE,,,,,,,,,
1,1,946711745,800,26,34,13,0,4496,0,3.22,TRUE,,,,,,,,,
1,1,946711748,800,26,34,13,0,4496,0,3.23,TRUE,,,,,,,,,
1,1,946711751,800,26,34,13,0,4496,0,3.23,TRUE,,,,,,,,,
1,1,946711754,800,26,34,13,0,4496,0,3.22,TRUE,,,,,,,,,
1,1,946711757,800,26,34,13,0,4496,0,3.23,TRUE,,,,,,,,,
1,1,946711760,800,26,34,14,0,4496,0,3.22,TRUE,,,,,,,,,
1,1,946711763,800,26,34,13,0,4496,0,3.24,TRUE,,,,,,,,,
1,1,946711766,801,26,34,13,0,4496,0,3.23,TRUE,,,,,,,,,
1,1,946711769,800,26,34,13,0,4496,0,3.08,TRUE,,,,,,,,,
1,1,946711772,800,26,34,13,0,4496,0,3.23,TRUE,,,,,,,,,
1,1,946711775,801,26,34,13,0,4496,0,3.22,TRUE,,,,,,,,,
1,1,946711778,802,26,34,13,0,4496,0,3.23,TRUE,,,,,,,,,
1,1,946711781,802,26,34,13,0,4496,0,3.22,TRUE,,,,,,,,,
1,1,946711784,803,26,34,13,0,4496,0,3.07,TRUE,,,,,,,,,
1,1,946711787,804,26,34,13,0,4496,0,3.23,TRUE,,,,,,,,,
1,1,946711790,804,26,34,13,0,4496,0,3.22,TRUE,,,,,,,,,
1,1,946711793,804,26,34,13,0,4496,0,3.23,TRUE,,,,,,,,,
1,1,946711796,804,26,34,13,0,4496,0,3.22,TRUE,,,,,,,,,
1,1,946711799,806,26,34,13,0,4496,0,3.08,TRUE,,,,,,,,,
1,1,946711802,807,26,34,13,0,4496,0,3.23,TRUE,,,,,,,,,
1,1,946711805,807,26,34,13,0,4496,0,3.21,TRUE,,,,,,,,,
1,1,946711808,809,26,34,13,0,4496,0,3.23,TRUE,,,,,,,,,
1,1,946711811,810,26,34,13,0,4496,0,3.21,TRUE,,,,,,,,,
1,1,946711814,811,26,34,13,0,4496,0,3.08,TRUE,,,,,,,,,
1,1,946711817,811,26,34,13,0,4496,0,3.23,TRUE,,,,,,,,,
1,1,946711820,813,26,34,13,0,4496,0,3.22,TRUE,,,,,,,,,
1,1,946711823,813,26,34,13,0,4496,0,3.24,TRUE,,,,,,,,,
1,1,946711826,813,26,34,13,0,4496,0,3.22,TRUE,,,,,,,,,
1,1,946711829,814,26,34,13,0,4496,0,3.22,TRUE,,,,,,,,,
1,1,946711832,816,26,34,13,0,4496,0,3.23,TRUE,,,,,,,,,
1,1,946711835,817,26,34,13,0,4496,0,3.21,TRUE,,,,,,,,,
1,1,946711838,818,26,34,13,0,4496,0,3.23,TRUE,,,,,,,,,
1,1,946711841,820,26,34,13,0,4496,0,3.23,TRUE,,,,,,,,,
1,1,946711844,820,26,34,13,0,4496,0,3.21,TRUE,,,,,,,,,
1,1,946711847,822,26,34,13,0,4496,0,3.22,TRUE,,,,,,,,,
1,1,946711850,822,26,34,13,0,4496,0,3.21,TRUE,,,,,,,,,
1,1,946711853,822,26,34,13,0,4496,0,3.22,TRUE,,,,,,,,,
1,1,946711856,823,26,34,13,0,4496,0,3.2,TRUE,,,,,,,,,
1,1,946711859,824,26,34,13,0,4496,0,3.07,TRUE,,,,,,,,,
1,1,946711862,824,26,34,14,0,4496,0,3.22,TRUE,,,,,,,,,
1,1,946711865,825,26,34,13,0,4496,0,3.22,TRUE,,,,,,,,,
1,1,946711868,825,26,34,13,0,4496,0,3.23,TRUE,,,,,,,,,
1,1,946711871,824,26,34,13,0,4496,0,3.22,TRUE,,,,,,,,,
1,1,946711874,824,26,34,13,0,4496,0,3.08,TRUE,,,,,,,,,
1,1,946711877,825,26,34,13,0,4496,0,3.23,TRUE,,,,,,,,,
1,1,946711880,825,26,34,13,0,4496,0,3.22,TRUE,,,,,,,,,
1,1,946711883,825,26,34,13,0,4496,0,3.22,TRUE,,,,,,,,,
1,1,946711886,825,26,34,12,0,4496,0,3.23,TRUE,,,,,,,,,
1,1,946711889,824,26,34,13,0,4496,0,3.09,TRUE,,,,,,,,,
1,1,946711892,825,26,34,13,0,4496,0,3.23,TRUE,,,,,,,,,
1,1,946711895,825,26,34,13,0,4496,0,3.22,TRUE,,,,,,,,,
1,1,946711898,824,26,34,13,0,4496,0,3.23,TRUE,,,,,,,,,
1,1,946711901,824,26,34,13,0,4496,0,3.23,TRUE,,,,,,,,,
1,1,946711904,824,26,34,13,0,4496,0,3.08,TRUE,,,,,,,,,
1,1,946711907,824,26,34,13,0,4496,0,3.22,TRUE,,,,,,,,,
1,1,946711910,824,26,34,14,0,4496,0,3.22,TRUE,,,,,,,,,
1,1,946711913,824,26,34,13,0,4496,0,3.23,TRUE,,,,,,,,,
1,1,946711916,824,26,34,13,0,4496,0,3.22,TRUE,,,,,,,,,
1,1,946711919,825,26,34,13,0,4496,0,3.08,TRUE,,,,,,,,,
1,1,946711922,826,26,34,13,0,4496,0,3.22,TRUE,,,,,,,,,
1,1,946711925,827,26,34,12,0,4496,0,3.22,TRUE,,,,,,,,,
1,1,946711928,827,26,34,13,0,4496,0,3.22,TRUE,,,,,,,,,
1,1,946711931,827,26,34,13,0,4496,0,3.23,TRUE,,,,,,,,,
1,1,946711934,826,26,34,13,0,4496,0,3.07,TRUE,,,,,,,,,
1,1,946711937,827,26,34,13,0,4496,0,3.23,TRUE,,,,,,,,,
1,1,946711940,828,26,34,13,0,4496,0,3.21,TRUE,,,,,,,,,
1,1,946711943,828,26,34,13,0,4496,0,3.22,TRUE,,,,,,,,,
1,1,946711946,825,26,34,13,0,4496,0,3.22,TRUE,,,,,,,,,
1,1,946711949,824,26,34,13,0,4496,0,3.07,TRUE,,,,,,,,,
1,1,946711952,826,26,34,13,0,4496,0,3.23,TRUE,,,,,,,,,
1,1,946711955,825,26,34,13,0,4496,0,3.21,TRUE,,,,,,,,,
1,1,946711958,825,26,34,13,0,4496,0,3.23,TRUE,,,,,,,,,
1,1,946711961,827,26,34,13,0,4496,0,3.22,TRUE,,,,,,,,,
1,1,946711964,827,26,34,13,0,4496,0,3.08,TRUE,,,,,,,,,
1,1,946711967,826,26,34,13,0,4496,0,3.23,TRUE,,,,,,,,,
1,1,946711970,827,26,34,13,0,4496,0,3.22,TRUE,,,,,,,,,
1,1,946711973,827,26,34,13,0,4496,0,3.22,TRUE,,,,,,,,,
1,1,946711976,826,26,35,13,0,4496,0,3.22,TRUE,,,,,,,,,
1,1,946711979,825,26,34,13,0,4496,0,3.07,TRUE,,,,,,,,,
1,1,946711982,825,26,35,13,0,4496,0,3.22,TRUE,,,,,,,,,
1,1,946711985,824,26,35,12,0,4496,0,3.22,TRUE,,,,,,,,,
1,1,946711988,824,26,35,13,0,4496,0,3.22,TRUE,,,,,,,,,
1,1,946711991,825,26,35,13,0,4496,0,3.23,TRUE,,,,,,,,,
1,1,946711994,825,26,35,13,0,4496,0,3.07,TRUE,,,,,,,,,
1,1,946711997,826,26,35,13,0,4496,0,3.23,TRUE,,,,,,,,,
1,1,946712000,827,26,35,13,0,4496,0,3.22,TRUE,,,,,,,,,
1,1,946712003,827,26,35,13,0,4496,0,3.21,TRUE,,,,,,,,,
1,1,946712006,827,26,35,13,0,4496,0,3.23,TRUE,,,,,,,,,
1,1,946712009,827,26,35,13,0,4496,0,3.1,TRUE,,,,,,,,,
1,1,946712012,827,26,35,13,0,4496,0,3.22,TRUE,,,,,,,,,
1,1,946712015,828,25,35,13,0,4496,0,3.21,TRUE,,,,,,,,,
1,1,946712018,827,25,35,12,0,4496,0,3.22,TRUE,,,,,,,,,
1,1,946712021,827,25,35,13,0,4496,0,3.23,TRUE,,,,,,,,,
1,1,946712024,827,25,35,13,0,4496,0,3.07,TRUE,,,,,,,,,
1,1,946712027,828,25,35,13,0,4496,0,3.23,TRUE,,,,,,,,,
1,1,946712030,828,25,35,13,0,4496,0,3.21,TRUE,,,,,,,,,
1,1,946712033,828,25,35,13,0,4496,0,3.23,TRUE,,,,,,,,,
1,1,946712036,827,25,35,13,0,4496,0,3.23,TRUE,,,,,,,,,
1,1,946712039,828,25,35,13,0,4496,0,3.07,TRUE,,,,,,,,,
1,1,946712042,827,25,35,13,0,4496,0,3.23,TRUE,,,,,,,,,
1,1,946712045,828,25,35,13,0,4496,0,3.22,TRUE,,,,,,,,,
1,1,946712048,828,25,35,13,0,4496,0,3.21,TRUE,,,,,,,,,
1,1,946712051,828,25,35,13,0,4496,0,3.22,TRUE,,,,,,,,,
1,1,946712054,829,25,35,13,0,4496,0,3.08,TRUE,,,,,,,,,
1,1,946712057,827,25,35,14,0,4496,0,3.22,TRUE,,,,,,,,,
1,1,946712060,827,25,35,14,0,4496,0,3.21,TRUE,,,,,,,,,
1,1,946712063,827,25,35,14,0,4496,0,3.22,TRUE,,,,,,,,,
1,1,946712066,827,25,35,13,0,4496,0,3.23,TRUE,,,,,,,,,
1,1,946712069,826,25,35,13,0,4496,0,3.06,TRUE,,,,,,,,,
1,1,946712072,827,25,35,13,0,4496,0,3.23,TRUE,,,,,,,,,
1,1,946712075,827,25,35,13,0,4496,0,3.22,TRUE,,,,,,,,,
1,1,946712078,828,25,35,13,0,4496,0,3.22,TRUE,,,,,,,,,
1,1,946712081,828,25,35,13,0,4496,0,3.23,TRUE,,,,,,,,,
1,1,946712084,827,25,35,13,0,4496,0,3.07,TRUE,,,,,,,,,
1,1,946712087,827,25,35,12,0,4496,0,3.23,TRUE,,,,,,,,,
1,1,946712090,826,25,35,13,0,4496,0,3.22,TRUE,,,,,,,,,
1,1,946712093,826,25,35,13,0,4496,0,3.22,TRUE,,,,,,,,,
1,1,946712096,827,25,35,13,0,4496,0,3.23,TRUE,,,,,,,,,
1,1,946712099,827,25,35,13,0,4496,0,3.07,TRUE,,,,,,,,,
1,1,946712102,826,25,35,13,0,4496,0,3.22,TRUE,,,,,,,,,
1,1,946712105,827,25,35,13,0,4496,0,3.22,TRUE,,,,,,,,,
1,1,946712108,827,25,35,13,0,4496,0,3.21,TRUE,,,,,,,,,
1,1,946712111,828,25,35,13,0,4496,0,3.23,TRUE,,,,,,,,,
1,1,946712114,828,25,35,13,0,4496,0,3.07,TRUE,,,,,,,,,
1,1,946712117,828,25,35,13,0,4496,0,3.23,TRUE,,,,,,,,,
1,1,946712120,828,25,35,13,0,4496,0,3.21,TRUE,,,,,,,,,
1,1,946712123,828,25,35,13,0,4496,0,3.21,TRUE,,,,,,,,,
1,1,946712126,829,25,35,13,0,4496,0,3.21,TRUE,,,,,,,,,
1,1,946712129,828,25,35,13,0,4496,0,3.07,TRUE,,,,,,,,,
1,1,946712132,828,25,35,13,0,4496,0,3.23,TRUE,,,,,,,,,
1,1,946712135,829,25,35,13,0,4496,0,3.2,TRUE,,,,,,,,,
1,1,946712138,829,25,35,13,0,4496,0,3.22,TRUE,,,,,,,,,
1,1,946712141,829,25,35,13,0,4496,0,3.23,TRUE,,,,,,,,,
1,1,946712144,829,25,35,13,0,4496,0,3.07,TRUE,,,,,,,,,
1,1,946712147,829,25,35,13,0,4496,0,3.23,TRUE,,,,,,,,,
1,1,946712150,829,25,35,13,0,4496,0,3.22,TRUE,,,,,,,,,
1,1,946712153,829,25,35,13,0,4496,0,3.21,TRUE,,,,,,,,,
1,1,946712156,829,25,35,13,0,4496,0,3.22,TRUE,,,,,,,,,
1,1,946712159,830,25,35,12,0,4496,0,3.08,TRUE,,,,,,,,,
1,1,946712162,830,25,35,13,0,4496,0,3.22,TRUE,,,,,,,,,
1,1,946712165,830,25,35,13,0,4496,0,3.21,TRUE,,,,,,,,,
1,1,946712168,829,25,35,13,0,4496,0,3.22,TRUE,,,,,,,,,
1,1,946712171,827,25,35,13,0,4496,0,3.23,TRUE,,,,,,,,,
1,1,946712174,827,25,35,13,0,4496,0,3.09,TRUE,,,,,,,,,
1,1,946712177,826,25,35,13,0,4496,0,3.23,TRUE,,,,,,,,,
1,1,946712180,827,25,35,13,0,4496,0,3.22,TRUE,,,,,,,,,
1,1,946712183,827,25,35,13,0,4496,0,3.22,TRUE,,,,,,,,,
1,1,946712186,827,25,35,13,0,4496,0,3.22,TRUE,,,,,,,,,
1,1,946712189,827,25,35,13,0,4496,0,3.09,TRUE,,,,,,,,,
1,1,946712192,826,25,35,13,0,4496,0,3.23,TRUE,,,,,,,,,
1,1,946712195,826,25,35,13,0,4496,0,3.22,TRUE,,,,,,,,,
1,1,946712198,826,25,35,13,0,4496,0,3.22,TRUE,,,,,,,,,
1,1,946712201,826,25,36,13,0,4496,0,3.23,TRUE,,,,,,,,,
1,1,946712204,826,25,36,13,0,4496,0,3.1,TRUE,,,,,,,,,
1,1,946712207,825,25,36,12,0,4496,0,3.22,TRUE,,,,,,,,,
1,1,946712210,825,25,36,13,0,4496,0,3.22,TRUE,,,,,,,,,
1,1,946712213,825,25,36,13,0,4496,0,3.21,TRUE,,,,,,,,,
1,1,946712216,825,25,36,13,0,4496,0,3.22,TRUE,,,,,,,,,
1,1,946712219,825,25,36,13,0,4496,0,3.1,TRUE,,,,,,,,,
1,1,946712222,825,25,36,13,0,4496,0,3.22,TRUE,,,,,,,,,
1,1,946712225,826,25,36,14,0,4496,0,3.23,TRUE,,,,,,,,,
1,1,946712228,826,25,36,13,0,4496,0,3.21,TRUE,,,,,,,,,
1,1,946712231,828,25,36,13,0,4496,0,3.22,TRUE,,,,,,,,,
1,1,946712234,828,25,36,13,0,4496,0,3.13,TRUE,,,,,,,,,
1,1,946712237,829,25,36,13,0,4496,0,3.23,TRUE,,,,,,,,,
1,1,946712240,829,25,36,13,0,4496,0,3.22,TRUE,,,,,,,,,
1,1,946712243,828,25,36,13,0,4496,0,3.22,TRUE,,,,,,,,,
1,1,946712246,829,25,36,13,0,4496,0,3.24,TRUE,,,,,,,,,
1,1,946712249,829,25,36,13,0,4496,0,3.19,TRUE,,,,,,,,,
1,1,946712252,830,25,36,13,0,4496,0,3.23,TRUE,,,,,,,,,
1,1,946712255,830,25,36,13,0,4496,0,3.23,TRUE,,,,,,,,,
1,1,946712258,831,25,36,14,0,4496,0,3.22,TRUE,,,,,,,,,
1,1,946712261,830,25,36,14,0,4496,0,3.23,TRUE,,,,,,,,,
1,1,946712264,831,25,36,13,0,4496,0,3.2,TRUE,,,,,,,,,
1,1,946712267,830,25,36,13,0,4496,0,3.22,TRUE,,,,,,,,,
1,1,946712270,831,25,36,13,0,4496,0,3.23,TRUE,,,,,,,,,
1,1,946712273,832,25,36,13,0,4496,0,3.22,TRUE,,,,,,,,,
1,1,946712276,833,25,36,13,0,4496,0,3.23,TRUE,,,,,,,,,
1,1,946712279,834,25,36,13,0,4496,0,3.21,TRUE,,,,,,,,,
1,1,946712282,836,25,36,13,0,4496,0,3.23,TRUE,,,,,,,,,
1,1,946712285,836,25,36,13,0,4496,0,3.23,TRUE,,,,,,,,,
1,1,946712288,837,25,36,13,0,4496,0,3.08,TRUE,,,,,,,,,
1,1,946712291,839,25,36,14,0,4496,0,3.22,TRUE,,,,,,,,,
1,1,946712294,839,25,36,13,0,4496,0,3.21,TRUE,,,,,,,,,
1,1,946712297,839,25,36,13,0,4496,0,3.22,TRUE,,,,,,,,,
1,1,946712300,839,25,36,13,0,4496,0,3.22,TRUE,,,,,,,,,
1,1,946712303,839,25,36,14,0,4496,0,3.08,TRUE,,,,,,,,,
1,1,946712306,839,25,36,13,0,4496,0,3.22,TRUE,,,,,,,,,
1,1,946712309,839,25,36,13,0,4496,0,3.22,TRUE,,,,,,,,,
1,1,946712312,839,25,36,14,0,4496,0,3.23,TRUE,,,,,,,,,
1,1,946712315,839,25,36,13,0,4496,0,3.22,TRUE,,,,,,,,,
1,1,946712318,839,25,36,12,0,4496,0,3.08,TRUE,,,,,,,,,
1,1,946712321,837,25,36,13,0,4496,0,3.23,TRUE,,,,,,,,,
1,1,946712324,838,25,36,13,0,4496,0,3.22,TRUE,,,,,,,,,
1,1,946712327,838,25,36,14,0,4496,0,3.23,TRUE,,,,,,,,,
1,1,946712330,838,25,36,13,0,4496,0,3.23,TRUE,,,,,,,,,
1,1,946712333,838,25,36,13,0,4496,0,3.08,TRUE,,,,,,,,,
1,1,946712336,839,25,36,13,0,4496,0,3.22,TRUE,,,,,,,,,
1,1,946712339,839,25,36,13,0,4496,0,3.21,TRUE,,,,,,,,,
1,1,946712342,839,25,36,13,0,4496,0,3.23,TRUE,,,,,,,,,
1,1,946712345,839,25,36,13,0,4496,0,3.23,TRUE,,,,,,,,,
1,1,946712348,839,25,36,13,0,4496,0,3.08,TRUE,,,,,,,,,
1,1,946712351,839,25,36,12,0,4496,0,3.22,TRUE,,,,,,,,,
1,1,946712354,839,25,36,13,0,4496,0,3.21,TRUE,,,,,,,,,
1,1,946712357,839,25,36,13,0,4496,0,3.23,TRUE,,,,,,,,,
1,1,946712360,839,25,36,13,0,4496,0,3.24,TRUE,,,,,,,,,
1,1,946712363,840,25,36,13,0,4496,0,3.08,TRUE,,,,,,,,,
1,1,946712366,839,25,36,13,0,4496,0,3.23,TRUE,,,,,,,,,
1,1,946712369,839,25,36,13,0,4496,0,3.21,TRUE,,,,,,,,,
1,1,946712372,839,25,36,13,0,4496,0,3.23,TRUE,,,,,,,,,
1,1,946712375,840,25,36,13,0,4496,0,3.23,TRUE,,,,,,,,,
1,1,946712378,840,25,36,13,0,4496,0,3.07,TRUE,,,,,,,,,
1,1,946712381,840,25,36,13,0,4496,0,3.23,TRUE,,,,,,,,,
1,1,946712384,839,25,36,13,0,4496,0,3.22,TRUE,,,,,,,,,
1,1,946712387,838,25,36,13,0,4496,0,3.23,TRUE,,,,,,,,,
1,1,946712390,838,25,36,12,0,4496,0,3.23,TRUE,,,,,,,,,
1,1,946712393,838,25,36,14,0,4496,0,3.08,TRUE,,,,,,,,,
1,1,946712396,836,25,36,13,0,4496,0,3.22,TRUE,,,,,,,,,
1,1,946712399,835,25,36,13,0,4496,0,3.22,TRUE,,,,,,,,,
1,1,946712402,834,25,36,13,0,4496,0,3.23,TRUE,,,,,,,,,
1,1,946712405,834,25,36,13,0,4496,0,3.23,TRUE,,,,,,,,,
1,1,946712408,833,25,36,13,0,4496,0,3.08,TRUE,,,,,,,,,
1,1,946712411,833,25,36,13,0,4496,0,3.23,TRUE,,,,,,,,,
1,1,946712414,833,25,36,15,0,4496,0,3.22,TRUE,,,,,,,,,
1,1,946712417,833,25,36,13,0,4496,0,3.21,TRUE,,,,,,,,,
1,1,946712420,833,25,36,12,0,4496,0,3.23,TRUE,,,,,,,,,
1,1,946712423,833,25,36,13,0,4496,0,3.07,TRUE,,,,,,,,,
1,1,946712426,832,25,36,13,0,4496,0,3.23,TRUE,,,,,,,,,
1,1,946712429,833,25,36,14,0,4496,0,3.21,TRUE,,,,,,,,,
1,1,946712432,832,25,36,13,0,4496,0,3.21,TRUE,,,,,,,,,
1,1,946712435,832,25,36,13,0,4496,0,3.23,TRUE,,,,,,,,,
1,1,946712438,832,25,36,13,0,4496,0,3.08,TRUE,,,,,,,,,
1,1,946712441,832,25,36,13,0,4496,0,3.24,TRUE,,,,,,,,,
1,1,946712444,832,25,36,13,0,4496,0,3.21,TRUE,,,,,,,,,
1,1,946712447,832,25,36,13,0,4496,0,3.21,TRUE,,,,,,,,,
1,1,946712450,833,25,36,13,0,4496,0,3.22,TRUE,,,,,,,,,
1,1,946712453,833,25,36,13,0,4496,0,3.07,TRUE,,,,,,,,,
1,1,946712456,832,25,36,13,0,4496,0,3.23,TRUE,,,,,,,,,
1,1,946712459,832,25,36,13,0,4496,0,3.22,TRUE,,,,,,,,,
1,1,946712462,832,25,36,13,0,4496,0,3.21,TRUE,,,,,,,,,
1,1,946712465,833,25,36,13,0,4496,0,3.23,TRUE,,,,,,,,,
1,1,946712468,833,25,36,13,0,4496,0,3.08,TRUE,,,,,,,,,
1,1,946712471,833,25,36,13,0,4496,0,3.23,TRUE,,,,,,,,,
1,1,946712474,833,25,36,13,0,4496,0,3.22,TRUE,,,,,,,,,
1,1,946712477,835,25,36,13,0,4496,0,3.22,TRUE,,,,,,,,,
1,1,946712480,836,25,36,13,0,4496,0,3.23,TRUE,,,,,,,,,
1,1,946712483,835,25,36,13,0,4496,0,3.07,TRUE,,,,,,,,,
1,1,946712486,836,25,36,13,0,4496,0,3.23,TRUE,,,,,,,,,
1,1,946712489,837,25,36,13,0,4496,0,3.22,TRUE,,,,,,,,,
1,1,946712492,837,25,36,13,0,4496,0,3.22,TRUE,,,,,,,,,
1,1,946712495,838,25,36,13,0,4496,0,3.22,TRUE,,,,,,,,,
1,1,946712498,837,25,36,13,0,4496,0,3.09,TRUE,,,,,,,,,
1,1,946712501,838,25,36,13,0,4496,0,3.23,TRUE,,,,,,,,,
1,1,946712504,837,25,36,13,0,4496,0,3.21,TRUE,,,,,,,,,
1,1,946712507,837,25,36,13,0,4496,0,3.22,TRUE,,,,,,,,,
1,1,946712510,840,25,36,13,0,4496,0,3.23,TRUE,,,,,,,,,
1,1,946712513,841,25,36,13,0,4496,0,3.1,TRUE,,,,,,,,,
1,1,946712516,839,25,36,13,0,4496,0,3.23,TRUE,,,,,,,,,
1,1,946712519,838,25,36,14,0,4496,0,3.21,TRUE,,,,,,,,,
1,1,946712522,838,25,36,13,0,4496,0,3.22,TRUE,,,,,,,,,
1,1,946712525,836,25,36,13,0,4496,0,3.22,TRUE,,,,,,,,,
1,1,946712528,835,25,36,13,0,4496,0,3.1,TRUE,,,,,,,,,
1,1,946712531,834,25,36,13,0,4496,0,3.22,TRUE,,,,,,,,,
1,1,946712534,833,25,36,13,0,4496,0,3.23,TRUE,,,,,,,,,
1,1,946712537,833,25,36,12,0,4496,0,3.21,TRUE,,,,,,,,,
1,1,946712540,832,25,36,13,0,4496,0,3.23,TRUE,,,,,,,,,
1,1,946712543,833,25,36,13,0,4496,0,3.17,TRUE,,,,,,,,,
1,1,946712546,834,25,36,13,0,4496,0,3.22,TRUE,,,,,,,,,
1,1,946712549,835,25,36,13,0,4496,0,3.22,TRUE,,,,,,,,,
1,1,946712552,834,25,36,13,0,4496,0,3.21,TRUE,,,,,,,,,
1,1,946712555,836,25,36,13,0,4496,0,3.24,TRUE,,,,,,,,,
1,1,946712558,837,25,36,14,0,4496,0,3.21,TRUE,,,,,,,,,
1,1,946712561,837,25,36,13,0,4496,0,3.23,TRUE,,,,,,,,,
1,1,946712564,838,25,36,13,0,4496,0,3.22,TRUE,,,,,,,,,
1,1,946712567,837,25,36,13,0,4496,0,3.21,TRUE,,,,,,,,,
1,1,946712570,836,25,36,13,0,4496,0,3.23,TRUE,,,,,,,,,
1,1,946712573,835,25,36,13,0,4496,0,3.21,TRUE,,,,,,,,,
1,1,946712576,834,25,36,14,0,4496,0,3.23,TRUE,,,,,,,,,
1,1,946712579,834,25,36,13,0,4496,0,3.22,TRUE,,,,,,,,,
1,1,946712582,834,25,36,13,0,4496,0,3.08,TRUE,,,,,,,,,
1,1,946712585,836,25,36,13,0,4496,0,3.23,TRUE,,,,,,,,,
1,1,946712588,837,25,36,13,0,4496,0,3.11,TRUE,,,,,,,,,
1,1,946712591,836,25,36,13,0,4496,0,3.23,TRUE,,,,,,,,,
1,1,946712594,835,25,36,13,0,4496,0,3.22,TRUE,,,,,,,,,
1,1,946712597,834,25,36,12,0,4496,0,3.09,TRUE,,,,,,,,,
1,1,946712600,835,25,36,13,0,4496,0,3.22,TRUE,,,,,,,,,
1,1,946712603,835,25,36,13,0,4496,0,3.2,TRUE,,,,,,,,,
1,1,946712606,834,25,36,15,0,4496,0,3.22,TRUE,,,,,,,,,
1,1,946712609,833,25,36,13,0,4496,0,3.23,TRUE,,,,,,,,,
1,1,946712612,832,25,36,13,0,4496,0,3.22,TRUE,,,,,,,,,
1,1,946712615,832,25,36,13,0,4496,0,3.23,TRUE,,,,,,,,,
1,1,946712618,833,25,36,13,0,4496,0,3.21,TRUE,,,,,,,,,
1,1,946712621,832,25,36,13,0,4496,0,3.22,TRUE,,,,,,,,,
1,1,946712624,832,25,36,13,0,4496,0,3.23,TRUE,,,,,,,,,
1,1,946712627,832,25,36,13,0,4496,0,3.08,TRUE,,,,,,,,,
1,1,946712630,832,25,36,13,0,4496,0,3.23,TRUE,,,,,,,,,
1,1,946712633,832,25,36,13,0,4496,0,3.22,TRUE,,,,,,,,,
1,1,946712636,834,25,36,13,0,4496,0,3.23,TRUE,,,,,,,,,
1,1,946712639,833,25,36,13,0,4496,0,3.23,TRUE,,,,,,,,,
1,1,946712642,833,25,36,13,0,4496,0,3.08,TRUE,,,,,,,,,
1,1,946712645,834,25,36,13,0,4496,0,3.23,TRUE,,,,,,,,,
1,1,946712648,834,25,36,13,0,4496,0,3.22,TRUE,,,,,,,,,
1,1,946712651,834,25,36,12,0,4496,0,3.23,TRUE,,,,,,,,,
1,1,946712654,833,25,36,13,0,4496,0,3.22,TRUE,,,,,,,,,
1,1,946712657,833,25,36,13,0,4496,0,3.08,TRUE,,,,,,,,,
1,1,946712660,833,25,36,13,0,4496,0,3.23,TRUE,,,,,,,,,
1,1,946712663,833,25,36,13,0,4496,0,3.22,TRUE,,,,,,,,,
1,1,946712666,834,25,36,13,0,4496,0,3.22,TRUE,,,,,,,,,
1,1,946712669,835,25,36,13,0,4496,0,3.23,TRUE,,,,,,,,,
1,1,946712672,835,25,36,13,0,4496,0,3.09,TRUE,,,,,,,,,
1,1,946712675,835,25,36,13,0,4496,0,3.22,TRUE,,,,,,,,,
1,1,946712678,836,25,36,13,0,4496,0,3.22,TRUE,,,,,,,,,
1,1,946712681,836,25,36,13,0,4496,0,3.24,TRUE,,,,,,,,,
1,1,946712684,838,25,36,14,0,4496,0,3.22,TRUE,,,,,,,,,
1,1,946712687,838,25,36,13,0,4496,0,3.08,TRUE,,,,,,,,,
1,1,946712690,838,25,36,13,0,4496,0,3.22,TRUE,,,,,,,,,
1,1,946712693,839,25,36,13,0,4496,0,3.22,TRUE,,,,,,,,,
1,1,946712696,839,25,36,13,0,4496,0,3.23,TRUE,,,,,,,,,
1,1,946712699,840,25,36,13,0,4496,0,3.23,TRUE,,,,,,,,,
1,1,946712702,840,25,36,13,0,4496,0,3.09,TRUE,,,,,,,,,
1,1,946712705,840,25,36,13,0,4496,0,3.23,TRUE,,,,,,,,,
1,1,946712708,840,25,36,13,0,4496,0,3.22,TRUE,,,,,,,,,
1,1,946712711,841,25,36,13,0,4496,0,3.22,TRUE,,,,,,,,,
1,1,946712714,841,25,36,13,0,4496,0,3.22,TRUE,,,,,,,,,
1,1,946712717,842,25,36,13,0,4496,0,3.09,TRUE,,,,,,,,,
1,1,946712720,842,25,36,13,0,4496,0,3.23,TRUE,,,,,,,,,
1,1,946712723,842,25,36,13,0,4496,0,3.22,TRUE,,,,,,,,,
1,1,946712726,842,25,36,13,0,4496,0,3.23,TRUE,,,,,,,,,
1,1,946712729,841,25,36,13,0,4496,0,3.23,TRUE,,,,,,,,,
1,1,946712732,841,25,36,13,0,4496,0,3.07,TRUE,,,,,,,,,
1,1,946712735,841,25,36,13,0,4496,0,3.23,TRUE,,,,,,,,,
1,1,946712738,841,25,36,13,0,4496,0,3.22,TRUE,,,,,,,,,
1,1,946712741,841,25,36,13,0,4496,0,3.22,TRUE,,,,,,,,,
1,1,946712744,840,25,36,13,0,4496,0,3.23,TRUE,,,,,,,,,
1,1,946712747,840,25,36,14,0,4496,0,3.07,TRUE,,,,,,,,,
1,1,946712750,840,25,36,13,0,4496,0,3.22,TRUE,,,,,,,,,
1,1,946712753,839,25,36,13,0,4496,0,3.22,TRUE,,,,,,,,,
1,1,946712756,839,25,35,13,0,4496,0,3.21,TRUE,,,,,,,,,
1,1,946712759,838,25,35,13,0,4496,0,3.23,TRUE,,,,,,,,,
1,1,946712762,837,25,35,13,0,4496,0,3.07,TRUE,,,,,,,,,
1,1,946712765,838,25,35,12,0,4496,0,3.23,TRUE,,,,,,,,,
1,1,946712768,838,25,35,13,0,4496,0,3.22,TRUE,,,,,,,,,
1,1,946712771,837,25,35,13,0,4496,0,3.22,TRUE,,,,,,,,,
1,1,946712774,837,25,35,13,0,4496,0,3.24,TRUE,,,,,,,,,
1,1,946712777,837,25,35,13,0,4496,0,3.07,TRUE,,,,,,,,,
1,1,946712780,836,25,35,13,0,4496,0,3.22,TRUE,,,,,,,,,
1,1,946712783,836,25,35,13,0,4496,0,3.22,TRUE,,,,,,,,,
1,1,946712786,835,25,35,13,0,4496,0,3.21,TRUE,,,,,,,,,
1,1,946712789,834,25,35,13,0,4496,0,3.22,TRUE,,,,,,,,,
1,1,946712792,834,25,35,13,0,4496,0,3.08,TRUE,,,,,,,,,
1,1,946712795,833,25,35,13,0,4496,0,3.23,TRUE,,,,,,,,,
1,1,946712798,833,25,35,13,0,4496,0,3.22,TRUE,,,,,,,,,
1,1,946712801,833,25,35,13,0,4496,0,3.22,TRUE,,,,,,,,,
1,1,946712804,832,25,35,13,0,4496,0,3.23,TRUE,,,,,,,,,
1,1,946712807,832,25,35,13,0,4496,0,3.08,TRUE,,,,,,,,,
1,1,946712810,832,25,35,13,0,4496,0,3.22,TRUE,,,,,,,,,
1,1,946712813,832,25,35,13,0,4496,0,3.22,TRUE,,,,,,,,,
1,1,946712816,832,25,35,13,0,4496,0,3.21,TRUE,,,,,,,,,
1,1,946712819,832,25,35,14,0,4496,0,3.22,TRUE,,,,,,,,,
1,1,946712822,832,25,35,13,0,4496,0,3.07,TRUE,,,,,,,,,
1,1,946712825,831,25,35,13,0,4496,0,3.22,TRUE,,,,,,,,,
1,1,946712828,831,25,35,13,0,4496,0,3.22,TRUE,,,,,,,,,
1,1,946712831,831,25,35,13,0,4496,0,3.22,TRUE,,,,,,,,,
1,1,946712834,832,25,35,13,0,4496,0,3.22,TRUE,,,,,,,,,
1,1,946712837,832,25,35,13,0,4496,0,3.08,TRUE,,,,,,,,,
1,1,946712840,832,25,35,13,0,4496,0,3.22,TRUE,,,,,,,,,
1,1,946712843,832,25,35,13,0,4496,0,3.23,TRUE,,,,,,,,,
1,1,946712846,832,25,35,13,0,4496,0,3.21,TRUE,,,,,,,,,
1,1,946712849,831,25,35,13,0,4496,0,3.22,TRUE,,,,,,,,,
1,1,946712852,831,25,35,13,0,4496,0,3.1,TRUE,,,,,,,,,
1,1,946712855,830,25,35,13,0,4496,0,3.23,TRUE,,,,,,,,,
1,1,946712858,831,25,35,14,0,4496,0,3.22,TRUE,,,,,,,,,
1,1,946712861,830,25,35,13,0,4496,0,3.21,TRUE,,,,,,,,,
1,1,946712864,831,25,35,13,0,4496,0,3.22,TRUE,,,,,,,,,
1,1,946712867,831,25,35,13,0,4496,0,3.14,TRUE,,,,,,,,,
1,1,946712870,830,25,35,13,0,4496,0,3.23,TRUE,,,,,,,,,
1,1,946712873,831,25,35,14,0,4496,0,3.21,TRUE,,,,,,,,,
1,1,946712876,831,25,35,13,0,4496,0,3.21,TRUE,,,,,,,,,
1,1,946712879,831,25,35,13,0,4496,0,3.22,TRUE,,,,,,,,,
1,1,946712882,831,25,35,13,0,4496,0,3.07,TRUE,,,,,,,,,
1,1,946712885,831,25,35,13,0,4496,0,3.22,TRUE,,,,,,,,,
1,1,946712888,831,25,35,13,0,4496,0,3.22,TRUE,,,,,,,,,
1,1,946712891,830,25,35,13,0,4496,0,3.21,TRUE,,,,,,,,,
1,1,946712894,832,25,35,13,0,4496,0,3.22,TRUE,,,,,,,,,
1,1,946712897,831,25,35,13,0,4496,0,3.09,TRUE,,,,,,,,,
1,1,946712900,831,25,35,13,0,4496,0,3.23,TRUE,,,,,,,,,
1,1,946712903,831,25,35,13,0,4496,0,3.22,TRUE,,,,,,,,,
1,1,946712906,830,25,35,13,0,4496,0,3.21,TRUE,,,,,,,,,
1,1,946712909,829,25,35,13,0,4496,0,3.23,TRUE,,,,,,,,,
1,1,946712912,829,25,35,13,0,4496,0,3.14,TRUE,,,,,,,,,
1,1,946712915,828,25,35,13,0,4496,0,3.22,TRUE,,,,,,,,,
1,1,946712918,828,25,35,13,0,4496,0,3.23,TRUE,,,,,,,,,
1,1,946712921,828,25,35,13,0,4496,0,3.21,TRUE,,,,,,,,,
1,1,946712924,828,25,35,13,0,4496,0,3.23,TRUE,,,,,,,,,
1,1,946712927,828,25,35,13,0,4496,0,3.21,TRUE,,,,,,,,,
1,1,946712930,828,25,35,13,0,4496,0,3.22,TRUE,,,,,,,,,
1,1,946712933,829,25,35,13,0,4496,0,3.22,TRUE,,,,,,,,,
1,1,946712936,828,25,35,14,0,4496,0,3.22,TRUE,,,,,,,,,
1,1,946712939,829,25,35,13,0,4496,0,3.23,TRUE,,,,,,,,,
1,1,946712942,829,25,35,13,0,4496,0,3.22,TRUE,,,,,,,,,
1,1,946712945,829,25,35,13,0,4496,0,3.23,TRUE,,,,,,,,,
1,1,946712948,830,25,35,14,0,4496,0,3.22,TRUE,,,,,,,,,
1,1,946712951,830,25,35,13,0,4496,0,3.09,TRUE,,,,,,,,,
1,1,946712954,830,25,35,13,0,4496,0,3.22,TRUE,,,,,,,,,
1,1,946712957,831,25,35,13,0,4496,0,3.22,TRUE,,,,,,,,,
1,1,946712960,831,25,35,13,0,4496,0,3.22,TRUE,,,,,,,,,
1,1,946712963,831,25,35,13,0,4496,0,3.23,TRUE,,,,,,,,,
1,1,946712966,831,25,35,13,0,4496,0,3.09,TRUE,,,,,,,,,
1,1,946712969,832,25,35,13,0,4496,0,3.23,TRUE,,,,,,,,,
1,1,946712972,832,25,35,13,0,4496,0,3.22,TRUE,,,,,,,,,
1,1,946712975,832,25,35,13,0,4496,0,3.22,TRUE,,,,,,,,,
1,1,946712978,832,25,35,13,0,4496,0,3.23,TRUE,,,,,,,,,
1,1,946712981,833,25,35,13,0,4496,0,3.08,TRUE,,,,,,,,,
1,1,946712984,834,25,35,13,0,4496,0,3.23,TRUE,,,,,,,,,
1,1,946712987,834,25,35,14,0,4496,0,3.21,TRUE,,,,,,,,,
1,1,946712990,833,25,35,13,0,4496,0,3.22,TRUE,,,,,,,,,
1,1,946712993,833,25,35,14,0,4496,0,3.23,TRUE,,,,,,,,,
1,1,946712996,834,25,35,13,0,4496,0,3.08,TRUE,,,,,,,,,
1,1,946712999,836,25,35,13,0,4496,0,3.22,TRUE,,,,,,,,,
1,1,946713002,836,25,35,13,0,4496,0,3.21,TRUE,,,,,,,,,
1,1,946713005,836,25,35,13,0,4496,0,3.23,TRUE,,,,,,,,,
1,1,946713008,836,25,35,13,0,4496,0,3.23,TRUE,,,,,,,,,
1,1,946713011,837,25,35,13,0,4496,0,3.08,TRUE,,,,,,,,,
1,1,946713014,837,25,35,13,0,4496,0,3.23,TRUE,,,,,,,,,
1,1,946713017,836,25,35,13,0,4496,0,3.22,TRUE,,,,,,,,,
1,1,946713020,836,25,35,13,0,4496,0,3.23,TRUE,,,,,,,,,
1,1,946713023,835,25,35,13,0,4496,0,3.22,TRUE,,,,,,,,,
1,1,946713026,834,25,35,13,0,4496,0,3.08,TRUE,,,,,,,,,
1,1,946713029,834,25,35,13,0,4496,0,3.22,TRUE,,,,,,,,,
1,1,946713032,834,25,35,13,0,4496,0,3.22,TRUE,,,,,,,,,
1,1,946713035,834,25,35,13,0,4496,0,3.23,TRUE,,,,,,,,,
1,1,946713038,834,25,35,13,0,4496,0,3.23,TRUE,,,,,,,,,
1,1,946713041,834,25,35,13,0,4496,0,3.08,TRUE,,,,,,,,,
1,1,946713044,834,25,35,13,0,4496,0,3.23,TRUE,,,,,,,,,
1,1,946713047,835,25,35,13,0,4496,0,3.22,TRUE,,,,,,,,,
1,1,946713050,834,25,35,13,0,4496,0,3.22,TRUE,,,,,,,,,
1,1,946713053,834,25,35,13,0,4496,0,3.22,TRUE,,,,,,,,,
1,1,946713056,834,25,35,13,0,4496,0,3.07,TRUE,,,,,,,,,
1,1,946713059,834,25,35,13,0,4496,0,3.23,TRUE,,,,,,,,,
1,1,946713062,834,25,35,13,0,4496,0,3.22,TRUE,,,,,,,,,
1,1,946713065,834,25,35,13,0,4496,0,3.22,TRUE,,,,,,,,,
1,1,946713068,833,25,35,13,0,4496,0,3.22,TRUE,,,,,,,,,
1,1,946713071,833,25,35,13,0,4496,0,3.07,TRUE,,,,,,,,,
1,1,946713074,833,25,35,13,0,4496,0,3.24,TRUE,,,,,,,,,
1,1,946713077,832,25,35,13,0,4496,0,3.22,TRUE,,,,,,,,,
1,1,946713080,832,25,35,13,0,4496,0,3.22,TRUE,,,,,,,,,
1,1,946713083,832,25,35,13,0,4496,0,3.23,TRUE,,,,,,,,,
1,1,946713086,833,25,35,13,0,4496,0,3.07,TRUE,,,,,,,,,
1,1,946713089,833,25,35,13,0,4496,0,3.23,TRUE,,,,,,,,,
1,1,946713092,833,25,35,13,0,4496,0,3.22,TRUE,,,,,,,,,
1,1,946713095,832,25,35,13,0,4496,0,3.21,TRUE,,,,,,,,,
1,1,946713098,833,25,35,13,0,4496,0,3.22,TRUE,,,,,,,,,
1,1,946713101,832,25,35,13,0,4496,0,3.06,TRUE,,,,,,,,,
1,1,946713104,833,25,35,13,0,4496,0,3.22,TRUE,,,,,,,,,
1,1,946713107,833,25,35,13,0,4496,0,3.21,TRUE,,,,,,,,,
1,1,946713110,833,25,35,13,0,4496,0,3.22,TRUE,,,,,,,,,
1,1,946713113,834,25,35,13,0,4496,0,3.22,TRUE,,,,,,,,,
1,1,946713116,833,25,35,13,0,4496,0,3.08,TRUE,,,,,,,,,
1,1,946713119,833,25,35,14,0,4496,0,3.23,TRUE,,,,,,,,,
1,1,946713122,833,25,35,13,0,4496,0,3.21,TRUE,,,,,,,,,
1,1,946713125,832,25,35,13,0,4496,0,3.21,TRUE,,,,,,,,,
1,1,946713128,832,25,35,14,0,4496,0,3.23,TRUE,,,,,,,,,
1,1,946713131,832,25,35,13,0,4496,0,3.11,TRUE,,,,,,,,,
1,1,946713134,832,25,35,13,0,4496,0,3.23,TRUE,,,,,,,,,
1,1,946713137,832,25,35,13,0,4496,0,3.22,TRUE,,,,,,,,,
1,1,946713140,832,25,35,13,0,4496,0,3.21,TRUE,,,,,,,,,
1,1,946713143,832,25,35,13,0,4496,0,3.23,TRUE,,,,,,,,,
1,1,946713146,832,25,35,13,0,4496,0,3.18,TRUE,,,,,,,,,
1,1,946713149,831,25,35,13,0,4496,0,3.23,TRUE,,,,,,,,,
1,1,946713152,831,25,35,14,0,4496,0,3.22,TRUE,,,,,,,,,
1,1,946713155,831,25,35,13,0,4496,0,3.21,TRUE,,,,,,,,,
1,1,946713158,831,25,35,13,0,4496,0,3.23,TRUE,,,,,,,,,
1,1,946713161,832,25,35,13,0,4496,0,3.07,TRUE,,,,,,,,,
1,1,946713164,832,25,35,13,0,4496,0,3.22,TRUE,,,,,,,,,
1,1,946713167,832,26,34,13,0,4496,0,3.22,TRUE,,,,,,,,,
1,1,946713170,831,25,34,13,0,4496,0,3.22,TRUE,,,,,,,,,
1,1,946713173,831,26,34,13,0,4496,0,3.22,TRUE,,,,,,,,,
1,1,946713176,831,26,34,13,0,4496,0,3.13,TRUE,,,,,,,,,
1,1,946713179,831,25,34,13,0,4496,0,3.23,TRUE,,,,,,,,,
1,1,946713182,831,25,35,13,0,4496,0,3.23,TRUE,,,,,,,,,
1,1,946713185,830,25,35,13,0,4496,0,3.22,TRUE,,,,,,,,,
1,1,946713188,830,25,35,13,0,4496,0,3.23,TRUE,,,,,,,,,
1,1,946713191,830,25,35,13,0,4496,0,3.22,TRUE,,,,,,,,,
1,1,946713194,829,26,34,13,0,4496,0,3.22,TRUE,,,,,,,,,
1,1,946713197,829,25,34,12,0,4496,0,3.23,TRUE,,,,,,,,,
1,1,946713200,829,26,34,13,0,4496,0,3.21,TRUE,,,,,,,,,
1,1,946713203,828,26,34,13,0,4496,0,3.23,TRUE,,,,,,,,,
1,1,946713206,828,26,34,13,0,4496,0,3.22,TRUE,,,,,,,,,
1,1,946713209,827,26,34,13,0,4496,0,3.23,TRUE,,,,,,,,,
1,1,946713212,827,26,34,13,0,4496,0,3.24,TRUE,,,,,,,,,
1,1,946713215,827,26,34,13,0,4496,0,3.08,TRUE,,,,,,,,,
1,1,946713218,826,26,34,13,0,4496,0,3.22,TRUE,,,,,,,,,
1,1,946713221,826,26,34,13,0,4496,0,3.21,TRUE,,,,,,,,,
1,1,946713224,826,26,34,13,0,4496,0,3.23,TRUE,,,,,,,,,
1,1,946713227,826,26,34,13,0,4496,0,3.22,TRUE,,,,,,,,,
1,1,946713230,825,26,34,13,0,4496,0,3.08,TRUE,,,,,,,,,
1,1,946713233,824,26,34,13,0,4496,0,3.23,TRUE,,,,,,,,,
1,1,946713236,825,26,34,13,0,4496,0,3.21,TRUE,,,,,,,,,
1,1,946713239,825,26,34,13,0,4496,0,3.23,TRUE,,,,,,,,,
1,1,946713242,825,26,34,13,0,4496,0,3.22,TRUE,,,,,,,,,
1,1,946713245,824,26,34,13,0,4496,0,3.08,TRUE,,,,,,,,,
1,1,946713248,823,26,34,13,0,4496,0,3.23,TRUE,,,,,,,,,
1,1,946713251,823,26,34,13,0,4496,0,3.22,TRUE,,,,,,,,,
1,1,946713254,823,26,34,13,0,4496,0,3.23,TRUE,,,,,,,,,
1,1,946713257,823,26,34,13,0,4496,0,3.22,TRUE,,,,,,,,,
1,1,946713260,822,26,34,13,0,4496,0,3.22,TRUE,,,,,,,,,
1,1,946713263,823,26,34,13,0,4496,0,3.23,TRUE,,,,,,,,,
1,1,946713266,822,26,34,13,0,4496,0,3.21,TRUE,,,,,,,,,
1,1,946713269,823,26,34,13,0,4496,0,3.23,TRUE,,,,,,,,,
1,1,946713272,823,26,34,13,0,4496,0,3.23,TRUE,,,,,,,,,
1,1,946713275,823,26,34,13,0,4496,0,3.08,TRUE,,,,,,,,,
1,1,946713278,825,26,34,13,0,4496,0,3.22,TRUE,,,,,,,,,
1,1,946713281,826,26,34,13,0,4496,0,3.21,TRUE,,,,,,,,,
1,1,946713284,826,26,34,13,0,4496,0,3.22,TRUE,,,,,,,,,
1,1,946713287,828,26,34,13,0,4496,0,3.22,TRUE,,,,,,,,,
1,1,946713290,828,26,34,13,0,4496,0,3.08,TRUE,,,,,,,,,
1,1,946713293,827,26,34,13,0,4496,0,3.22,TRUE,,,,,,,,,
1,1,946713296,828,26,34,13,0,4496,0,3.22,TRUE,,,,,,,,,
1,1,946713299,830,26,34,13,0,4496,0,3.23,TRUE,,,,,,,,,
1,1,946713302,831,26,34,13,0,4496,0,3.24,TRUE,,,,,,,,,
1,1,946713305,831,26,34,13,0,4496,0,3.09,TRUE,,,,,,,,,
1,1,946713308,831,26,34,13,0,4496,0,3.23,TRUE,,,,,,,,,
1,1,946713311,833,26,35,14,0,4496,0,3.21,TRUE,,,,,,,,,
1,1,946713314,834,26,35,14,0,4496,0,3.22,TRUE,,,,,,,,,
1,1,946713317,833,26,35,13,0,4496,0,3.23,TRUE,,,,,,,,,
1,1,946713320,832,26,35,13,0,4496,0,3.08,TRUE,,,,,,,,,
1,1,946713323,835,26,34,13,0,4496,0,3.23,TRUE,,,,,,,,,
1,1,946713326,837,26,34,13,0,4496,0,3.21,TRUE,,,,,,,,,
1,1,946713329,837,26,34,13,0,4496,0,3.23,TRUE,,,,,,,,,
1,1,946713332,836,26,34,13,0,4496,0,3.22,TRUE,,,,,,,,,
1,1,946713335,837,26,34,13,0,4496,0,3.08,TRUE,,,,,,,,,
1,1,946713338,838,26,34,13,0,4496,0,3.22,TRUE,,,,,,,,,
1,1,946713341,837,26,34,13,0,4496,0,3.2,TRUE,,,,,,,,,
1,1,946713344,838,26,34,13,0,4496,0,3.23,TRUE,,,,,,,,,
1,1,946713347,838,26,34,13,0,4496,0,3.22,TRUE,,,,,,,,,
1,1,946713350,839,26,34,13,0,4496,0,3.08,TRUE,,,,,,,,,
1,1,946713353,840,25,34,13,0,4496,0,3.23,TRUE,,,,,,,,,
1,1,946713356,840,25,34,13,0,4496,0,3.22,TRUE,,,,,,,,,
1,1,946713359,839,25,34,13,0,4496,0,3.23,TRUE,,,,,,,,,
1,1,946713362,838,25,34,13,0,4496,0,3.23,TRUE,,,,,,,,,
1,1,946713365,838,25,34,14,0,4496,0,3.08,TRUE,,,,,,,,,
1,1,946713368,837,25,35,13,0,4496,0,3.22,TRUE,,,,,,,,,
1,1,946713371,837,25,34,13,0,4496,0,3.21,TRUE,,,,,,,,,
1,1,946713374,837,25,35,13,0,4496,0,3.24,TRUE,,,,,,,,,
1,1,946713377,837,25,34,13,0,4496,0,3.23,TRUE,,,,,,,,,
1,1,946713380,838,25,34,13,0,4496,0,3.09,TRUE,,,,,,,,,
1,1,946713383,838,25,34,13,0,4496,0,3.23,TRUE,,,,,,,,,
1,1,946713386,839,25,35,13,0,4496,0,3.21,TRUE,,,,,,,,,
1,1,946713389,839,25,35,13,0,4496,0,3.22,TRUE,,,,,,,,,
1,1,946713392,839,25,35,13,0,4496,0,3.23,TRUE,,,,,,,,,
1,1,946713395,840,25,35,12,0,4496,0,3.07,TRUE,,,,,,,,,
1,1,946713398,840,25,35,13,0,4496,0,3.23,TRUE,,,,,,,,,
1,1,946713401,840,25,35,13,0,4496,0,3.21,TRUE,,,,,,,,,
1,1,946713404,839,25,35,13,0,4496,0,3.22,TRUE,,,,,,,,,
1,1,946713407,839,25,35,14,0,4496,0,3.23,TRUE,,,,,,,,,
1,1,946713410,839,25,35,13,0,4496,0,3.08,TRUE,,,,,,,,,
1,1,946713413,839,25,35,13,0,4496,0,3.23,TRUE,,,,,,,,,
1,1,946713416,839,25,35,14,0,4496,0,3.22,TRUE,,,,,,,,,
1,1,946713419,839,25,35,13,0,4496,0,3.22,TRUE,,,,,,,,,
1,1,946713422,839,25,35,13,0,4496,0,3.23,TRUE,,,,,,,,,
1,1,946713425,840,25,35,13,0,4496,0,3.07,TRUE,,,,,,,,,
1,1,946713428,840,25,35,13,0,4496,0,3.22,TRUE,,,,,,,,,
1,1,946713431,840,25,35,13,0,4496,0,3.22,TRUE,,,,,,,,,
1,1,946713434,840,25,35,13,0,4496,0,3.21,TRUE,,,,,,,,,
1,1,946713437,841,25,35,13,0,4496,0,3.22,TRUE,,,,,,,,,
1,1,946713440,842,25,35,12,0,4496,0,3.08,TRUE,,,,,,,,,
1,1,946713443,842,25,35,13,0,4496,0,3.23,TRUE,,,,,,,,,
1,1,946713446,842,25,35,13,0,4496,0,3.22,TRUE,,,,,,,,,
1,1,946713449,843,25,35,12,0,4496,0,3.21,TRUE,,,,,,,,,
1,1,946713452,845,25,35,13,0,4496,0,3.25,TRUE,,,,,,,,,
1,1,946713455,844,25,35,13,0,4496,0,3.08,TRUE,,,,,,,,,
1,1,946713458,844,25,35,13,0,4496,0,3.22,TRUE,,,,,,,,,
1,1,946713461,843,25,35,13,0,4496,0,3.21,TRUE,,,,,,,,,
1,1,946713464,843,25,35,13,0,4496,0,3.23,TRUE,,,,,,,,,
1,1,946713467,845,25,35,13,0,4496,0,3.23,TRUE,,,,,,,,,
1,1,946713470,845,25,35,13,0,4496,0,3.08,TRUE,,,,,,,,,
1,1,946713473,845,25,35,13,0,4496,0,3.23,TRUE,,,,,,,,,
1,1,946713476,846,25,35,13,0,4496,0,3.22,TRUE,,,,,,,,,
1,1,946713479,846,25,35,14,0,4496,0,3.21,TRUE,,,,,,,,,
1,1,946713482,846,25,35,13,0,4496,0,3.22,TRUE,,,,,,,,,
1,1,946713485,845,25,35,13,0,4496,0,3.08,TRUE,,,,,,,,,
1,1,946713488,845,25,35,13,0,4496,0,3.22,TRUE,,,,,,,,,
1,1,946713491,844,25,35,13,0,4496,0,3.22,TRUE,,,,,,,,,
1,1,946713494,844,25,35,13,0,4496,0,3.22,TRUE,,,,,,,,,
1,1,946713497,845,25,35,13,0,4496,0,3.22,TRUE,,,,,,,,,
1,1,946713500,845,25,35,13,0,4496,0,3.07,TRUE,,,,,,,,,
1,1,946713503,844,25,35,13,0,4496,0,3.22,TRUE,,,,,,,,,
1,1,946713506,845,25,35,13,0,4496,0,3.22,TRUE,,,,,,,,,
1,1,946713509,845,25,35,13,0,4496,0,3.22,TRUE,,,,,,,,,
1,1,946713512,846,25,35,13,0,4496,0,3.23,TRUE,,,,,,,,,
1,1,946713515,846,25,35,13,0,4496,0,3.08,TRUE,,,,,,,,,
1,1,946713518,847,25,35,13,0,4496,0,3.23,TRUE,,,,,,,,,
1,1,946713521,846,25,35,13,0,4496,0,3.21,TRUE,,,,,,,,,
1,1,946713524,847,25,35,13,0,4496,0,3.22,TRUE,,,,,,,,,
1,1,946713527,848,25,35,13,0,4496,0,3.22,TRUE,,,,,,,,,
1,1,946713530,849,25,35,13,0,4496,0,3.12,TRUE,,,,,,,,,
1,1,946713533,849,25,35,13,0,4496,0,3.23,TRUE,,,,,,,,,
1,1,946713536,848,25,35,12,0,4496,0,3.22,TRUE,,,,,,,,,
1,1,946713539,848,25,35,13,0,4496,0,3.22,TRUE,,,,,,,,,
1,1,946713542,848,25,35,13,0,4496,0,3.22,TRUE,,,,,,,,,
1,1,946713545,848,25,35,13,0,4496,0,3.07,TRUE,,,,,,,,,
1,1,946713548,847,25,35,13,0,4496,0,3.23,TRUE,,,,,,,,,
1,1,946713551,848,25,35,13,0,4496,0,3.22,TRUE,,,,,,,,,
1,1,946713554,848,25,35,13,0,4496,0,3.21,TRUE,,,,,,,,,
1,1,946713557,847,25,35,13,0,4496,0,3.22,TRUE,,,,,,,,,
1,1,946713560,847,25,35,13,0,4496,0,3.08,TRUE,,,,,,,,,
1,1,946713563,848,25,35,13,0,4496,0,3.22,TRUE,,,,,,,,,
1,1,946713566,848,25,35,13,0,4496,0,3.22,TRUE,,,,,,,,,
1,1,946713569,848,25,35,13,0,4496,0,3.21,TRUE,,,,,,,,,
1,1,946713572,848,25,35,14,0,4496,0,3.23,TRUE,,,,,,,,,
1,1,946713575,848,25,35,13,0,4496,0,3.13,TRUE,,,,,,,,,
1,1,946713578,849,25,35,13,0,4496,0,3.23,TRUE,,,,,,,,,
1,1,946713581,849,25,35,13,0,4496,0,3.23,TRUE,,,,,,,,,
1,1,946713584,849,25,35,13,0,4496,0,3.22,TRUE,,,,,,,,,
1,1,946713587,849,25,35,13,0,4496,0,3.22,TRUE,,,,,,,,,
1,1,946713590,849,25,35,13,0,4496,0,3.21,TRUE,,,,,,,,,
1,1,946713593,848,25,35,13,0,4496,0,3.23,TRUE,,,,,,,,,
1,1,946713596,848,25,35,13,0,4496,0,3.23,TRUE,,,,,,,,,
1,1,946713599,847,25,35,13,0,4496,0,3.21,TRUE,,,,,,,,,
1,1,946713602,848,25,35,13,0,4496,0,3.23,TRUE,,,,,,,,,
1,1,946713605,848,25,35,13,0,4496,0,3.21,TRUE,,,,,,,,,
1,1,946713608,847,25,35,13,0,4496,0,3.23,TRUE,,,,,,,,,
1,1,946713611,847,25,35,13,0,4496,0,3.22,TRUE,,,,,,,,,
1,1,946713614,847,25,35,13,0,4496,0,3.08,TRUE,,,,,,,,,
1,1,946713617,846,25,35,13,0,4496,0,3.22,TRUE,,,,,,,,,
1,1,946713620,846,25,35,13,0,4496,0,3.15,TRUE,,,,,,,,,
1,1,946713623,846,25,35,13,0,4496,0,3.23,TRUE,,,,,,,,,
1,1,946713626,846,25,35,13,0,4496,0,3.23,TRUE,,,,,,,,,
1,1,946713629,846,25,35,13,0,4496,0,3.09,TRUE,,,,,,,,,
1,1,946713632,846,25,35,13,0,4496,0,3.23,TRUE,,,,,,,,,
1,1,946713635,846,25,35,13,0,4496,0,3.22,TRUE,,,,,,,,,
1,1,946713638,847,25,36,13,0,4496,0,3.22,TRUE,,,,,,,,,
1,1,946713641,847,25,36,14,0,4496,0,3.23,TRUE,,,,,,,,,
1,1,946713644,848,25,36,13,0,4496,0,3.09,TRUE,,,,,,,,,
1,1,946713647,847,25,36,13,0,4496,0,3.23,TRUE,,,,,,,,,
1,1,946713650,848,25,35,13,0,4496,0,3.19,TRUE,,,,,,,,,
1,1,946713653,848,25,35,13,0,4496,0,3.22,TRUE,,,,,,,,,
1,1,946713656,849,25,35,13,0,4496,0,3.22,TRUE,,,,,,,,,
1,1,946713659,849,25,35,14,0,4496,0,3.22,TRUE,,,,,,,,,
1,1,946713662,849,25,36,13,0,4496,0,3.23,TRUE,,,,,,,,,
1,1,946713665,850,25,35,13,0,4496,0,3.21,TRUE,,,,,,,,,
1,1,946713668,850,25,36,13,0,4496,0,3.22,TRUE,,,,,,,,,
1,1,946713671,850,25,36,13,0,4496,0,3.23,TRUE,,,,,,,,,
1,1,946713674,851,25,36,13,0,4496,0,3.08,TRUE,,,,,,,,,
1,1,946713677,853,25,36,13,0,4496,0,3.23,TRUE,,,,,,,,,
1,1,946713680,853,25,36,13,0,4496,0,3.22,TRUE,,,,,,,,,
1,1,946713683,853,25,36,13,0,4496,0,3.23,TRUE,,,,,,,,,
1,1,946713686,854,25,36,13,0,4496,0,3.24,TRUE,,,,,,,,,
1,1,946713689,853,25,36,13,0,4496,0,3.08,TRUE,,,,,,,,,
1,1,946713692,855,25,36,13,0,4496,0,3.23,TRUE,,,,,,,,,
1,1,946713695,855,25,36,13,0,4496,0,3.22,TRUE,,,,,,,,,
1,1,946713698,855,25,36,13,0,4496,0,3.23,TRUE,,,,,,,,,
1,1,946713701,855,25,36,13,0,4496,0,3.24,TRUE,,,,,,,,,
1,1,946713704,856,25,36,13,0,4496,0,3.07,TRUE,,,,,,,,,
1,1,946713707,855,25,35,13,0,4496,0,3.23,TRUE,,,,,,,,,
1,1,946713710,855,25,35,13,0,4496,0,3.21,TRUE,,,,,,,,,
1,1,946713713,855,25,35,13,0,4496,0,3.23,TRUE,,,,,,,,,
1,1,946713716,855,25,35,13,0,4496,0,3.23,TRUE,,,,,,,,,
1,1,946713719,855,25,35,13,0,4496,0,3.07,TRUE,,,,,,,,,
1,1,946713722,855,25,35,12,0,4496,0,3.23,TRUE,,,,,,,,,
1,1,946713725,856,25,35,13,0,4496,0,3.22,TRUE,,,,,,,,,
1,1,946713728,856,25,35,13,0,4496,0,3.23,TRUE,,,,,,,,,
1,1,946713731,857,25,35,13,0,4496,0,3.22,TRUE,,,,,,,,,
1,1,946713734,857,25,35,13,0,4496,0,3.08,TRUE,,,,,,,,,
1,1,946713737,857,25,35,12,0,4496,0,3.23,TRUE,,,,,,,,,
1,1,946713740,857,25,35,13,0,4496,0,3.22,TRUE,,,,,,,,,
1,1,946713743,857,25,35,13,0,4496,0,3.21,TRUE,,,,,,,,,
1,1,946713746,857,25,35,13,0,4496,0,3.23,TRUE,,,,,,,,,
1,1,946713749,857,25,35,13,0,4496,0,3.07,TRUE,,,,,,,,,
1,1,946713752,857,25,35,13,0,4496,0,3.23,TRUE,,,,,,,,,
1,1,946713755,858,25,35,14,0,4496,0,3.22,TRUE,,,,,,,,,
1,1,946713758,858,25,35,13,0,4496,0,3.23,TRUE,,,,,,,,,
1,1,946713761,858,25,35,13,0,4496,0,3.23,TRUE,,,,,,,,,
1,1,946713764,858,25,35,13,0,4496,0,3.07,TRUE,,,,,,,,,
1,1,946713767,855,25,35,13,0,4496,0,3.22,TRUE,,,,,,,,,
1,1,946713770,855,25,35,13,0,4496,0,3.21,TRUE,,,,,,,,,
1,1,946713773,853,25,35,13,0,4496,0,3.22,TRUE,,,,,,,,,
1,1,946713776,852,25,35,13,0,4496,0,3.23,TRUE,,,,,,,,,
1,1,946713779,851,25,35,13,0,4496,0,3.07,TRUE,,,,,,,,,
1,1,946713782,851,25,35,13,0,4496,0,3.22,TRUE,,,,,,,,,
1,1,946713785,851,25,35,13,0,4496,0,3.22,TRUE,,,,,,,,,
1,1,946713788,851,25,35,13,0,4496,0,3.22,TRUE,,,,,,,,,
1,1,946713791,853,25,35,13,0,4496,0,3.23,TRUE,,,,,,,,,
1,1,946713794,852,25,35,13,0,4496,0,3.07,TRUE,,,,,,,,,
1,1,946713797,850,25,35,13,0,4496,0,3.22,TRUE,,,,,,,,,
1,1,946713800,849,25,35,13,0,4496,0,3.22,TRUE,,,,,,,,,
1,1,946713803,848,25,35,13,0,4496,0,3.22,TRUE,,,,,,,,,
1,1,946713806,848,25,35,13,0,4496,0,3.23,TRUE,,,,,,,,,
1,1,946713809,846,25,35,13,0,4496,0,3.08,TRUE,,,,,,,,,
1,1,946713812,847,25,35,13,0,4496,0,3.23,TRUE,,,,,,,,,
1,1,946713815,845,25,35,14,0,4496,0,3.22,TRUE,,,,,,,,,
1,1,946713818,846,25,35,13,0,4496,0,3.22,TRUE,,,,,,,,,
