1,0,1644797583,684,23,36,188,0,5056,0,3.26,,1644797583,672,22,35,85,0,5056,0,3.01
1,0,1644797586,685,23,36,219,0,5056,0,3.29,TRUE,1644801180,1373,23,39,344,0,5056,0,3.49
1,0,1644797589,685,23,36,198,0,5056,0,3.35,TRUE,,,,,,,,,
1,0,1644797592,685,23,36,209,0,5056,0,3.34,TRUE,0,,,,,,,,
1,0,1644797595,685,23,36,213,0,5056,0,3.28,TRUE,,,,,,,,,
1,0,1644797598,685,23,36,217,0,5056,0,3.29,TRUE,,,,,,,,,
1,0,1644797601,685,23,36,211,0,5056,0,3.27,TRUE,,,,,,,,,
1,0,1644797604,684,23,36,207,0,5056,0,3.3,TRUE,,,,,,,,,
1,0,1644797607,684,23,36,190,0,5056,0,3.27,TRUE,,,,,,,,,
1,0,1644797610,684,23,36,150,0,5056,0,3.27,TRUE,,,,,,,,,
1,0,1644797613,684,23,36,153,0,5056,0,3.01,TRUE,,,,,,,,,
1,0,1644797616,684,22,36,155,0,5056,0,3.15,TRUE,,,,,,,,,
1,0,1644797619,684,23,36,163,0,5056,0,3.25,TRUE,,,,,,,,,
1,0,1644797622,684,22,36,156,0,5056,0,3.13,TRUE,,,,,,,,,
1,0,1644797625,684,22,36,159,0,5056,0,3.2,TRUE,,,,,,,,,
1,0,1644797628,684,22,36,168,0,5056,0,3.2,TRUE,,,,,,,,,
1,0,1644797631,684,23,36,180,0,5056,0,3.2,TRUE,,,,,,,,,
1,0,1644797634,684,23,36,210,0,5056,0,3.3,TRUE,,,,,,,,,
1,0,1644797637,684,22,36,218,0,5056,0,3.31,TRUE,,,,,,,,,
1,0,1644797640,684,22,36,223,0,5056,0,3.32,TRUE,,,,,,,,,
1,0,1644797643,684,23,36,219,0,5056,0,3.38,TRUE,,,,,,,,,
1,0,1644797646,684,23,36,152,0,5056,0,3.22,TRUE,,,,,,,,,
1,0,1644797649,685,23,36,148,0,5056,0,3.23,TRUE,,,,,,,,,
1,0,1644797652,686,23,36,164,0,5056,0,3.28,TRUE,,,,,,,,,
1,0,1644797655,685,23,36,209,0,5056,0,3.27,TRUE,,,,,,,,,
1,0,1644797658,687,23,36,214,0,5056,0,3.34,TRUE,,,,,,,,,
1,0,1644797661,688,23,36,204,0,5056,0,3.31,TRUE,,,,,,,,,
1,0,1644797664,688,23,36,191,0,5056,0,3.24,TRUE,,,,,,,,,
1,0,1644797667,688,23,37,157,0,5056,0,3.21,TRUE,,,,,,,,,
1,0,1644797670,688,23,37,156,0,5056,0,3.16,TRUE,,,,,,,,,
1,0,1644797673,689,23,37,192,0,5056,0,3.27,TRUE,,,,,,,,,
1,0,1644797676,689,23,37,222,0,5056,0,3.33,TRUE,,,,,,,,,
1,0,1644797679,689,23,37,220,0,5056,0,3.3,TRUE,,,,,,,,,
1,0,1644797682,688,23,37,221,0,5056,0,3.36,TRUE,,,,,,,,,
1,0,1644797685,687,23,37,219,0,5056,0,3.33,TRUE,,,,,,,,,
1,0,1644797688,686,23,36,215,0,5056,0,3.37,TRUE,,,,,,,,,
1,0,1644797691,685,23,36,164,0,5056,0,3.19,TRUE,,,,,,,,,
1,0,1644797694,685,23,36,204,0,5056,0,3.27,TRUE,,,,,,,,,
1,0,1644797697,686,23,36,184,0,5056,0,3.21,TRUE,,,,,,,,,
1,0,1644797700,685,23,36,193,0,5056,0,3.26,TRUE,,,,,,,,,
1,0,1644797703,684,23,36,211,0,5056,0,3.33,TRUE,,,,,,,,,
1,0,1644797706,684,23,36,218,0,5056,0,3.36,TRUE,,,,,,,,,
1,0,1644797709,683,22,36,220,0,5056,0,3.4,TRUE,,,,,,,,,
1,0,1644797712,683,22,36,221,0,5056,0,3.49,TRUE,,,,,,,,,
1,0,1644797715,683,22,36,170,0,5056,0,3.22,TRUE,,,,,,,,,
1,0,1644797718,683,22,36,205,0,5056,0,3.27,TRUE,,,,,,,,,
1,0,1644797721,684,22,36,167,0,5056,0,3.22,TRUE,,,,,,,,,
1,0,1644797724,684,22,36,220,0,5056,0,3.34,TRUE,,,,,,,,,
1,0,1644797727,684,22,36,220,0,5056,0,3.41,TRUE,,,,,,,,,
1,0,1644797730,685,22,36,219,0,5056,0,3.42,TRUE,,,,,,,,,
1,0,1644797733,684,22,36,204,0,5056,0,3.29,TRUE,,,,,,,,,
1,0,1644797736,684,22,36,194,0,5056,0,3.23,TRUE,,,,,,,,,
1,0,1644797739,685,22,36,152,0,5056,0,3.16,TRUE,,,,,,,,,
1,0,1644797742,685,23,36,157,0,5056,0,3.2,TRUE,,,,,,,,,
1,0,1644797745,685,23,36,170,0,5056,0,3.24,TRUE,,,,,,,,,
1,0,1644797748,687,23,37,172,0,5056,0,3.22,TRUE,,,,,,,,,
1,0,1644797751,687,23,37,213,0,5056,0,3.28,TRUE,,,,,,,,,
1,0,1644797754,687,23,37,219,0,5056,0,3.34,TRUE,,,,,,,,,
1,0,1644797757,688,23,37,222,0,5056,0,3.24,TRUE,,,,,,,,,
1,0,1644797760,688,23,37,222,0,5056,0,3.31,TRUE,,,,,,,,,
1,0,1644797763,689,23,37,154,0,5056,0,3.23,TRUE,,,,,,,,,
1,0,1644797766,689,23,37,152,0,5056,0,3.22,TRUE,,,,,,,,,
1,0,1644797769,689,23,37,154,0,5056,0,3.24,TRUE,,,,,,,,,
1,0,1644797772,690,23,37,200,0,5056,0,3.29,TRUE,,,,,,,,,
1,0,1644797775,691,23,37,224,0,5056,0,3.3,TRUE,,,,,,,,,
1,0,1644797778,691,23,37,225,0,5056,0,3.19,TRUE,,,,,,,,,
1,0,1644797781,691,23,37,220,0,5056,0,3.33,TRUE,,,,,,,,,
1,0,1644797784,691,23,37,207,0,5056,0,3.32,TRUE,,,,,,,,,
1,0,1644797787,692,23,37,161,0,5056,0,3.18,TRUE,,,,,,,,,
1,0,1644797790,692,23,37,160,0,5056,0,3.24,TRUE,,,,,,,,,
1,0,1644797793,692,23,36,225,0,5056,0,3.32,TRUE,,,,,,,,,
1,0,1644797796,691,23,36,207,0,5056,0,3.23,TRUE,,,,,,,,,
1,0,1644797799,691,23,36,218,0,5056,0,3.35,TRUE,,,,,,,,,
1,0,1644797802,690,23,36,217,0,5056,0,3.33,TRUE,,,,,,,,,
1,0,1644797805,689,23,36,226,0,5056,0,3.39,TRUE,,,,,,,,,
1,0,1644797808,690,23,36,199,0,5056,0,3.35,TRUE,,,,,,,,,
1,0,1644797811,690,23,36,189,0,5056,0,3.25,TRUE,,,,,,,,,
1,0,1644797814,690,23,36,157,0,5056,0,3.29,TRUE,,,,,,,,,
1,0,1644797817,690,23,36,146,0,5056,0,3.22,TRUE,,,,,,,,,
1,0,1644797820,691,23,36,181,0,5056,0,3.25,TRUE,,,,,,,,,
1,0,1644797823,691,23,36,215,0,5056,0,3.3,TRUE,,,,,,,,,
1,0,1644797826,691,23,36,220,0,5056,0,3.33,TRUE,,,,,,,,,
1,0,1644797829,691,23,36,217,0,5056,0,3.3,TRUE,,,,,,,,,
1,0,1644797832,691,23,36,229,0,5056,0,3.3,TRUE,,,,,,,,,
1,0,1644797835,691,23,36,259,0,5056,0,3.32,TRUE,,,,,,,,,
1,0,1644797838,692,23,37,260,0,5056,0,3.42,TRUE,,,,,,,,,
1,0,1644797841,693,23,37,240,0,5056,0,3.32,TRUE,,,,,,,,,
1,0,1644797844,693,23,37,231,0,5056,0,3.34,TRUE,,,,,,,,,
1,0,1644797847,694,23,37,232,0,5056,0,3.33,TRUE,,,,,,,,,
1,0,1644797850,695,23,37,223,0,5056,0,3.26,TRUE,,,,,,,,,
1,0,1644797853,695,23,36,224,0,5056,0,3.3,TRUE,,,,,,,,,
1,0,1644797856,696,23,36,205,0,5056,0,3.45,TRUE,,,,,,,,,
1,0,1644797859,696,23,36,212,0,5056,0,3.39,TRUE,,,,,,,,,
1,0,1644797862,696,23,36,233,0,5056,0,3.32,TRUE,,,,,,,,,
1,0,1644797865,695,23,36,226,0,5056,0,3.36,TRUE,,,,,,,,,
1,0,1644797868,693,23,36,227,0,5056,0,3.38,TRUE,,,,,,,,,
1,0,1644797871,693,23,36,212,0,5056,0,3.33,TRUE,,,,,,,,,
1,0,1644797874,693,23,36,173,0,5056,0,3.25,TRUE,,,,,,,,,
1,0,1644797877,694,23,35,178,0,5056,0,3.2,TRUE,,,,,,,,,
1,0,1644797880,695,23,35,166,0,5056,0,3.26,TRUE,,,,,,,,,
1,0,1644797883,696,23,35,152,0,5056,0,3.22,TRUE,,,,,,,,,
1,0,1644797886,696,23,36,151,0,5056,0,3.1,TRUE,,,,,,,,,
1,0,1644797889,696,23,36,149,0,5056,0,3.21,TRUE,,,,,,,,,
1,0,1644797892,698,23,35,130,0,5056,0,3.23,TRUE,,,,,,,,,
1,0,1644797895,698,23,35,157,0,5056,0,3.14,TRUE,,,,,,,,,
1,0,1644797898,697,23,35,169,0,5056,0,3.23,TRUE,,,,,,,,,
1,0,1644797901,697,23,35,181,0,5056,0,3.28,TRUE,,,,,,,,,
1,0,1644797904,697,23,35,215,0,5056,0,3.28,TRUE,,,,,,,,,
1,0,1644797907,697,23,35,232,0,5056,0,3.33,TRUE,,,,,,,,,
1,0,1644797910,698,23,36,228,0,5056,0,3.39,TRUE,,,,,,,,,
1,0,1644797913,697,23,36,156,0,5056,0,3.21,TRUE,,,,,,,,,
1,0,1644797916,696,23,36,146,0,5056,0,3.22,TRUE,,,,,,,,,
1,0,1644797919,696,23,36,147,0,5056,0,3.24,TRUE,,,,,,,,,
1,0,1644797922,696,23,35,145,0,5056,0,3.21,TRUE,,,,,,,,,
1,0,1644797925,696,23,35,155,0,5056,0,3.22,TRUE,,,,,,,,,
1,0,1644797928,696,23,35,161,0,5056,0,3.21,TRUE,,,,,,,,,
1,0,1644797931,695,23,35,163,0,5056,0,3.16,TRUE,,,,,,,,,
1,0,1644797934,695,23,35,149,0,5056,0,3.12,TRUE,,,,,,,,,
1,0,1644797937,696,23,35,150,0,5056,0,3.22,TRUE,,,,,,,,,
1,0,1644797940,695,23,35,149,0,5056,0,3.07,TRUE,,,,,,,,,
1,0,1644797943,695,23,35,159,0,5056,0,3.22,TRUE,,,,,,,,,
1,0,1644797946,696,23,35,161,0,5056,0,3.21,TRUE,,,,,,,,,
1,0,1644797949,696,23,35,166,0,5056,0,3.25,TRUE,,,,,,,,,
1,0,1644797952,695,23,35,209,0,5056,0,3.33,TRUE,,,,,,,,,
1,0,1644797955,696,23,35,217,0,5056,0,3.44,TRUE,,,,,,,,,
1,0,1644797958,695,23,35,201,0,5056,0,3.29,TRUE,,,,,,,,,
1,0,1644797961,695,23,35,190,0,5056,0,3.29,TRUE,,,,,,,,,
1,0,1644797964,696,23,35,215,0,5056,0,3.34,TRUE,,,,,,,,,
1,0,1644797967,696,23,35,227,0,5056,0,3.31,TRUE,,,,,,,,,
1,0,1644797970,697,23,35,164,0,5056,0,3.24,TRUE,,,,,,,,,
1,0,1644797973,698,23,35,151,0,5056,0,3.22,TRUE,,,,,,,,,
1,0,1644797976,699,23,35,149,0,5056,0,3.09,TRUE,,,,,,,,,
1,0,1644797979,699,23,35,187,0,5056,0,3.25,TRUE,,,,,,,,,
1,0,1644797982,699,23,35,151,0,5056,0,3.13,TRUE,,,,,,,,,
1,0,1644797985,698,23,35,175,0,5056,0,3.24,TRUE,,,,,,,,,
1,0,1644797988,697,23,35,160,0,5056,0,3.22,TRUE,,,,,,,,,
1,0,1644797991,697,23,35,148,0,5056,0,3.22,TRUE,,,,,,,,,
1,0,1644797994,697,23,35,151,0,5056,0,3.2,TRUE,,,,,,,,,
1,0,1644797997,696,23,35,152,0,5056,0,3.24,TRUE,,,,,,,,,
1,0,1644798000,697,23,35,151,0,5056,0,3.25,TRUE,,,,,,,,,
1,0,1644798003,696,23,35,158,0,5056,0,3.17,TRUE,,,,,,,,,
1,0,1644798006,696,23,35,153,0,5056,0,3.17,TRUE,,,,,,,,,
1,0,1644798009,696,23,35,151,0,5056,0,3.08,TRUE,,,,,,,,,
1,0,1644798012,696,23,35,153,0,5056,0,3.27,TRUE,,,,,,,,,
1,0,1644798015,696,23,35,145,0,5056,0,3.22,TRUE,,,,,,,,,
1,0,1644798018,694,23,35,155,0,5056,0,3.26,TRUE,,,,,,,,,
1,0,1644798021,694,23,35,152,0,5056,0,3.23,TRUE,,,,,,,,,
1,0,1644798024,693,23,35,151,0,5056,0,3.08,TRUE,,,,,,,,,
1,0,1644798027,692,23,35,167,0,5056,0,3.32,TRUE,,,,,,,,,
1,0,1644798030,691,23,35,229,0,5056,0,3.26,TRUE,,,,,,,,,
1,0,1644798033,688,23,35,227,0,5056,0,3.46,TRUE,,,,,,,,,
1,0,1644798036,687,23,35,211,0,5056,0,3.26,TRUE,,,,,,,,,
1,0,1644798039,684,23,35,152,0,5056,0,3.24,TRUE,,,,,,,,,
1,0,1644798042,672,23,35,163,0,5056,0,3.25,TRUE,,,,,,,,,
1,0,1644798045,680,23,35,174,0,5056,0,3.21,TRUE,,,,,,,,,
1,0,1644798048,684,23,35,201,0,5056,0,3.28,TRUE,,,,,,,,,
1,0,1644798051,689,23,35,205,0,5056,0,3.42,TRUE,,,,,,,,,
1,0,1644798054,684,23,35,221,0,5056,0,3.36,TRUE,,,,,,,,,
1,0,1644798057,692,23,35,223,0,5056,0,3.38,TRUE,,,,,,,,,
1,0,1644798060,700,23,36,208,0,5056,0,3.31,TRUE,,,,,,,,,
1,0,1644798063,708,23,36,220,0,5056,0,3.25,TRUE,,,,,,,,,
1,0,1644798066,734,23,36,217,0,5056,0,3.31,TRUE,,,,,,,,,
1,0,1644798069,761,23,36,141,0,5056,0,3.25,TRUE,,,,,,,,,
1,0,1644798072,744,23,35,142,0,5056,0,3.22,TRUE,,,,,,,,,
1,0,1644798075,749,23,35,166,0,5056,0,3.26,TRUE,,,,,,,,,
1,0,1644798078,758,23,35,184,0,5056,0,3.22,TRUE,,,,,,,,,
1,0,1644798081,767,23,35,222,0,5056,0,3.34,TRUE,,,,,,,,,
1,0,1644798084,763,23,35,231,0,5056,0,3.37,TRUE,,,,,,,,,
1,0,1644798087,764,23,35,153,0,5056,0,3.23,TRUE,,,,,,,,,
1,0,1644798090,764,23,35,149,0,5056,0,3.3,TRUE,,,,,,,,,
1,0,1644798093,758,23,36,143,0,5056,0,3.04,TRUE,,,,,,,,,
1,0,1644798096,749,23,36,234,0,5056,0,3.28,TRUE,,,,,,,,,
1,0,1644798099,740,23,36,206,0,5056,0,3.27,TRUE,,,,,,,,,
1,0,1644798102,735,23,36,223,0,5056,0,3.35,TRUE,,,,,,,,,
1,0,1644798105,730,23,36,173,0,5056,0,3.2,TRUE,,,,,,,,,
1,0,1644798108,724,23,36,210,0,5056,0,3.32,TRUE,,,,,,,,,
1,0,1644798111,707,23,36,223,0,5056,0,3.38,TRUE,,,,,,,,,
1,0,1644798114,700,23,36,204,0,5056,0,3.26,TRUE,,,,,,,,,
1,0,1644798117,698,23,35,173,0,5056,0,3.27,TRUE,,,,,,,,,
1,0,1644798120,703,23,35,153,0,5056,0,3.26,TRUE,,,,,,,,,
1,0,1644798123,702,23,35,148,0,5056,0,3.24,TRUE,,,,,,,,,
1,0,1644798126,697,23,35,157,0,5056,0,3.18,TRUE,,,,,,,,,
1,0,1644798129,698,23,35,155,0,5056,0,3.03,TRUE,,,,,,,,,
1,0,1644798132,713,23,36,225,0,5056,0,3.31,TRUE,,,,,,,,,
1,0,1644798135,722,23,36,223,0,5056,0,3.42,TRUE,,,,,,,,,
1,0,1644798138,732,23,36,202,0,5056,0,3.4,TRUE,,,,,,,,,
1,0,1644798141,789,23,36,182,0,5056,0,3.28,TRUE,,,,,,,,,
1,0,1644798144,775,23,36,121,0,5056,0,3.17,TRUE,,,,,,,,,
1,0,1644798147,762,23,36,154,0,5056,0,3.24,TRUE,,,,,,,,,
1,0,1644798150,758,23,36,170,0,5056,0,3.29,TRUE,,,,,,,,,
1,0,1644798153,759,23,36,124,0,5056,0,3.15,TRUE,,,,,,,,,
1,0,1644798156,749,23,36,220,0,5056,0,3.3,TRUE,,,,,,,,,
1,0,1644798159,746,23,35,191,0,5056,0,3.26,TRUE,,,,,,,,,
1,0,1644798162,738,23,35,220,0,5056,0,3.36,TRUE,,,,,,,,,
1,0,1644798165,740,23,35,227,0,5056,0,3.32,TRUE,,,,,,,,,
1,0,1644798168,735,23,35,171,0,5056,0,3.13,TRUE,,,,,,,,,
1,0,1644798171,727,23,35,181,0,5056,0,3.23,TRUE,,,,,,,,,
1,0,1644798174,720,23,36,200,0,5056,0,3.28,TRUE,,,,,,,,,
1,0,1644798177,710,23,36,198,0,5056,0,3.26,TRUE,,,,,,,,,
1,0,1644798180,716,23,36,206,0,5056,0,3.26,TRUE,,,,,,,,,
1,0,1644798183,710,23,35,230,0,5056,0,3.4,TRUE,,,,,,,,,
1,0,1644798186,699,23,35,229,0,5056,0,3.43,TRUE,,,,,,,,,
1,0,1644798189,697,23,35,162,0,5056,0,3.2,TRUE,,,,,,,,,
1,0,1644798192,696,23,35,154,0,5056,0,3.24,TRUE,,,,,,,,,
1,0,1644798195,695,23,35,153,0,5056,0,3.22,TRUE,,,,,,,,,
1,0,1644798198,690,23,35,149,0,5056,0,3.29,TRUE,,,,,,,,,
1,0,1644798201,695,23,36,151,0,5056,0,3.2,TRUE,,,,,,,,,
1,0,1644798204,699,23,36,154,0,5056,0,3.21,TRUE,,,,,,,,,
1,0,1644798207,702,23,36,138,0,5056,0,3.24,TRUE,,,,,,,,,
1,0,1644798210,703,23,36,197,0,5056,0,3.27,TRUE,,,,,,,,,
1,0,1644798213,702,23,36,183,0,5056,0,3.24,TRUE,,,,,,,,,
1,0,1644798216,702,23,36,180,0,5056,0,3.23,TRUE,,,,,,,,,
1,0,1644798219,699,23,36,135,0,5056,0,3.2,TRUE,,,,,,,,,
1,0,1644798222,697,23,36,144,0,5056,0,3.12,TRUE,,,,,,,,,
1,0,1644798225,698,23,36,195,0,5056,0,3.25,TRUE,,,,,,,,,
1,0,1644798228,699,23,36,148,0,5056,0,3.1,TRUE,,,,,,,,,
1,0,1644798231,700,23,36,164,0,5056,0,3.26,TRUE,,,,,,,,,
1,0,1644798234,700,23,36,213,0,5056,0,3.3,TRUE,,,,,,,,,
1,0,1644798237,701,23,36,220,0,5056,0,3.33,TRUE,,,,,,,,,
1,0,1644798240,703,23,36,226,0,5056,0,3.3,TRUE,,,,,,,,,
1,0,1644798243,703,23,36,224,0,5056,0,3.3,TRUE,,,,,,,,,
1,0,1644798246,701,23,36,225,0,5056,0,3.36,TRUE,,,,,,,,,
1,0,1644798249,700,23,36,223,0,5056,0,3.38,TRUE,,,,,,,,,
1,0,1644798252,701,23,35,222,0,5056,0,3.36,TRUE,,,,,,,,,
1,0,1644798255,700,23,35,175,0,5056,0,3.28,TRUE,,,,,,,,,
1,0,1644798258,700,23,35,151,0,5056,0,3.32,TRUE,,,,,,,,,
1,0,1644798261,701,23,35,225,0,5056,0,3.34,TRUE,,,,,,,,,
1,0,1644798264,701,23,36,201,0,5056,0,3.43,TRUE,,,,,,,,,
1,0,1644798267,702,23,36,223,0,5056,0,3.42,TRUE,,,,,,,,,
1,0,1644798270,703,23,36,208,0,5056,0,3.27,TRUE,,,,,,,,,
1,0,1644798273,701,23,36,213,0,5056,0,3.27,TRUE,,,,,,,,,
1,0,1644798276,701,23,36,211,0,5056,0,3.27,TRUE,,,,,,,,,
1,0,1644798279,700,23,36,175,0,5056,0,3.3,TRUE,,,,,,,,,
1,0,1644798282,702,23,35,124,0,5056,0,3.28,TRUE,,,,,,,,,
1,0,1644798285,703,23,35,119,0,5056,0,3.08,TRUE,,,,,,,,,
1,0,1644798288,703,23,35,153,0,5056,0,3.26,TRUE,,,,,,,,,
1,0,1644798291,703,23,35,171,0,5056,0,3.22,TRUE,,,,,,,,,
1,0,1644798294,702,23,35,225,0,5056,0,3.33,TRUE,,,,,,,,,
1,0,1644798297,703,23,35,223,0,5056,0,3.3,TRUE,,,,,,,,,
1,0,1644798300,703,23,36,227,0,5056,0,3.32,TRUE,,,,,,,,,
1,0,1644798303,703,23,36,225,0,5056,0,3.46,TRUE,,,,,,,,,
1,0,1644798306,703,23,36,217,0,5056,0,3.32,TRUE,,,,,,,,,
1,0,1644798309,703,23,36,146,0,5056,0,3.07,TRUE,,,,,,,,,
1,0,1644798312,704,23,36,157,0,5056,0,3.24,TRUE,,,,,,,,,
1,0,1644798315,703,23,36,151,0,5056,0,3.27,TRUE,,,,,,,,,
1,0,1644798318,702,23,36,211,0,5056,0,3.36,TRUE,,,,,,,,,
1,0,1644798321,703,23,35,204,0,5056,0,3.3,TRUE,,,,,,,,,
1,0,1644798324,704,23,35,221,0,5056,0,3.29,TRUE,,,,,,,,,
1,0,1644798327,707,23,35,227,0,5056,0,3.37,TRUE,,,,,,,,,
1,0,1644798330,706,23,35,230,0,5056,0,3.27,TRUE,,,,,,,,,
1,0,1644798333,705,23,35,175,0,5056,0,3.17,TRUE,,,,,,,,,
1,0,1644798336,705,23,35,157,0,5056,0,3.21,TRUE,,,,,,,,,
1,0,1644798339,707,23,35,152,0,5056,0,3.08,TRUE,,,,,,,,,
1,0,1644798342,709,23,35,228,0,5056,0,3.28,TRUE,,,,,,,,,
1,0,1644798345,710,23,35,229,0,5056,0,3.43,TRUE,,,,,,,,,
1,0,1644798348,710,23,35,205,0,5056,0,3.32,TRUE,,,,,,,,,
1,0,1644798351,705,23,35,226,0,5056,0,3.45,TRUE,,,,,,,,,
1,0,1644798354,704,23,35,226,0,5056,0,3.4,TRUE,,,,,,,,,
1,0,1644798357,704,23,35,225,0,5056,0,3.39,TRUE,,,,,,,,,
1,0,1644798360,705,23,35,201,0,5056,0,3.24,TRUE,,,,,,,,,
1,0,1644798363,705,23,35,160,0,5056,0,3.21,TRUE,,,,,,,,,
1,0,1644798366,706,23,35,164,0,5056,0,3.29,TRUE,,,,,,,,,
1,0,1644798369,706,23,35,163,0,5056,0,3.26,TRUE,,,,,,,,,
1,0,1644798372,705,23,36,180,0,5056,0,3.28,TRUE,,,,,,,,,
1,0,1644798375,706,23,36,219,0,5056,0,3.31,TRUE,,,,,,,,,
1,0,1644798378,707,23,36,215,0,5056,0,3.33,TRUE,,,,,,,,,
1,0,1644798381,709,23,36,209,0,5056,0,3.3,TRUE,,,,,,,,,
1,0,1644798384,711,23,35,192,0,5056,0,3.24,TRUE,,,,,,,,,
1,0,1644798387,712,23,35,147,0,5056,0,3.24,TRUE,,,,,,,,,
1,0,1644798390,710,23,35,153,0,5056,0,3.22,TRUE,,,,,,,,,
1,0,1644798393,709,23,35,150,0,5056,0,3.26,TRUE,,,,,,,,,
1,0,1644798396,710,23,35,153,0,5056,0,3.18,TRUE,,,,,,,,,
1,0,1644798399,711,23,35,168,0,5056,0,3.22,TRUE,,,,,,,,,
1,0,1644798402,708,23,35,160,0,5056,0,3.22,TRUE,,,,,,,,,
1,0,1644798405,709,23,35,167,0,5056,0,3.26,TRUE,,,,,,,,,
1,0,1644798408,709,23,35,150,0,5056,0,3.24,TRUE,,,,,,,,,
1,0,1644798411,708,23,35,150,0,5056,0,3.11,TRUE,,,,,,,,,
1,0,1644798414,708,23,35,151,0,5056,0,3.11,TRUE,,,,,,,,,
1,0,1644798417,708,23,35,158,0,5056,0,3.25,TRUE,,,,,,,,,
1,0,1644798420,708,23,35,162,0,5056,0,3.26,TRUE,,,,,,,,,
1,0,1644798423,708,23,35,151,0,5056,0,3.24,TRUE,,,,,,,,,
1,0,1644798426,708,23,35,153,0,5056,0,3.23,TRUE,,,,,,,,,
1,0,1644798429,708,23,35,154,0,5056,0,3.22,TRUE,,,,,,,,,
1,0,1644798432,707,23,35,213,0,5056,0,3.29,TRUE,,,,,,,,,
1,0,1644798435,708,23,35,190,0,5056,0,3.25,TRUE,,,,,,,,,
1,0,1644798438,709,23,35,185,0,5056,0,3.24,TRUE,,,,,,,,,
1,0,1644798441,709,23,35,183,0,5056,0,3.28,TRUE,,,,,,,,,
1,0,1644798444,710,23,35,154,0,5056,0,3.24,TRUE,,,,,,,,,
1,0,1644798447,710,23,35,153,0,5056,0,3.24,TRUE,,,,,,,,,
1,0,1644798450,710,23,35,180,0,5056,0,3.31,TRUE,,,,,,,,,
1,0,1644798453,710,23,35,202,0,5056,0,3.3,TRUE,,,,,,,,,
1,0,1644798456,710,23,35,220,0,5056,0,3.32,TRUE,,,,,,,,,
1,0,1644798459,712,23,35,207,0,5056,0,3.26,TRUE,,,,,,,,,
1,0,1644798462,732,23,37,210,0,5056,0,3.26,TRUE,,,,,,,,,
1,0,1644798465,757,23,38,172,0,5056,0,3.23,TRUE,,,,,,,,,
1,0,1644798468,829,23,38,152,0,5056,0,3.23,TRUE,,,,,,,,,
1,0,1644798471,1141,23,37,158,0,5056,0,3.24,TRUE,,,,,,,,,
1,0,1644798474,1155,23,37,152,0,5056,0,3.22,TRUE,,,,,,,,,
1,0,1644798477,1112,23,36,153,0,5056,0,3.09,TRUE,,,,,,,,,
1,0,1644798480,1077,23,36,163,0,5056,0,3.31,TRUE,,,,,,,,,
1,0,1644798483,1010,23,36,157,0,5056,0,3.19,TRUE,,,,,,,,,
1,0,1644798486,902,23,36,164,0,5056,0,3.23,TRUE,,,,,,,,,
1,0,1644798489,859,23,36,182,0,5056,0,3.27,TRUE,,,,,,,,,
1,0,1644798492,846,23,36,199,0,5056,0,3.28,TRUE,,,,,,,,,
1,0,1644798495,830,23,36,226,0,5056,0,3.4,TRUE,,,,,,,,,
1,0,1644798498,816,23,36,225,0,5056,0,3.38,TRUE,,,,,,,,,
1,0,1644798501,800,23,36,210,0,5056,0,3.25,TRUE,,,,,,,,,
1,0,1644798504,790,23,35,174,0,5056,0,3.27,TRUE,,,,,,,,,
1,0,1644798507,760,23,35,161,0,5056,0,3.23,TRUE,,,,,,,,,
1,0,1644798510,736,23,35,191,0,5056,0,3.31,TRUE,,,,,,,,,
1,0,1644798513,702,23,35,148,0,5056,0,3.22,TRUE,,,,,,,,,
1,0,1644798516,694,23,35,151,0,5056,0,3.27,TRUE,,,,,,,,,
1,0,1644798519,688,23,35,153,0,5056,0,3.18,TRUE,,,,,,,,,
1,0,1644798522,691,23,35,151,0,5056,0,3.18,TRUE,,,,,,,,,
1,0,1644798525,695,23,35,167,0,5056,0,3.24,TRUE,,,,,,,,,
1,0,1644798528,693,23,35,199,0,5056,0,3.31,TRUE,,,,,,,,,
1,0,1644798531,697,23,35,177,0,5056,0,3.33,TRUE,,,,,,,,,
1,0,1644798534,693,23,35,203,0,5056,0,3.24,TRUE,,,,,,,,,
1,0,1644798537,692,23,35,205,0,5056,0,3.2,TRUE,,,,,,,,,
1,0,1644798540,694,23,35,215,0,5056,0,3.28,TRUE,,,,,,,,,
1,0,1644798543,698,23,35,212,0,5056,0,3.3,TRUE,,,,,,,,,
1,0,1644798546,695,23,35,219,0,5056,0,3.33,TRUE,,,,,,,,,
1,0,1644798549,695,23,35,221,0,5056,0,3.49,TRUE,,,,,,,,,
1,0,1644798552,697,23,35,214,0,5056,0,3.29,TRUE,,,,,,,,,
1,0,1644798555,698,23,35,210,0,5056,0,3.26,TRUE,,,,,,,,,
1,0,1644798558,697,23,35,201,0,5056,0,3.29,TRUE,,,,,,,,,
1,0,1644798561,700,23,35,197,0,5056,0,3.38,TRUE,,,,,,,,,
1,0,1644798564,700,23,35,182,0,5056,0,3.24,TRUE,,,,,,,,,
1,0,1644798567,702,23,35,163,0,5056,0,3.39,TRUE,,,,,,,,,
1,0,1644798570,707,23,36,145,0,5056,0,3.28,TRUE,,,,,,,,,
1,0,1644798573,707,23,36,169,0,5056,0,3.25,TRUE,,,,,,,,,
1,0,1644798576,711,23,35,163,0,5056,0,3.26,TRUE,,,,,,,,,
1,0,1644798579,711,23,35,171,0,5056,0,3.31,TRUE,,,,,,,,,
1,0,1644798582,713,23,35,190,0,5056,0,3.31,TRUE,,,,,,,,,
1,0,1644798585,714,23,35,218,0,5056,0,3.32,TRUE,,,,,,,,,
1,0,1644798588,714,23,35,220,0,5056,0,3.3,TRUE,,,,,,,,,
1,0,1644798591,716,23,35,220,0,5056,0,3.34,TRUE,,,,,,,,,
1,0,1644798594,718,23,35,221,0,5056,0,3.4,TRUE,,,,,,,,,
1,0,1644798597,721,23,35,217,0,5056,0,3.4,TRUE,,,,,,,,,
1,0,1644798600,719,23,35,184,0,5056,0,3.27,TRUE,,,,,,,,,
1,0,1644798603,717,23,35,194,0,5056,0,3.24,TRUE,,,,,,,,,
1,0,1644798606,718,23,35,170,0,5056,0,3.27,TRUE,,,,,,,,,
1,0,1644798609,716,23,35,164,0,5056,0,3.26,TRUE,,,,,,,,,
1,0,1644798612,718,23,35,172,0,5056,0,3.22,TRUE,,,,,,,,,
1,0,1644798615,718,23,35,161,0,5056,0,3.27,TRUE,,,,,,,,,
1,0,1644798618,718,23,35,156,0,5056,0,3.26,TRUE,,,,,,,,,
1,0,1644798621,720,23,35,156,0,5056,0,3.23,TRUE,,,,,,,,,
1,0,1644798624,722,23,35,172,0,5056,0,3.27,TRUE,,,,,,,,,
1,0,1644798627,721,23,35,171,0,5056,0,3.26,TRUE,,,,,,,,,
1,0,1644798630,720,23,35,203,0,5056,0,3.3,TRUE,,,,,,,,,
1,0,1644798633,720,23,35,223,0,5056,0,3.33,TRUE,,,,,,,,,
1,0,1644798636,721,23,35,222,0,5056,0,3.28,TRUE,,,,,,,,,
1,0,1644798639,722,23,35,221,0,5056,0,3.38,TRUE,,,,,,,,,
1,0,1644798642,724,23,35,213,0,5056,0,3.34,TRUE,,,,,,,,,
1,0,1644798645,724,23,35,156,0,5056,0,3.14,TRUE,,,,,,,,,
1,0,1644798648,724,23,35,178,0,5056,0,3.31,TRUE,,,,,,,,,
1,0,1644798651,724,23,35,218,0,5056,0,3.35,TRUE,,,,,,,,,
1,0,1644798654,724,23,35,222,0,5056,0,3.36,TRUE,,,,,,,,,
1,0,1644798657,724,23,35,221,0,5056,0,3.43,TRUE,,,,,,,,,
1,0,1644798660,724,23,35,220,0,5056,0,3.39,TRUE,,,,,,,,,
1,0,1644798663,725,23,35,213,0,5056,0,3.32,TRUE,,,,,,,,,
1,0,1644798666,726,23,35,206,0,5056,0,3.24,TRUE,,,,,,,,,
1,0,1644798669,726,23,35,211,0,5056,0,3.26,TRUE,,,,,,,,,
1,0,1644798672,726,23,35,206,0,5056,0,3.29,TRUE,,,,,,,,,
1,0,1644798675,725,23,35,213,0,5056,0,3.28,TRUE,,,,,,,,,
1,0,1644798678,724,23,35,201,0,5056,0,3.27,TRUE,,,,,,,,,
1,0,1644798681,724,23,35,153,0,5056,0,3.23,TRUE,,,,,,,,,
1,0,1644798684,724,23,35,214,0,5056,0,3.3,TRUE,,,,,,,,,
1,0,1644798687,724,23,35,205,0,5056,0,3.28,TRUE,,,,,,,,,
1,0,1644798690,723,23,35,199,0,5056,0,3.26,TRUE,,,,,,,,,
1,0,1644798693,722,23,35,183,0,5056,0,3.26,TRUE,,,,,,,,,
1,0,1644798696,722,23,36,175,0,5056,0,3.25,TRUE,,,,,,,,,
1,0,1644798699,722,23,36,153,0,5056,0,3.26,TRUE,,,,,,,,,
1,0,1644798702,722,23,36,154,0,5056,0,3.13,TRUE,,,,,,,,,
1,0,1644798705,721,23,36,207,0,5056,0,3.31,TRUE,,,,,,,,,
1,0,1644798708,721,23,36,220,0,5056,0,3.29,TRUE,,,,,,,,,
1,0,1644798711,721,23,35,214,0,5056,0,3.33,TRUE,,,,,,,,,
1,0,1644798714,721,23,35,200,0,5056,0,3.27,TRUE,,,,,,,,,
1,0,1644798717,720,23,35,166,0,5056,0,3.23,TRUE,,,,,,,,,
1,0,1644798720,720,23,35,219,0,5056,0,3.45,TRUE,,,,,,,,,
1,0,1644798723,721,23,35,200,0,5056,0,3.21,TRUE,,,,,,,,,
1,0,1644798726,720,23,35,197,0,5056,0,3.3,TRUE,,,,,,,,,
1,0,1644798729,720,23,35,170,0,5056,0,3.24,TRUE,,,,,,,,,
1,0,1644798732,719,23,35,155,0,5056,0,3.24,TRUE,,,,,,,,,
1,0,1644798735,720,23,35,158,0,5056,0,3.23,TRUE,,,,,,,,,
1,0,1644798738,720,23,35,163,0,5056,0,3.22,TRUE,,,,,,,,,
1,0,1644798741,719,23,35,157,0,5056,0,3.25,TRUE,,,,,,,,,
1,0,1644798744,719,23,35,156,0,5056,0,3.29,TRUE,,,,,,,,,
1,0,1644798747,721,23,35,157,0,5056,0,3.13,TRUE,,,,,,,,,
1,0,1644798750,721,23,35,160,0,5056,0,3.18,TRUE,,,,,,,,,
1,0,1644798753,720,23,35,166,0,5056,0,3.21,TRUE,,,,,,,,,
1,0,1644798756,720,23,35,194,0,5056,0,3.31,TRUE,,,,,,,,,
1,0,1644798759,721,23,35,216,0,5056,0,3.29,TRUE,,,,,,,,,
1,0,1644798762,721,23,35,205,0,5056,0,3.34,TRUE,,,,,,,,,
1,0,1644798765,720,23,35,182,0,5056,0,3.28,TRUE,,,,,,,,,
1,0,1644798768,720,23,35,214,0,5056,0,3.25,TRUE,,,,,,,,,
1,0,1644798771,718,23,35,218,0,5056,0,3.29,TRUE,,,,,,,,,
1,0,1644798774,718,23,35,213,0,5056,0,3.3,TRUE,,,,,,,,,
1,0,1644798777,717,23,35,165,0,5056,0,3.2,TRUE,,,,,,,,,
1,0,1644798780,718,23,35,170,0,5056,0,3.21,TRUE,,,,,,,,,
1,0,1644798783,717,23,35,213,0,5056,0,3.29,TRUE,,,,,,,,,
1,0,1644798786,717,23,35,217,0,5056,0,3.28,TRUE,,,,,,,,,
1,0,1644798789,718,23,35,220,0,5056,0,3.3,TRUE,,,,,,,,,
1,0,1644798792,719,23,35,217,0,5056,0,3.45,TRUE,,,,,,,,,
1,0,1644798795,719,23,35,216,0,5056,0,3.39,TRUE,,,,,,,,,
1,0,1644798798,719,23,35,218,0,5056,0,3.45,TRUE,,,,,,,,,
1,0,1644798801,719,23,35,211,0,5056,0,3.33,TRUE,,,,,,,,,
1,0,1644798804,719,23,35,194,0,5056,0,3.26,TRUE,,,,,,,,,
1,0,1644798807,720,23,35,163,0,5056,0,3.24,TRUE,,,,,,,,,
1,0,1644798810,720,23,35,165,0,5056,0,3.26,TRUE,,,,,,,,,
1,0,1644798813,720,23,35,161,0,5056,0,3.24,TRUE,,,,,,,,,
1,0,1644798816,721,23,35,155,0,5056,0,3.27,TRUE,,,,,,,,,
1,0,1644798819,721,23,35,157,0,5056,0,3.16,TRUE,,,,,,,,,
1,0,1644798822,721,23,35,156,0,5056,0,3.26,TRUE,,,,,,,,,
1,0,1644798825,722,23,35,156,0,5056,0,3.22,TRUE,,,,,,,,,
1,0,1644798828,722,23,35,163,0,5056,0,3.21,TRUE,,,,,,,,,
1,0,1644798831,722,23,35,198,0,5056,0,3.3,TRUE,,,,,,,,,
1,0,1644798834,722,23,35,159,0,5056,0,3.15,TRUE,,,,,,,,,
1,0,1644798837,723,23,35,164,0,5056,0,3.31,TRUE,,,,,,,,,
1,0,1644798840,722,23,35,171,0,5056,0,3.22,TRUE,,,,,,,,,
1,0,1644798843,722,23,35,216,0,5056,0,3.33,TRUE,,,,,,,,,
1,0,1644798846,722,23,35,210,0,5056,0,3.32,TRUE,,,,,,,,,
1,0,1644798849,723,23,35,219,0,5056,0,3.3,TRUE,,,,,,,,,
1,0,1644798852,724,23,35,213,0,5056,0,3.4,TRUE,,,,,,,,,
1,0,1644798855,724,23,35,200,0,5056,0,3.28,TRUE,,,,,,,,,
1,0,1644798858,725,23,35,159,0,5056,0,3.29,TRUE,,,,,,,,,
1,0,1644798861,724,23,35,241,0,5056,0,3.29,TRUE,,,,,,,,,
1,0,1644798864,724,23,36,209,0,5056,0,3.3,TRUE,,,,,,,,,
1,0,1644798867,724,23,36,191,0,5056,0,3.28,TRUE,,,,,,,,,
1,0,1644798870,724,23,36,212,0,5056,0,3.26,TRUE,,,,,,,,,
1,0,1644798873,724,23,36,173,0,5056,0,3.09,TRUE,,,,,,,,,
1,0,1644798876,724,23,36,184,0,5056,0,3.25,TRUE,,,,,,,,,
1,0,1644798879,724,23,36,249,0,5056,0,3.34,TRUE,,,,,,,,,
1,0,1644798882,723,23,36,237,0,5056,0,3.35,TRUE,,,,,,,,,
1,0,1644798885,723,23,36,236,0,5056,0,3.32,TRUE,,,,,,,,,
1,0,1644798888,723,23,36,240,0,5056,0,3.42,TRUE,,,,,,,,,
1,0,1644798891,724,23,36,214,0,5056,0,3.22,TRUE,,,,,,,,,
1,0,1644798894,724,23,36,209,0,5056,0,3.28,TRUE,,,,,,,,,
1,0,1644798897,725,23,35,175,0,5056,0,3.28,TRUE,,,,,,,,,
1,0,1644798900,725,23,35,145,0,5056,0,3.12,TRUE,,,,,,,,,
1,0,1644798903,725,23,35,165,0,5056,0,3.19,TRUE,,,,,,,,,
1,0,1644798906,724,23,35,227,0,5056,0,3.34,TRUE,,,,,,,,,
1,0,1644798909,724,23,35,214,0,5056,0,3.34,TRUE,,,,,,,,,
1,0,1644798912,723,23,35,211,0,5056,0,3.32,TRUE,,,,,,,,,
1,0,1644798915,723,23,35,225,0,5056,0,3.45,TRUE,,,,,,,,,
1,0,1644798918,722,23,35,149,0,5056,0,3.27,TRUE,,,,,,,,,
1,0,1644798921,720,23,35,220,0,5056,0,3.32,TRUE,,,,,,,,,
1,0,1644798924,720,23,35,144,0,5056,0,3.26,TRUE,,,,,,,,,
1,0,1644798927,720,23,35,155,0,5056,0,3.24,TRUE,,,,,,,,,
1,0,1644798930,720,23,35,167,0,5056,0,3.25,TRUE,,,,,,,,,
1,0,1644798933,721,23,35,166,0,5056,0,3.25,TRUE,,,,,,,,,
1,0,1644798936,721,23,35,168,0,5056,0,3.24,TRUE,,,,,,,,,
1,0,1644798939,720,23,35,170,0,5056,0,3.23,TRUE,,,,,,,,,
1,0,1644798942,718,23,35,191,0,5056,0,3.27,TRUE,,,,,,,,,
1,0,1644798945,718,23,35,180,0,5056,0,3.33,TRUE,,,,,,,,,
1,0,1644798948,718,23,35,213,0,5056,0,3.3,TRUE,,,,,,,,,
1,0,1644798951,724,23,36,221,0,5056,0,3.32,TRUE,,,,,,,,,
1,0,1644798954,727,23,36,220,0,5056,0,3.3,TRUE,,,,,,,,,
1,0,1644798957,736,23,36,209,0,5056,0,3.28,TRUE,,,,,,,,,
1,0,1644798960,745,23,36,168,0,5056,0,3.22,TRUE,,,,,,,,,
1,0,1644798963,758,23,36,171,0,5056,0,3.3,TRUE,,,,,,,,,
1,0,1644798966,777,23,36,153,0,5056,0,3.2,TRUE,,,,,,,,,
1,0,1644798969,783,23,36,149,0,5056,0,3.25,TRUE,,,,,,,,,
1,0,1644798972,787,23,36,162,0,5056,0,3.2,TRUE,,,,,,,,,
1,0,1644798975,786,23,36,212,0,5056,0,3.31,TRUE,,,,,,,,,
1,0,1644798978,779,23,36,230,0,5056,0,3.44,TRUE,,,,,,,,,
1,0,1644798981,781,23,36,223,0,5056,0,3.27,TRUE,,,,,,,,,
1,0,1644798984,783,23,36,193,0,5056,0,3.24,TRUE,,,,,,,,,
1,0,1644798987,782,23,36,158,0,5056,0,3.18,TRUE,,,,,,,,,
1,0,1644798990,778,23,36,172,0,5056,0,3.24,TRUE,,,,,,,,,
1,0,1644798993,778,23,36,150,0,5056,0,3.27,TRUE,,,,,,,,,
1,0,1644798996,775,23,36,155,0,5056,0,3.16,TRUE,,,,,,,,,
1,0,1644798999,773,23,36,214,0,5056,0,3.3,TRUE,,,,,,,,,
1,0,1644799002,770,23,36,213,0,5056,0,3.27,TRUE,,,,,,,,,
1,0,1644799005,769,23,36,235,0,5056,0,3.44,TRUE,,,,,,,,,
1,0,1644799008,767,23,36,231,0,5056,0,3.3,TRUE,,,,,,,,,
1,0,1644799011,766,23,36,222,0,5056,0,3.28,TRUE,,,,,,,,,
1,0,1644799014,765,23,36,150,0,5056,0,3.12,TRUE,,,,,,,,,
1,0,1644799017,761,23,36,140,0,5056,0,3.13,TRUE,,,,,,,,,
1,0,1644799020,762,23,36,150,0,5056,0,3.16,TRUE,,,,,,,,,
1,0,1644799023,762,23,36,242,0,5056,0,3.29,TRUE,,,,,,,,,
1,0,1644799026,765,23,36,238,0,5056,0,3.3,TRUE,,,,,,,,,
1,0,1644799029,763,23,35,222,0,5056,0,3.27,TRUE,,,,,,,,,
1,0,1644799032,760,23,35,224,0,5056,0,3.34,TRUE,,,,,,,,,
1,0,1644799035,757,23,35,227,0,5056,0,3.23,TRUE,,,,,,,,,
1,0,1644799038,759,23,35,230,0,5056,0,3.33,TRUE,,,,,,,,,
1,0,1644799041,762,23,35,223,0,5056,0,3.42,TRUE,,,,,,,,,
1,0,1644799044,762,23,35,202,0,5056,0,3.25,TRUE,,,,,,,,,
1,0,1644799047,761,23,35,153,0,5056,0,3.22,TRUE,,,,,,,,,
1,0,1644799050,761,23,35,183,0,5056,0,3.22,TRUE,,,,,,,,,
1,0,1644799053,759,23,35,162,0,5056,0,3.24,TRUE,,,,,,,,,
1,0,1644799056,759,23,36,136,0,5056,0,3.11,TRUE,,,,,,,,,
1,0,1644799059,758,23,36,209,0,5056,0,3.29,TRUE,,,,,,,,,
1,0,1644799062,758,23,36,228,0,5056,0,3.29,TRUE,,,,,,,,,
1,0,1644799065,756,23,36,228,0,5056,0,3.29,TRUE,,,,,,,,,
1,0,1644799068,755,23,36,227,0,5056,0,3.34,TRUE,,,,,,,,,
1,0,1644799071,755,23,35,174,0,5056,0,3.26,TRUE,,,,,,,,,
1,0,1644799074,754,23,35,159,0,5056,0,3.24,TRUE,,,,,,,,,
1,0,1644799077,751,23,35,157,0,5056,0,3.26,TRUE,,,,,,,,,
1,0,1644799080,752,23,35,149,0,5056,0,3.13,TRUE,,,,,,,,,
1,0,1644799083,752,23,35,157,0,5056,0,3.15,TRUE,,,,,,,,,
1,0,1644799086,752,23,35,148,0,5056,0,3.16,TRUE,,,,,,,,,
1,0,1644799089,754,23,35,160,0,5056,0,3.15,TRUE,,,,,,,,,
1,0,1644799092,751,23,35,154,0,5056,0,3.08,TRUE,,,,,,,,,
1,0,1644799095,750,23,35,168,0,5056,0,3.22,TRUE,,,,,,,,,
1,0,1644799098,749,23,35,152,0,5056,0,3.28,TRUE,,,,,,,,,
1,0,1644799101,750,23,35,158,0,5056,0,3.24,TRUE,,,,,,,,,
1,0,1644799104,747,23,35,189,0,5056,0,3.2,TRUE,,,,,,,,,
1,0,1644799107,749,23,35,160,0,5056,0,3.24,TRUE,,,,,,,,,
1,0,1644799110,748,23,35,217,0,5056,0,3.25,TRUE,,,,,,,,,
1,0,1644799113,748,23,35,223,0,5056,0,3.3,TRUE,,,,,,,,,
1,0,1644799116,747,23,35,232,0,5056,0,3.3,TRUE,,,,,,,,,
1,0,1644799119,747,23,36,216,0,5056,0,3.36,TRUE,,,,,,,,,
1,0,1644799122,748,23,36,210,0,5056,0,3.26,TRUE,,,,,,,,,
1,0,1644799125,746,23,36,162,0,5056,0,3.26,TRUE,,,,,,,,,
1,0,1644799128,747,23,35,164,0,5056,0,3.24,TRUE,,,,,,,,,
1,0,1644799131,746,23,35,218,0,5056,0,3.33,TRUE,,,,,,,,,
1,0,1644799134,747,23,35,227,0,5056,0,3.2,TRUE,,,,,,,,,
1,0,1644799137,748,23,35,222,0,5056,0,3.32,TRUE,,,,,,,,,
1,0,1644799140,748,23,35,214,0,5056,0,3.25,TRUE,,,,,,,,,
1,0,1644799143,748,23,35,212,0,5056,0,3.3,TRUE,,,,,,,,,
1,0,1644799146,747,23,35,165,0,5056,0,3.3,TRUE,,,,,,,,,
1,0,1644799149,747,23,35,149,0,5056,0,3.48,TRUE,,,,,,,,,
1,0,1644799152,744,23,35,229,0,5056,0,3.48,TRUE,,,,,,,,,
1,0,1644799155,744,23,36,228,0,5056,0,3.42,TRUE,,,,,,,,,
1,0,1644799158,743,23,36,219,0,5056,0,3.32,TRUE,,,,,,,,,
1,0,1644799161,744,23,36,222,0,5056,0,3.45,TRUE,,,,,,,,,
1,0,1644799164,744,23,36,85,0,5056,0,3.2,TRUE,,,,,,,,,
1,0,1644799167,742,23,35,88,0,5056,0,3.08,TRUE,,,,,,,,,
1,0,1644799170,742,23,35,122,0,5056,0,3.24,TRUE,,,,,,,,,
1,0,1644799173,743,23,35,200,0,5056,0,3.31,TRUE,,,,,,,,,
1,0,1644799176,745,23,35,312,0,5056,0,3.3,TRUE,,,,,,,,,
1,0,1644799179,746,23,35,253,0,5056,0,3.26,TRUE,,,,,,,,,
1,0,1644799182,745,23,35,230,0,5056,0,3.34,TRUE,,,,,,,,,
1,0,1644799185,745,23,35,222,0,5056,0,3.39,TRUE,,,,,,,,,
1,0,1644799188,746,23,36,221,0,5056,0,3.41,TRUE,,,,,,,,,
1,0,1644799191,744,23,36,223,0,5056,0,3.34,TRUE,,,,,,,,,
1,0,1644799194,744,23,36,213,0,5056,0,3.28,TRUE,,,,,,,,,
1,0,1644799197,743,23,35,194,0,5056,0,3.29,TRUE,,,,,,,,,
1,0,1644799200,743,23,35,186,0,5056,0,3.29,TRUE,,,,,,,,,
1,0,1644799203,744,23,35,160,0,5056,0,3.25,TRUE,,,,,,,,,
1,0,1644799206,744,23,35,153,0,5056,0,3.18,TRUE,,,,,,,,,
1,0,1644799209,743,23,35,160,0,5056,0,3.33,TRUE,,,,,,,,,
1,0,1644799212,741,23,35,160,0,5056,0,3.13,TRUE,,,,,,,,,
1,0,1644799215,741,23,35,105,0,5056,0,3.24,TRUE,,,,,,,,,
1,0,1644799218,741,23,35,174,0,5056,0,3.39,TRUE,,,,,,,,,
1,0,1644799221,742,23,35,213,0,5056,0,3.33,TRUE,,,,,,,,,
1,0,1644799224,743,23,35,206,0,5056,0,3.27,TRUE,,,,,,,,,
1,0,1644799227,744,23,35,166,0,5056,0,3.24,TRUE,,,,,,,,,
1,0,1644799230,744,23,35,154,0,5056,0,3.11,TRUE,,,,,,,,,
1,0,1644799233,744,23,35,165,0,5056,0,3.22,TRUE,,,,,,,,,
1,0,1644799236,745,23,36,231,0,5056,0,3.28,TRUE,,,,,,,,,
1,0,1644799239,745,23,36,225,0,5056,0,3.38,TRUE,,,,,,,,,
1,0,1644799242,744,23,36,213,0,5056,0,3.34,TRUE,,,,,,,,,
1,0,1644799245,744,23,36,224,0,5056,0,3.26,TRUE,,,,,,,,,
1,0,1644799248,743,23,36,194,0,5056,0,3.35,TRUE,,,,,,,,,
1,0,1644799251,744,23,36,186,0,5056,0,3.27,TRUE,,,,,,,,,
1,0,1644799254,746,23,36,160,0,5056,0,3.24,TRUE,,,,,,,,,
1,0,1644799257,747,23,36,152,0,5056,0,3.13,TRUE,,,,,,,,,
1,0,1644799260,746,23,36,157,0,5056,0,3.19,TRUE,,,,,,,,,
1,0,1644799263,745,23,36,172,0,5056,0,3.22,TRUE,,,,,,,,,
1,0,1644799266,746,23,36,223,0,5056,0,3.28,TRUE,,,,,,,,,
1,0,1644799269,744,23,36,175,0,5056,0,3.26,TRUE,,,,,,,,,
1,0,1644799272,744,23,35,151,0,5056,0,3.24,TRUE,,,,,,,,,
1,0,1644799275,743,23,35,160,0,5056,0,3.23,TRUE,,,,,,,,,
1,0,1644799278,744,23,35,185,0,5056,0,3.25,TRUE,,,,,,,,,
1,0,1644799281,744,23,35,168,0,5056,0,3.27,TRUE,,,,,,,,,
1,0,1644799284,742,23,35,190,0,5056,0,3.32,TRUE,,,,,,,,,
1,0,1644799287,739,23,35,220,0,5056,0,3.42,TRUE,,,,,,,,,
1,0,1644799290,738,23,35,222,0,5056,0,3.24,TRUE,,,,,,,,,
1,0,1644799293,737,23,35,228,0,5056,0,3.28,TRUE,,,,,,,,,
1,0,1644799296,737,23,35,198,0,5056,0,3.27,TRUE,,,,,,,,,
1,0,1644799299,737,23,35,171,0,5056,0,3.23,TRUE,,,,,,,,,
1,0,1644799302,739,23,35,151,0,5056,0,3.26,TRUE,,,,,,,,,
1,0,1644799305,739,23,36,156,0,5056,0,3.22,TRUE,,,,,,,,,
1,0,1644799308,740,23,35,166,0,5056,0,3.06,TRUE,,,,,,,,,
1,0,1644799311,740,23,35,172,0,5056,0,3.21,TRUE,,,,,,,,,
1,0,1644799314,742,23,36,159,0,5056,0,3.21,TRUE,,,,,,,,,
1,0,1644799317,746,23,36,155,0,5056,0,3.23,TRUE,,,,,,,,,
1,0,1644799320,749,23,36,156,0,5056,0,3.19,TRUE,,,,,,,,,
1,0,1644799323,757,23,36,163,0,5056,0,3.26,TRUE,,,,,,,,,
1,0,1644799326,765,23,36,151,0,5056,0,3.26,TRUE,,,,,,,,,
1,0,1644799329,768,23,35,150,0,5056,0,3.15,TRUE,,,,,,,,,
1,0,1644799332,764,23,35,159,0,5056,0,3.12,TRUE,,,,,,,,,
1,0,1644799335,765,23,35,165,0,5056,0,3.23,TRUE,,,,,,,,,
1,0,1644799338,761,23,35,159,0,5056,0,3.13,TRUE,,,,,,,,,
1,0,1644799341,763,23,35,160,0,5056,0,3.19,TRUE,,,,,,,,,
1,0,1644799344,761,23,35,161,0,5056,0,3.16,TRUE,,,,,,,,,
1,0,1644799347,759,23,35,189,0,5056,0,3.31,TRUE,,,,,,,,,
1,0,1644799350,757,23,35,214,0,5056,0,3.44,TRUE,,,,,,,,,
1,0,1644799353,754,23,35,182,0,5056,0,3.24,TRUE,,,,,,,,,
1,0,1644799356,752,23,35,153,0,5056,0,3.07,TRUE,,,,,,,,,
1,0,1644799359,752,23,35,173,0,5056,0,3.33,TRUE,,,,,,,,,
1,0,1644799362,751,23,35,218,0,5056,0,3.09,TRUE,,,,,,,,,
1,0,1644799365,748,23,35,163,0,5056,0,3.26,TRUE,,,,,,,,,
1,0,1644799368,747,23,35,184,0,5056,0,3.21,TRUE,,,,,,,,,
1,0,1644799371,744,23,35,156,0,5056,0,3.19,TRUE,,,,,,,,,
1,0,1644799374,743,23,35,178,0,5056,0,3.2,TRUE,,,,,,,,,
1,0,1644799377,740,23,36,176,0,5056,0,3.21,TRUE,,,,,,,,,
1,0,1644799380,737,23,36,199,0,5056,0,3.3,TRUE,,,,,,,,,
1,0,1644799383,736,23,36,179,0,5056,0,3.31,TRUE,,,,,,,,,
1,0,1644799386,736,23,37,219,0,5056,0,3.33,TRUE,,,,,,,,,
1,0,1644799389,737,23,37,211,0,5056,0,3.29,TRUE,,,,,,,,,
1,0,1644799392,737,23,36,187,0,5056,0,3.29,TRUE,,,,,,,,,
1,0,1644799395,737,23,36,161,0,5056,0,3.25,TRUE,,,,,,,,,
1,0,1644799398,736,23,36,152,0,5056,0,3.21,TRUE,,,,,,,,,
1,0,1644799401,736,23,36,161,0,5056,0,3.13,TRUE,,,,,,,,,
1,0,1644799404,736,23,36,160,0,5056,0,3.19,TRUE,,,,,,,,,
1,0,1644799407,737,23,35,174,0,5056,0,3.27,TRUE,,,,,,,,,
1,0,1644799410,736,23,35,214,0,5056,0,3.23,TRUE,,,,,,,,,
1,0,1644799413,736,23,35,214,0,5056,0,3.31,TRUE,,,,,,,,,
1,0,1644799416,739,23,35,166,0,5056,0,3.25,TRUE,,,,,,,,,
1,0,1644799419,739,23,35,214,0,5056,0,3.28,TRUE,,,,,,,,,
1,0,1644799422,735,23,35,227,0,5056,0,3.39,TRUE,,,,,,,,,
1,0,1644799425,734,23,35,221,0,5056,0,3.42,TRUE,,,,,,,,,
1,0,1644799428,735,23,35,214,0,5056,0,3.3,TRUE,,,,,,,,,
1,0,1644799431,734,23,35,196,0,5056,0,3.28,TRUE,,,,,,,,,
1,0,1644799434,734,23,35,161,0,5056,0,3.16,TRUE,,,,,,,,,
1,0,1644799437,731,23,35,171,0,5056,0,3.24,TRUE,,,,,,,,,
1,0,1644799440,730,23,35,136,0,5056,0,3.3,TRUE,,,,,,,,,
1,0,1644799443,730,23,36,165,0,5056,0,3.27,TRUE,,,,,,,,,
1,0,1644799446,729,23,36,209,0,5056,0,3.32,TRUE,,,,,,,,,
1,0,1644799449,727,23,36,252,0,5056,0,3.27,TRUE,,,,,,,,,
1,0,1644799452,732,23,36,249,0,5056,0,3.29,TRUE,,,,,,,,,
1,0,1644799455,738,23,36,175,0,5056,0,3.22,TRUE,,,,,,,,,
1,0,1644799458,763,23,36,163,0,5056,0,3.22,TRUE,,,,,,,,,
1,0,1644799461,822,23,36,158,0,5056,0,3.15,TRUE,,,,,,,,,
1,0,1644799464,818,23,36,167,0,5056,0,3.11,TRUE,,,,,,,,,
1,0,1644799467,944,23,37,149,0,5056,0,3.28,TRUE,,,,,,,,,
1,0,1644799470,1017,23,37,246,0,5056,0,3.29,TRUE,,,,,,,,,
1,0,1644799473,1047,23,37,198,0,5056,0,3.23,TRUE,,,,,,,,,
1,0,1644799476,1069,23,36,182,0,5056,0,3.09,TRUE,,,,,,,,,
1,0,1644799479,1055,23,36,195,0,5056,0,3.22,TRUE,,,,,,,,,
1,0,1644799482,996,23,35,231,0,5056,0,3.33,TRUE,,,,,,,,,
1,0,1644799485,974,23,36,235,0,5056,0,3.4,TRUE,,,,,,,,,
1,0,1644799488,904,23,36,215,0,5056,0,3.28,TRUE,,,,,,,,,
1,0,1644799491,865,23,36,162,0,5056,0,3.28,TRUE,,,,,,,,,
1,0,1644799494,819,23,36,158,0,5056,0,3.16,TRUE,,,,,,,,,
1,0,1644799497,802,23,36,149,0,5056,0,3.23,TRUE,,,,,,,,,
1,0,1644799500,777,23,36,163,0,5056,0,3.24,TRUE,,,,,,,,,
1,0,1644799503,755,23,36,211,0,5056,0,3.33,TRUE,,,,,,,,,
1,0,1644799506,760,23,36,208,0,5056,0,3.21,TRUE,,,,,,,,,
1,0,1644799509,765,23,36,170,0,5056,0,3.24,TRUE,,,,,,,,,
1,0,1644799512,765,23,36,149,0,5056,0,3.23,TRUE,,,,,,,,,
1,0,1644799515,763,23,36,132,0,5056,0,3.28,TRUE,,,,,,,,,
1,0,1644799518,759,23,35,233,0,5056,0,3.41,TRUE,,,,,,,,,
1,0,1644799521,758,23,36,217,0,5056,0,3.36,TRUE,,,,,,,,,
1,0,1644799524,758,23,36,178,0,5056,0,3.27,TRUE,,,,,,,,,
1,0,1644799527,755,23,36,161,0,5056,0,3.22,TRUE,,,,,,,,,
1,0,1644799530,754,23,36,158,0,5056,0,3.18,TRUE,,,,,,,,,
1,0,1644799533,751,23,36,152,0,5056,0,3.26,TRUE,,,,,,,,,
1,0,1644799536,752,23,36,160,0,5056,0,3.21,TRUE,,,,,,,,,
1,0,1644799539,751,23,36,156,0,5056,0,3.17,TRUE,,,,,,,,,
1,0,1644799542,750,23,36,156,0,5056,0,3.21,TRUE,,,,,,,,,
1,0,1644799545,749,23,36,150,0,5056,0,3.03,TRUE,,,,,,,,,
1,0,1644799548,746,23,35,167,0,5056,0,3.22,TRUE,,,,,,,,,
1,0,1644799551,745,23,35,178,0,5056,0,3.24,TRUE,,,,,,,,,
1,0,1644799554,743,23,35,171,0,5056,0,3.18,TRUE,,,,,,,,,
1,0,1644799557,739,23,35,219,0,5056,0,3.28,TRUE,,,,,,,,,
1,0,1644799560,738,23,35,227,0,5056,0,3.32,TRUE,,,,,,,,,
1,0,1644799563,735,23,35,224,0,5056,0,3.31,TRUE,,,,,,,,,
1,0,1644799566,735,23,35,226,0,5056,0,3.44,TRUE,,,,,,,,,
1,0,1644799569,733,23,35,223,0,5056,0,3.32,TRUE,,,,,,,,,
1,0,1644799572,731,23,35,225,0,5056,0,3.4,TRUE,,,,,,,,,
1,0,1644799575,731,23,35,219,0,5056,0,3.36,TRUE,,,,,,,,,
1,0,1644799578,730,23,35,218,0,5056,0,3.29,TRUE,,,,,,,,,
1,0,1644799581,730,23,35,222,0,5056,0,3.4,TRUE,,,,,,,,,
1,0,1644799584,729,23,35,185,0,5056,0,3.28,TRUE,,,,,,,,,
1,0,1644799587,729,23,35,144,0,5056,0,3.25,TRUE,,,,,,,,,
1,0,1644799590,730,23,35,163,0,5056,0,3.18,TRUE,,,,,,,,,
1,0,1644799593,731,23,35,178,0,5056,0,3.26,TRUE,,,,,,,,,
1,0,1644799596,731,23,35,218,0,5056,0,3.28,TRUE,,,,,,,,,
1,0,1644799599,732,23,35,196,0,5056,0,3.26,TRUE,,,,,,,,,
1,0,1644799602,731,23,35,148,0,5056,0,3.26,TRUE,,,,,,,,,
1,0,1644799605,730,23,35,106,0,5056,0,3.26,TRUE,,,,,,,,,
1,0,1644799608,729,23,35,179,0,5056,0,3.21,TRUE,,,,,,,,,
1,0,1644799611,730,23,35,207,0,5056,0,3.28,TRUE,,,,,,,,,
1,0,1644799614,729,23,36,224,0,5056,0,3.28,TRUE,,,,,,,,,
1,0,1644799617,726,23,36,234,0,5056,0,3.37,TRUE,,,,,,,,,
1,0,1644799620,726,23,36,219,0,5056,0,3.28,TRUE,,,,,,,,,
1,0,1644799623,724,23,36,179,0,5056,0,3.26,TRUE,,,,,,,,,
1,0,1644799626,730,23,36,152,0,5056,0,3.21,TRUE,,,,,,,,,
1,0,1644799629,745,23,37,143,0,5056,0,3.08,TRUE,,,,,,,,,
1,0,1644799632,826,23,37,164,0,5056,0,3.17,TRUE,,,,,,,,,
1,0,1644799635,980,23,37,174,0,5056,0,3.27,TRUE,,,,,,,,,
1,0,1644799638,1120,23,37,155,0,5056,0,3.21,TRUE,,,,,,,,,
1,0,1644799641,1013,23,37,149,0,5056,0,3.17,TRUE,,,,,,,,,
1,0,1644799644,974,23,37,165,0,5056,0,3.28,TRUE,,,,,,,,,
1,0,1644799647,894,23,36,228,0,5056,0,3.4,TRUE,,,,,,,,,
1,0,1644799650,892,23,36,214,0,5056,0,3.26,TRUE,,,,,,,,,
1,0,1644799653,861,23,36,182,0,5056,0,3.2,TRUE,,,,,,,,,
1,0,1644799656,850,23,36,147,0,5056,0,3.21,TRUE,,,,,,,,,
1,0,1644799659,873,23,36,150,0,5056,0,3.26,TRUE,,,,,,,,,
1,0,1644799662,1029,23,39,152,0,5056,0,3.09,TRUE,,,,,,,,,
1,0,1644799665,1101,23,39,164,0,5056,0,3.24,TRUE,,,,,,,,,
1,0,1644799668,1309,23,38,216,0,5056,0,3.3,TRUE,,,,,,,,,
1,0,1644799671,1373,23,37,210,0,5056,0,3.25,TRUE,,,,,,,,,
1,0,1644799674,1312,23,37,174,0,5056,0,3.25,TRUE,,,,,,,,,
1,0,1644799677,1216,23,37,149,0,5056,0,3.2,TRUE,,,,,,,,,
1,0,1644799680,1173,23,37,164,0,5056,0,3.25,TRUE,,,,,,,,,
1,0,1644799683,1120,23,36,229,0,5056,0,3.48,TRUE,,,,,,,,,
1,0,1644799686,1025,23,36,217,0,5056,0,3.4,TRUE,,,,,,,,,
1,0,1644799689,993,23,36,196,0,5056,0,3.26,TRUE,,,,,,,,,
1,0,1644799692,936,23,36,158,0,5056,0,3.25,TRUE,,,,,,,,,
1,0,1644799695,912,23,36,148,0,5056,0,3.28,TRUE,,,,,,,,,
1,0,1644799698,867,23,36,166,0,5056,0,3.31,TRUE,,,,,,,,,
1,0,1644799701,835,23,36,228,0,5056,0,3.33,TRUE,,,,,,,,,
1,0,1644799704,823,23,36,230,0,5056,0,3.41,TRUE,,,,,,,,,
1,0,1644799707,789,23,36,221,0,5056,0,3.38,TRUE,,,,,,,,,
1,0,1644799710,782,23,36,235,0,5056,0,3.37,TRUE,,,,,,,,,
1,0,1644799713,774,23,35,214,0,5056,0,3.3,TRUE,,,,,,,,,
1,0,1644799716,771,23,35,158,0,5056,0,3.13,TRUE,,,,,,,,,
1,0,1644799719,764,23,35,181,0,5056,0,3.3,TRUE,,,,,,,,,
1,0,1644799722,760,23,35,227,0,5056,0,3.32,TRUE,,,,,,,,,
1,0,1644799725,756,23,35,224,0,5056,0,3.38,TRUE,,,,,,,,,
1,0,1644799728,753,23,35,229,0,5056,0,3.38,TRUE,,,,,,,,,
1,0,1644799731,748,23,35,209,0,5056,0,3.3,TRUE,,,,,,,,,
1,0,1644799734,748,23,35,142,0,5056,0,3.23,TRUE,,,,,,,,,
1,0,1644799737,745,23,35,148,0,5056,0,3.11,TRUE,,,,,,,,,
1,0,1644799740,743,23,35,161,0,5056,0,3.31,TRUE,,,,,,,,,
1,0,1644799743,743,23,35,166,0,5056,0,3.34,TRUE,,,,,,,,,
1,0,1644799746,738,23,35,172,0,5056,0,3.26,TRUE,,,,,,,,,
1,0,1644799749,741,23,35,148,0,5056,0,3.27,TRUE,,,,,,,,,
1,0,1644799752,743,23,35,161,0,5056,0,3.25,TRUE,,,,,,,,,
1,0,1644799755,742,23,35,176,0,5056,0,3.29,TRUE,,,,,,,,,
1,0,1644799758,740,23,35,152,0,5056,0,3.17,TRUE,,,,,,,,,
1,0,1644799761,739,23,35,166,0,5056,0,3.18,TRUE,,,,,,,,,
1,0,1644799764,738,23,35,184,0,5056,0,3.26,TRUE,,,,,,,,,
1,0,1644799767,735,23,35,228,0,5056,0,3.32,TRUE,,,,,,,,,
1,0,1644799770,734,23,35,227,0,5056,0,3.42,TRUE,,,,,,,,,
1,0,1644799773,733,23,35,148,0,5056,0,3.22,TRUE,,,,,,,,,
1,0,1644799776,731,23,35,140,0,5056,0,3.2,TRUE,,,,,,,,,
1,0,1644799779,733,23,35,188,0,5056,0,3.28,TRUE,,,,,,,,,
1,0,1644799782,734,23,35,229,0,5056,0,3.3,TRUE,,,,,,,,,
1,0,1644799785,734,23,35,228,0,5056,0,3.4,TRUE,,,,,,,,,
1,0,1644799788,735,23,35,210,0,5056,0,3.25,TRUE,,,,,,,,,
1,0,1644799791,734,23,35,161,0,5056,0,3.21,TRUE,,,,,,,,,
1,0,1644799794,734,23,35,153,0,5056,0,3.2,TRUE,,,,,,,,,
1,0,1644799797,734,23,36,229,0,5056,0,3.29,TRUE,,,,,,,,,
1,0,1644799800,731,23,36,167,0,5056,0,3.22,TRUE,,,,,,,,,
1,0,1644799803,731,23,36,223,0,5056,0,3.36,TRUE,,,,,,,,,
1,0,1644799806,732,23,36,229,0,5056,0,3.37,TRUE,,,,,,,,,
1,0,1644799809,733,23,36,229,0,5056,0,3.32,TRUE,,,,,,,,,
1,0,1644799812,731,23,35,204,0,5056,0,3.32,TRUE,,,,,,,,,
1,0,1644799815,731,23,36,147,0,5056,0,3.19,TRUE,,,,,,,,,
1,0,1644799818,729,23,36,143,0,5056,0,3.19,TRUE,,,,,,,,,
1,0,1644799821,728,23,36,147,0,5056,0,3.09,TRUE,,,,,,,,,
1,0,1644799824,729,23,36,163,0,5056,0,3.21,TRUE,,,,,,,,,
1,0,1644799827,730,23,36,211,0,5056,0,3.23,TRUE,,,,,,,,,
1,0,1644799830,730,23,36,229,0,5056,0,3.28,TRUE,,,,,,,,,
1,0,1644799833,733,23,36,229,0,5056,0,3.4,TRUE,,,,,,,,,
1,0,1644799836,733,23,36,222,0,5056,0,3.39,TRUE,,,,,,,,,
1,0,1644799839,733,23,36,211,0,5056,0,3.35,TRUE,,,,,,,,,
1,0,1644799842,733,23,36,161,0,5056,0,3.25,TRUE,,,,,,,,,
1,0,1644799845,733,23,36,165,0,5056,0,3.26,TRUE,,,,,,,,,
1,0,1644799848,733,23,36,213,0,5056,0,3.31,TRUE,,,,,,,,,
1,0,1644799851,732,23,36,229,0,5056,0,3.35,TRUE,,,,,,,,,
1,0,1644799854,731,23,36,213,0,5056,0,3.27,TRUE,,,,,,,,,
1,0,1644799857,733,23,36,172,0,5056,0,3.2,TRUE,,,,,,,,,
1,0,1644799860,734,23,36,162,0,5056,0,3.2,TRUE,,,,,,,,,
1,0,1644799863,736,23,36,185,0,5056,0,3.25,TRUE,,,,,,,,,
1,0,1644799866,738,23,36,171,0,5056,0,3.25,TRUE,,,,,,,,,
1,0,1644799869,738,23,36,216,0,5056,0,3.3,TRUE,,,,,,,,,
1,0,1644799872,740,23,35,222,0,5056,0,3.3,TRUE,,,,,,,,,
1,0,1644799875,741,23,35,207,0,5056,0,3.32,TRUE,,,,,,,,,
1,0,1644799878,741,23,36,196,0,5056,0,3.29,TRUE,,,,,,,,,
1,0,1644799881,740,23,36,143,0,5056,0,3.22,TRUE,,,,,,,,,
1,0,1644799884,740,23,36,160,0,5056,0,3.19,TRUE,,,,,,,,,
1,0,1644799887,741,23,36,163,0,5056,0,3.29,TRUE,,,,,,,,,
1,0,1644799890,741,23,36,205,0,5056,0,3.28,TRUE,,,,,,,,,
1,0,1644799893,754,23,38,224,0,5056,0,3.32,TRUE,,,,,,,,,
1,0,1644799896,767,23,38,216,0,5056,0,3.33,TRUE,,,,,,,,,
1,0,1644799899,784,23,37,168,0,5056,0,3.24,TRUE,,,,,,,,,
1,0,1644799902,938,23,36,175,0,5056,0,3.29,TRUE,,,,,,,,,
1,0,1644799905,1013,23,36,225,0,5056,0,3.29,TRUE,,,,,,,,,
1,0,1644799908,976,23,36,213,0,5056,0,3.29,TRUE,,,,,,,,,
1,0,1644799911,956,23,36,223,0,5056,0,3.32,TRUE,,,,,,,,,
1,0,1644799914,943,23,36,220,0,5056,0,3.31,TRUE,,,,,,,,,
1,0,1644799917,919,23,37,219,0,5056,0,3.36,TRUE,,,,,,,,,
1,0,1644799920,915,23,37,207,0,5056,0,3.29,TRUE,,,,,,,,,
1,0,1644799923,903,23,36,166,0,5056,0,3.26,TRUE,,,,,,,,,
1,0,1644799926,893,23,36,164,0,5056,0,3.26,TRUE,,,,,,,,,
1,0,1644799929,884,23,36,158,0,5056,0,3.22,TRUE,,,,,,,,,
1,0,1644799932,869,23,36,155,0,5056,0,3.13,TRUE,,,,,,,,,
1,0,1644799935,850,23,36,167,0,5056,0,3.28,TRUE,,,,,,,,,
1,0,1644799938,831,23,36,224,0,5056,0,3.35,TRUE,,,,,,,,,
1,0,1644799941,813,23,35,220,0,5056,0,3.4,TRUE,,,,,,,,,
1,0,1644799944,797,23,35,208,0,5056,0,3.28,TRUE,,,,,,,,,
1,0,1644799947,784,23,36,202,0,5056,0,3.3,TRUE,,,,,,,,,
1,0,1644799950,783,23,36,180,0,5056,0,3.24,TRUE,,,,,,,,,
1,0,1644799953,770,23,36,162,0,5056,0,3.28,TRUE,,,,,,,,,
1,0,1644799956,773,23,36,155,0,5056,0,3.24,TRUE,,,,,,,,,
1,0,1644799959,770,23,36,219,0,5056,0,3.32,TRUE,,,,,,,,,
1,0,1644799962,762,23,36,218,0,5056,0,3.44,TRUE,,,,,,,,,
1,0,1644799965,762,23,36,207,0,5056,0,3.37,TRUE,,,,,,,,,
1,0,1644799968,765,23,36,166,0,5056,0,3.25,TRUE,,,,,,,,,
1,0,1644799971,763,23,35,173,0,5056,0,3.28,TRUE,,,,,,,,,
1,0,1644799974,763,23,35,224,0,5056,0,3.47,TRUE,,,,,,,,,
1,0,1644799977,759,23,35,207,0,5056,0,3.34,TRUE,,,,,,,,,
1,0,1644799980,757,23,35,217,0,5056,0,3.32,TRUE,,,,,,,,,
1,0,1644799983,755,23,35,219,0,5056,0,3.38,TRUE,,,,,,,,,
1,0,1644799986,756,23,35,213,0,5056,0,3.33,TRUE,,,,,,,,,
1,0,1644799989,755,23,35,205,0,5056,0,3.26,TRUE,,,,,,,,,
1,0,1644799992,754,23,36,173,0,5056,0,3.26,TRUE,,,,,,,,,
1,0,1644799995,754,23,36,184,0,5056,0,3.26,TRUE,,,,,,,,,
1,0,1644799998,755,23,36,164,0,5056,0,3.24,TRUE,,,,,,,,,
1,0,1644800001,756,23,36,155,0,5056,0,3.15,TRUE,,,,,,,,,
1,0,1644800004,757,23,36,170,0,5056,0,3.27,TRUE,,,,,,,,,
1,0,1644800007,756,23,35,172,0,5056,0,3.26,TRUE,,,,,,,,,
1,0,1644800010,756,23,35,178,0,5056,0,3.23,TRUE,,,,,,,,,
1,0,1644800013,756,23,36,218,0,5056,0,3.36,TRUE,,,,,,,,,
1,0,1644800016,757,23,36,221,0,5056,0,3.48,TRUE,,,,,,,,,
1,0,1644800019,758,23,36,219,0,5056,0,3.38,TRUE,,,,,,,,,
1,0,1644800022,757,23,36,209,0,5056,0,3.24,TRUE,,,,,,,,,
1,0,1644800025,756,23,36,178,0,5056,0,3.28,TRUE,,,,,,,,,
1,0,1644800028,755,23,36,152,0,5056,0,3.11,TRUE,,,,,,,,,
1,0,1644800031,755,23,36,218,0,5056,0,3.33,TRUE,,,,,,,,,
1,0,1644800034,754,23,36,221,0,5056,0,3.34,TRUE,,,,,,,,,
1,0,1644800037,753,23,36,209,0,5056,0,3.25,TRUE,,,,,,,,,
1,0,1644800040,755,23,36,187,0,5056,0,3.29,TRUE,,,,,,,,,
1,0,1644800043,756,23,36,221,0,5056,0,3.31,TRUE,,,,,,,,,
1,0,1644800046,755,23,36,219,0,5056,0,3.43,TRUE,,,,,,,,,
1,0,1644800049,754,23,35,213,0,5056,0,3.3,TRUE,,,,,,,,,
1,0,1644800052,752,23,35,218,0,5056,0,3.41,TRUE,,,,,,,,,
1,0,1644800055,752,23,35,158,0,5056,0,3.21,TRUE,,,,,,,,,
1,0,1644800058,753,23,35,154,0,5056,0,3.3,TRUE,,,,,,,,,
1,0,1644800061,754,23,35,153,0,5056,0,3.11,TRUE,,,,,,,,,
1,0,1644800064,755,23,35,170,0,5056,0,3.19,TRUE,,,,,,,,,
1,0,1644800067,753,22,35,161,0,5056,0,3.25,TRUE,,,,,,,,,
1,0,1644800070,752,23,35,160,0,5056,0,3.2,TRUE,,,,,,,,,
1,0,1644800073,752,23,36,171,0,5056,0,3.27,TRUE,,,,,,,,,
1,0,1644800076,754,23,36,213,0,5056,0,3.28,TRUE,,,,,,,,,
1,0,1644800079,755,23,36,208,0,5056,0,3.3,TRUE,,,,,,,,,
1,0,1644800082,768,23,38,150,0,5056,0,3.11,TRUE,,,,,,,,,
1,0,1644800085,773,23,38,175,0,5056,0,3.28,TRUE,,,,,,,,,
1,0,1644800088,812,23,37,161,0,5056,0,3.2,TRUE,,,,,,,,,
1,0,1644800091,863,23,37,171,0,5056,0,3.26,TRUE,,,,,,,,,
1,0,1644800094,901,23,37,159,0,5056,0,3.24,TRUE,,,,,,,,,
1,0,1644800097,909,23,36,155,0,5056,0,3.12,TRUE,,,,,,,,,
1,0,1644800100,900,23,36,159,0,5056,0,3.22,TRUE,,,,,,,,,
1,0,1644800103,886,23,36,192,0,5056,0,3.25,TRUE,,,,,,,,,
1,0,1644800106,876,22,36,216,0,5056,0,3.32,TRUE,,,,,,,,,
1,0,1644800109,868,22,35,218,0,5056,0,3.35,TRUE,,,,,,,,,
1,0,1644800112,850,22,35,201,0,5056,0,3.26,TRUE,,,,,,,,,
1,0,1644800115,841,23,35,203,0,5056,0,3.3,TRUE,,,,,,,,,
1,0,1644800118,826,23,36,183,0,5056,0,3.26,TRUE,,,,,,,,,
1,0,1644800121,814,23,35,153,0,5056,0,3.23,TRUE,,,,,,,,,
1,0,1644800124,797,23,36,155,0,5056,0,3.19,TRUE,,,,,,,,,
1,0,1644800127,779,23,36,220,0,5056,0,3.29,TRUE,,,,,,,,,
1,0,1644800130,765,23,36,222,0,5056,0,3.4,TRUE,,,,,,,,,
1,0,1644800133,757,23,36,207,0,5056,0,3.31,TRUE,,,,,,,,,
1,0,1644800136,761,23,36,170,0,5056,0,3.29,TRUE,,,,,,,,,
1,0,1644800139,765,23,36,174,0,5056,0,3.27,TRUE,,,,,,,,,
1,0,1644800142,760,23,35,165,0,5056,0,3.24,TRUE,,,,,,,,,
1,0,1644800145,754,22,35,154,0,5056,0,3.12,TRUE,,,,,,,,,
1,0,1644800148,744,22,35,173,0,5056,0,3.24,TRUE,,,,,,,,,
1,0,1644800151,741,22,35,179,0,5056,0,3.26,TRUE,,,,,,,,,
1,0,1644800154,763,23,36,194,0,5056,0,3.29,TRUE,,,,,,,,,
1,0,1644800157,886,23,38,219,0,5056,0,3.3,TRUE,,,,,,,,,
1,0,1644800160,1004,23,38,214,0,5056,0,3.32,TRUE,,,,,,,,,
1,0,1644800163,1087,23,37,207,0,5056,0,3.31,TRUE,,,,,,,,,
1,0,1644800166,1073,23,37,205,0,5056,0,3.24,TRUE,,,,,,,,,
1,0,1644800169,1052,23,37,163,0,5056,0,3.26,TRUE,,,,,,,,,
1,0,1644800172,1015,23,37,180,0,5056,0,3.29,TRUE,,,,,,,,,
1,0,1644800175,993,23,37,217,0,5056,0,3.32,TRUE,,,,,,,,,
1,0,1644800178,914,23,36,217,0,5056,0,3.47,TRUE,,,,,,,,,
1,0,1644800181,874,23,36,196,0,5056,0,3.22,TRUE,,,,,,,,,
1,0,1644800184,852,23,36,151,0,5056,0,3.15,TRUE,,,,,,,,,
1,0,1644800187,856,23,36,165,0,5056,0,3.2,TRUE,,,,,,,,,
1,0,1644800190,854,23,36,197,0,5056,0,3.26,TRUE,,,,,,,,,
1,0,1644800193,834,23,36,222,0,5056,0,3.3,TRUE,,,,,,,,,
1,0,1644800196,819,23,35,218,0,5056,0,3.33,TRUE,,,,,,,,,
1,0,1644800199,810,23,35,205,0,5056,0,3.24,TRUE,,,,,,,,,
1,0,1644800202,796,23,36,168,0,5056,0,3.28,TRUE,,,,,,,,,
1,0,1644800205,796,23,36,154,0,5056,0,3.14,TRUE,,,,,,,,,
1,0,1644800208,788,23,36,157,0,5056,0,3.16,TRUE,,,,,,,,,
1,0,1644800211,787,23,36,163,0,5056,0,3.15,TRUE,,,,,,,,,
1,0,1644800214,787,23,36,154,0,5056,0,3.21,TRUE,,,,,,,,,
1,0,1644800217,794,23,36,166,0,5056,0,3.25,TRUE,,,,,,,,,
1,0,1644800220,793,23,36,170,0,5056,0,3.21,TRUE,,,,,,,,,
1,0,1644800223,793,23,36,180,0,5056,0,3.28,TRUE,,,,,,,,,
1,0,1644800226,791,23,36,217,0,5056,0,3.28,TRUE,,,,,,,,,
1,0,1644800229,789,23,36,217,0,5056,0,3.3,TRUE,,,,,,,,,
1,0,1644800232,786,23,36,157,0,5056,0,3.24,TRUE,,,,,,,,,
1,0,1644800235,785,23,36,155,0,5056,0,3.21,TRUE,,,,,,,,,
1,0,1644800238,781,23,36,156,0,5056,0,3.19,TRUE,,,,,,,,,
1,0,1644800241,781,23,36,172,0,5056,0,3.27,TRUE,,,,,,,,,
1,0,1644800244,779,23,36,213,0,5056,0,3.3,TRUE,,,,,,,,,
1,0,1644800247,775,23,37,218,0,5056,0,3.34,TRUE,,,,,,,,,
1,0,1644800250,775,23,37,220,0,5056,0,3.27,TRUE,,,,,,,,,
1,0,1644800253,771,23,37,214,0,5056,0,3.33,TRUE,,,,,,,,,
1,0,1644800256,771,23,37,200,0,5056,0,3.27,TRUE,,,,,,,,,
1,0,1644800259,770,23,37,220,0,5056,0,3.39,TRUE,,,,,,,,,
1,0,1644800262,767,23,37,201,0,5056,0,3.32,TRUE,,,,,,,,,
1,0,1644800265,766,23,37,169,0,5056,0,3.24,TRUE,,,,,,,,,
1,0,1644800268,766,23,37,172,0,5056,0,3.24,TRUE,,,,,,,,,
1,0,1644800271,767,23,36,198,0,5056,0,3.34,TRUE,,,,,,,,,
1,0,1644800274,766,23,36,213,0,5056,0,3.27,TRUE,,,,,,,,,
1,0,1644800277,763,23,37,201,0,5056,0,3.27,TRUE,,,,,,,,,
1,0,1644800280,764,23,37,158,0,5056,0,3.23,TRUE,,,,,,,,,
1,0,1644800283,763,23,37,159,0,5056,0,3.13,TRUE,,,,,,,,,
1,0,1644800286,763,23,36,165,0,5056,0,3.21,TRUE,,,,,,,,,
1,0,1644800289,762,23,36,223,0,5056,0,3.34,TRUE,,,,,,,,,
1,0,1644800292,762,23,36,212,0,5056,0,3.29,TRUE,,,,,,,,,
1,0,1644800295,763,23,36,222,0,5056,0,3.33,TRUE,,,,,,,,,
1,0,1644800298,761,23,36,214,0,5056,0,3.34,TRUE,,,,,,,,,
1,0,1644800301,761,23,36,212,0,5056,0,3.31,TRUE,,,,,,,,,
1,0,1644800304,762,23,36,197,0,5056,0,3.3,TRUE,,,,,,,,,
1,0,1644800307,762,23,36,153,0,5056,0,3.26,TRUE,,,,,,,,,
1,0,1644800310,762,23,36,158,0,5056,0,3.15,TRUE,,,,,,,,,
1,0,1644800313,761,23,35,164,0,5056,0,3.24,TRUE,,,,,,,,,
1,0,1644800316,762,23,36,164,0,5056,0,3.25,TRUE,,,,,,,,,
1,0,1644800319,766,23,36,152,0,5056,0,3.22,TRUE,,,,,,,,,
1,0,1644800322,775,23,37,169,0,5056,0,3.26,TRUE,,,,,,,,,
1,0,1644800325,788,23,37,155,0,5056,0,3.22,TRUE,,,,,,,,,
1,0,1644800328,883,23,37,158,0,5056,0,3.18,TRUE,,,,,,,,,
1,0,1644800331,917,23,37,185,0,5056,0,3.33,TRUE,,,,,,,,,
1,0,1644800334,883,23,37,222,0,5056,0,3.3,TRUE,,,,,,,,,
1,0,1644800337,886,23,36,203,0,5056,0,3.22,TRUE,,,,,,,,,
1,0,1644800340,889,23,36,189,0,5056,0,3.28,TRUE,,,,,,,,,
1,0,1644800343,870,23,36,159,0,5056,0,3.23,TRUE,,,,,,,,,
1,0,1644800346,865,23,36,155,0,5056,0,3.16,TRUE,,,,,,,,,
1,0,1644800349,858,23,36,218,0,5056,0,3.31,TRUE,,,,,,,,,
1,0,1644800352,842,23,36,219,0,5056,0,3.3,TRUE,,,,,,,,,
1,0,1644800355,831,23,36,210,0,5056,0,3.33,TRUE,,,,,,,,,
1,0,1644800358,801,23,36,154,0,5056,0,3.15,TRUE,,,,,,,,,
1,0,1644800361,774,23,36,172,0,5056,0,3.28,TRUE,,,,,,,,,
1,0,1644800364,777,23,36,216,0,5056,0,3.32,TRUE,,,,,,,,,
1,0,1644800367,771,23,36,222,0,5056,0,3.42,TRUE,,,,,,,,,
1,0,1644800370,771,23,36,219,0,5056,0,3.4,TRUE,,,,,,,,,
1,0,1644800373,759,23,36,210,0,5056,0,3.26,TRUE,,,,,,,,,
1,0,1644800376,754,23,36,162,0,5056,0,3.25,TRUE,,,,,,,,,
1,0,1644800379,753,23,36,210,0,5056,0,3.3,TRUE,,,,,,,,,
1,0,1644800382,750,23,36,204,0,5056,0,3.24,TRUE,,,,,,,,,
1,0,1644800385,747,23,35,168,0,5056,0,3.26,TRUE,,,,,,,,,
1,0,1644800388,747,23,35,155,0,5056,0,3.26,TRUE,,,,,,,,,
1,0,1644800391,750,23,35,159,0,5056,0,3.15,TRUE,,,,,,,,,
1,0,1644800394,751,23,35,154,0,5056,0,3.16,TRUE,,,,,,,,,
1,0,1644800397,753,23,35,157,0,5056,0,3.11,TRUE,,,,,,,,,
1,0,1644800400,752,23,35,171,0,5056,0,3.21,TRUE,,,,,,,,,
1,0,1644800403,753,23,35,156,0,5056,0,3.24,TRUE,,,,,,,,,
1,0,1644800406,753,23,35,157,0,5056,0,3.21,TRUE,,,,,,,,,
1,0,1644800409,754,23,35,154,0,5056,0,3.24,TRUE,,,,,,,,,
1,0,1644800412,756,23,36,167,0,5056,0,3.24,TRUE,,,,,,,,,
1,0,1644800415,759,23,35,206,0,5056,0,3.3,TRUE,,,,,,,,,
1,0,1644800418,763,23,36,210,0,5056,0,3.3,TRUE,,,,,,,,,
1,0,1644800421,768,23,36,201,0,5056,0,3.27,TRUE,,,,,,,,,
1,0,1644800424,771,23,36,152,0,5056,0,3.22,TRUE,,,,,,,,,
1,0,1644800427,768,23,36,162,0,5056,0,3.29,TRUE,,,,,,,,,
1,0,1644800430,771,23,36,174,0,5056,0,3.32,TRUE,,,,,,,,,
1,0,1644800433,775,23,36,188,0,5056,0,3.28,TRUE,,,,,,,,,
1,0,1644800436,774,23,36,236,0,5056,0,3.29,TRUE,,,,,,,,,
1,0,1644800439,774,23,36,138,0,5056,0,3.27,TRUE,,,,,,,,,
1,0,1644800442,773,23,35,191,0,5056,0,3.24,TRUE,,,,,,,,,
1,0,1644800445,773,23,35,208,0,5056,0,3.29,TRUE,,,,,,,,,
1,0,1644800448,770,23,35,238,0,5056,0,3.34,TRUE,,,,,,,,,
1,0,1644800451,771,23,35,229,0,5056,0,3.33,TRUE,,,,,,,,,
1,0,1644800454,768,23,36,150,0,5056,0,3.2,TRUE,,,,,,,,,
1,0,1644800457,766,23,36,184,0,5056,0,3.36,TRUE,,,,,,,,,
1,0,1644800460,766,23,36,186,0,5056,0,3.24,TRUE,,,,,,,,,
1,0,1644800463,764,23,36,171,0,5056,0,3.24,TRUE,,,,,,,,,
1,0,1644800466,764,23,36,170,0,5056,0,3.22,TRUE,,,,,,,,,
1,0,1644800469,763,23,36,156,0,5056,0,3.43,TRUE,,,,,,,,,
1,0,1644800472,760,23,36,153,0,5056,0,3.07,TRUE,,,,,,,,,
1,0,1644800475,758,23,36,165,0,5056,0,3.28,TRUE,,,,,,,,,
1,0,1644800478,757,23,36,189,0,5056,0,3.26,TRUE,,,,,,,,,
1,0,1644800481,756,23,35,225,0,5056,0,3.34,TRUE,,,,,,,,,
1,0,1644800484,754,23,35,223,0,5056,0,3.31,TRUE,,,,,,,,,
1,0,1644800487,750,23,35,168,0,5056,0,3.26,TRUE,,,,,,,,,
1,0,1644800490,750,23,35,178,0,5056,0,3.28,TRUE,,,,,,,,,
1,0,1644800493,750,23,35,218,0,5056,0,3.32,TRUE,,,,,,,,,
1,0,1644800496,749,23,35,228,0,5056,0,3.37,TRUE,,,,,,,,,
1,0,1644800499,748,23,35,227,0,5056,0,3.35,TRUE,,,,,,,,,
1,0,1644800502,749,23,35,228,0,5056,0,3.32,TRUE,,,,,,,,,
1,0,1644800505,749,23,35,210,0,5056,0,3.28,TRUE,,,,,,,,,
1,0,1644800508,747,23,35,156,0,5056,0,3.22,TRUE,,,,,,,,,
1,0,1644800511,746,23,35,150,0,5056,0,3.25,TRUE,,,,,,,,,
1,0,1644800514,747,23,35,154,0,5056,0,3.22,TRUE,,,,,,,,,
1,0,1644800517,745,23,35,163,0,5056,0,3.17,TRUE,,,,,,,,,
1,0,1644800520,745,23,35,200,0,5056,0,3.28,TRUE,,,,,,,,,
1,0,1644800523,746,23,35,216,0,5056,0,3.31,TRUE,,,,,,,,,
1,0,1644800526,746,23,35,225,0,5056,0,3.27,TRUE,,,,,,,,,
1,0,1644800529,746,23,35,226,0,5056,0,3.43,TRUE,,,,,,,,,
1,0,1644800532,744,23,35,207,0,5056,0,3.26,TRUE,,,,,,,,,
1,0,1644800535,744,23,35,145,0,5056,0,3.13,TRUE,,,,,,,,,
1,0,1644800538,745,23,35,160,0,5056,0,3.24,TRUE,,,,,,,,,
1,0,1644800541,745,23,35,206,0,5056,0,3.3,TRUE,,,,,,,,,
1,0,1644800544,744,23,35,230,0,5056,0,3.38,TRUE,,,,,,,,,
1,0,1644800547,744,23,35,163,0,5056,0,3.23,TRUE,,,,,,,,,
1,0,1644800550,744,23,35,154,0,5056,0,3.22,TRUE,,,,,,,,,
1,0,1644800553,743,23,35,213,0,5056,0,3.33,TRUE,,,,,,,,,
1,0,1644800556,745,23,35,163,0,5056,0,3.25,TRUE,,,,,,,,,
1,0,1644800559,746,23,35,153,0,5056,0,3.21,TRUE,,,,,,,,,
1,0,1644800562,746,23,35,148,0,5056,0,3.12,TRUE,,,,,,,,,
1,0,1644800565,746,23,35,157,0,5056,0,3.21,TRUE,,,,,,,,,
1,0,1644800568,746,23,35,227,0,5056,0,3.33,TRUE,,,,,,,,,
1,0,1644800571,746,23,36,158,0,5056,0,3.24,TRUE,,,,,,,,,
1,0,1644800574,746,23,36,146,0,5056,0,3.23,TRUE,,,,,,,,,
1,0,1644800577,744,23,36,157,0,5056,0,3.21,TRUE,,,,,,,,,
1,0,1644800580,743,23,36,194,0,5056,0,3.28,TRUE,,,,,,,,,
1,0,1644800583,743,23,36,199,0,5056,0,3.28,TRUE,,,,,,,,,
1,0,1644800586,742,23,36,226,0,5056,0,3.32,TRUE,,,,,,,,,
1,0,1644800589,741,23,36,225,0,5056,0,3.42,TRUE,,,,,,,,,
1,0,1644800592,741,23,36,216,0,5056,0,3.36,TRUE,,,,,,,,,
1,0,1644800595,741,23,36,212,0,5056,0,3.36,TRUE,,,,,,,,,
1,0,1644800598,740,23,36,202,0,5056,0,3.25,TRUE,,,,,,,,,
1,0,1644800601,739,23,36,164,0,5056,0,3.25,TRUE,,,,,,,,,
1,0,1644800604,739,23,36,175,0,5056,0,3.29,TRUE,,,,,,,,,
1,0,1644800607,739,23,36,157,0,5056,0,3.25,TRUE,,,,,,,,,
1,0,1644800610,738,23,36,149,0,5056,0,3.28,TRUE,,,,,,,,,
1,0,1644800613,738,23,36,154,0,5056,0,3.13,TRUE,,,,,,,,,
1,0,1644800616,737,23,35,152,0,5056,0,3.04,TRUE,,,,,,,,,
1,0,1644800619,737,23,35,156,0,5056,0,3.17,TRUE,,,,,,,,,
1,0,1644800622,738,23,35,167,0,5056,0,3.2,TRUE,,,,,,,,,
1,0,1644800625,738,23,35,223,0,5056,0,3.28,TRUE,,,,,,,,,
1,0,1644800628,738,23,35,217,0,5056,0,3.33,TRUE,,,,,,,,,
1,0,1644800631,737,23,35,225,0,5056,0,3.3,TRUE,,,,,,,,,
1,0,1644800634,737,23,35,229,0,5056,0,3.4,TRUE,,,,,,,,,
1,0,1644800637,737,23,35,210,0,5056,0,3.29,TRUE,,,,,,,,,
1,0,1644800640,738,23,35,156,0,5056,0,3.23,TRUE,,,,,,,,,
1,0,1644800643,738,23,35,163,0,5056,0,3.18,TRUE,,,,,,,,,
1,0,1644800646,737,23,35,184,0,5056,0,3.3,TRUE,,,,,,,,,
1,0,1644800649,736,23,35,197,0,5056,0,3.34,TRUE,,,,,,,,,
1,0,1644800652,736,23,35,215,0,5056,0,3.45,TRUE,,,,,,,,,
1,0,1644800655,736,23,35,223,0,5056,0,3.4,TRUE,,,,,,,,,
1,0,1644800658,736,23,35,212,0,5056,0,3.32,TRUE,,,,,,,,,
1,0,1644800661,736,23,35,158,0,5056,0,3.18,TRUE,,,,,,,,,
1,0,1644800664,735,23,35,154,0,5056,0,3.16,TRUE,,,,,,,,,
1,0,1644800667,732,23,35,152,0,5056,0,3.12,TRUE,,,,,,,,,
1,0,1644800670,732,23,35,157,0,5056,0,3.13,TRUE,,,,,,,,,
1,0,1644800673,732,23,35,180,0,5056,0,3.32,TRUE,,,,,,,,,
1,0,1644800676,731,23,36,181,0,5056,0,3.32,TRUE,,,,,,,,,
1,0,1644800679,729,23,36,205,0,5056,0,3.3,TRUE,,,,,,,,,
1,0,1644800682,728,23,36,230,0,5056,0,3.25,TRUE,,,,,,,,,
1,0,1644800685,727,23,36,227,0,5056,0,3.44,TRUE,,,,,,,,,
1,0,1644800688,727,23,36,222,0,5056,0,3.41,TRUE,,,,,,,,,
1,0,1644800691,726,23,36,218,0,5056,0,3.34,TRUE,,,,,,,,,
1,0,1644800694,726,23,36,189,0,5056,0,3.29,TRUE,,,,,,,,,
1,0,1644800697,726,23,36,173,0,5056,0,3.24,TRUE,,,,,,,,,
1,0,1644800700,725,23,36,155,0,5056,0,3.15,TRUE,,,,,,,,,
1,0,1644800703,726,23,36,175,0,5056,0,3.3,TRUE,,,,,,,,,
1,0,1644800706,724,23,36,220,0,5056,0,3.3,TRUE,,,,,,,,,
1,0,1644800709,724,23,36,224,0,5056,0,3.31,TRUE,,,,,,,,,
1,0,1644800712,726,23,36,226,0,5056,0,3.36,TRUE,,,,,,,,,
1,0,1644800715,725,23,36,219,0,5056,0,3.37,TRUE,,,,,,,,,
1,0,1644800718,725,23,36,201,0,5056,0,3.3,TRUE,,,,,,,,,
1,0,1644800721,724,23,36,204,0,5056,0,3.25,TRUE,,,,,,,,,
1,0,1644800724,723,23,36,195,0,5056,0,3.26,TRUE,,,,,,,,,
1,0,1644800727,724,23,36,152,0,5056,0,3.32,TRUE,,,,,,,,,
1,0,1644800730,724,23,36,226,0,5056,0,3.28,TRUE,,,,,,,,,
1,0,1644800733,724,23,36,224,0,5056,0,3.34,TRUE,,,,,,,,,
1,0,1644800736,723,23,37,223,0,5056,0,3.46,TRUE,,,,,,,,,
1,0,1644800739,723,23,36,203,0,5056,0,3.32,TRUE,,,,,,,,,
1,0,1644800742,723,23,37,218,0,5056,0,3.3,TRUE,,,,,,,,,
1,0,1644800745,722,23,37,226,0,5056,0,3.32,TRUE,,,,,,,,,
1,0,1644800748,722,23,37,222,0,5056,0,3.42,TRUE,,,,,,,,,
1,0,1644800751,721,23,36,213,0,5056,0,3.36,TRUE,,,,,,,,,
1,0,1644800754,721,23,36,202,0,5056,0,3.31,TRUE,,,,,,,,,
1,0,1644800757,721,23,36,184,0,5056,0,3.29,TRUE,,,,,,,,,
1,0,1644800760,722,23,36,149,0,5056,0,3.21,TRUE,,,,,,,,,
1,0,1644800763,722,23,36,155,0,5056,0,3.22,TRUE,,,,,,,,,
1,0,1644800766,723,23,36,164,0,5056,0,3.3,TRUE,,,,,,,,,
1,0,1644800769,723,23,36,257,0,5056,0,3.47,TRUE,,,,,,,,,
1,0,1644800772,723,23,36,247,0,5056,0,3.36,TRUE,,,,,,,,,
1,0,1644800775,723,23,36,227,0,5056,0,3.27,TRUE,,,,,,,,,
1,0,1644800778,724,23,36,183,0,5056,0,3.25,TRUE,,,,,,,,,
1,0,1644800781,725,23,36,234,0,5056,0,3.27,TRUE,,,,,,,,,
1,0,1644800784,725,23,36,169,0,5056,0,3.2,TRUE,,,,,,,,,
1,0,1644800787,725,23,36,183,0,5056,0,3.28,TRUE,,,,,,,,,
1,0,1644800790,725,23,36,232,0,5056,0,3.32,TRUE,,,,,,,,,
1,0,1644800793,725,23,36,232,0,5056,0,3.3,TRUE,,,,,,,,,
1,0,1644800796,725,23,36,227,0,5056,0,3.42,TRUE,,,,,,,,,
1,0,1644800799,725,23,36,198,0,5056,0,3.26,TRUE,,,,,,,,,
1,0,1644800802,724,23,36,149,0,5056,0,3.25,TRUE,,,,,,,,,
1,0,1644800805,724,23,36,138,0,5056,0,3.25,TRUE,,,,,,,,,
1,0,1644800808,723,23,36,146,0,5056,0,3.23,TRUE,,,,,,,,,
1,0,1644800811,723,23,36,155,0,5056,0,3.09,TRUE,,,,,,,,,
1,0,1644800814,724,23,36,160,0,5056,0,3.08,TRUE,,,,,,,,,
1,0,1644800817,727,23,36,228,0,5056,0,3.32,TRUE,,,,,,,,,
1,0,1644800820,731,23,36,214,0,5056,0,3.34,TRUE,,,,,,,,,
1,0,1644800823,737,23,36,204,0,5056,0,3.32,TRUE,,,,,,,,,
1,0,1644800826,744,23,35,227,0,5056,0,3.34,TRUE,,,,,,,,,
1,0,1644800829,752,23,35,165,0,5056,0,3.24,TRUE,,,,,,,,,
1,0,1644800832,761,23,35,152,0,5056,0,3.21,TRUE,,,,,,,,,
1,0,1644800835,759,23,35,148,0,5056,0,3.13,TRUE,,,,,,,,,
1,0,1644800838,760,23,35,233,0,5056,0,3.24,TRUE,,,,,,,,,
1,0,1644800841,754,23,36,220,0,5056,0,3.23,TRUE,,,,,,,,,
1,0,1644800844,752,23,36,223,0,5056,0,3.29,TRUE,,,,,,,,,
1,0,1644800847,747,23,36,225,0,5056,0,3.36,TRUE,,,,,,,,,
1,0,1644800850,747,23,35,181,0,5056,0,3.26,TRUE,,,,,,,,,
1,0,1644800853,749,23,35,159,0,5056,0,3.2,TRUE,,,,,,,,,
1,0,1644800856,748,23,35,151,0,5056,0,3.24,TRUE,,,,,,,,,
1,0,1644800859,746,23,35,152,0,5056,0,3.12,TRUE,,,,,,,,,
1,0,1644800862,743,23,35,155,0,5056,0,3.12,TRUE,,,,,,,,,
1,0,1644800865,742,23,35,158,0,5056,0,3.22,TRUE,,,,,,,,,
1,0,1644800868,742,23,35,166,0,5056,0,3.27,TRUE,,,,,,,,,
1,0,1644800871,739,23,35,192,0,5056,0,3.28,TRUE,,,,,,,,,
1,0,1644800874,740,23,35,167,0,5056,0,3.26,TRUE,,,,,,,,,
1,0,1644800877,743,23,35,188,0,5056,0,3.21,TRUE,,,,,,,,,
1,0,1644800880,746,23,35,219,0,5056,0,3.3,TRUE,,,,,,,,,
1,0,1644800883,763,23,37,230,0,5056,0,3.46,TRUE,,,,,,,,,
1,0,1644800886,816,23,37,193,0,5056,0,3.32,TRUE,,,,,,,,,
1,0,1644800889,874,23,37,205,0,5056,0,3.28,TRUE,,,,,,,,,
1,0,1644800892,1072,23,36,228,0,5056,0,3.31,TRUE,,,,,,,,,
1,0,1644800895,1097,23,36,228,0,5056,0,3.45,TRUE,,,,,,,,,
1,0,1644800898,1084,23,36,224,0,5056,0,3.29,TRUE,,,,,,,,,
1,0,1644800901,1013,23,35,219,0,5056,0,3.27,TRUE,,,,,,,,,
1,0,1644800904,951,23,35,146,0,5056,0,3.14,TRUE,,,,,,,,,
1,0,1644800907,894,23,35,141,0,5056,0,3.15,TRUE,,,,,,,,,
1,0,1644800910,882,23,35,228,0,5056,0,3.34,TRUE,,,,,,,,,
1,0,1644800913,867,23,35,230,0,5056,0,3.28,TRUE,,,,,,,,,
1,0,1644800916,836,23,35,230,0,5056,0,3.32,TRUE,,,,,,,,,
1,0,1644800919,830,23,35,222,0,5056,0,3.34,TRUE,,,,,,,,,
1,0,1644800922,823,23,35,156,0,5056,0,3.27,TRUE,,,,,,,,,
1,0,1644800925,816,23,35,155,0,5056,0,3.2,TRUE,,,,,,,,,
1,0,1644800928,810,23,35,149,0,5056,0,3.2,TRUE,,,,,,,,,
1,0,1644800931,795,23,35,149,0,5056,0,3.24,TRUE,,,,,,,,,
1,0,1644800934,794,23,35,148,0,5056,0,3.22,TRUE,,,,,,,,,
1,0,1644800937,795,23,35,152,0,5056,0,3.07,TRUE,,,,,,,,,
1,0,1644800940,787,23,35,161,0,5056,0,3.14,TRUE,,,,,,,,,
1,0,1644800943,785,23,35,163,0,5056,0,3.2,TRUE,,,,,,,,,
1,0,1644800946,781,23,35,167,0,5056,0,3.27,TRUE,,,,,,,,,
1,0,1644800949,779,23,35,166,0,5056,0,3.32,TRUE,,,,,,,,,
1,0,1644800952,778,23,35,181,0,5056,0,3.24,TRUE,,,,,,,,,
1,0,1644800955,774,23,35,229,0,5056,0,3.39,TRUE,,,,,,,,,
1,0,1644800958,773,23,35,228,0,5056,0,3.41,TRUE,,,,,,,,,
1,0,1644800961,772,23,35,223,0,5056,0,3.41,TRUE,,,,,,,,,
1,0,1644800964,771,23,35,211,0,5056,0,3.27,TRUE,,,,,,,,,
1,0,1644800967,768,23,35,218,0,5056,0,3.27,TRUE,,,,,,,,,
1,0,1644800970,767,23,35,200,0,5056,0,3.27,TRUE,,,,,,,,,
1,0,1644800973,765,23,35,215,0,5056,0,3.3,TRUE,,,,,,,,,
1,0,1644800976,766,23,36,220,0,5056,0,3.35,TRUE,,,,,,,,,
1,0,1644800979,765,23,35,194,0,5056,0,3.29,TRUE,,,,,,,,,
1,0,1644800982,764,23,35,222,0,5056,0,3.3,TRUE,,,,,,,,,
1,0,1644800985,762,23,35,227,0,5056,0,3.42,TRUE,,,,,,,,,
1,0,1644800988,760,23,35,219,0,5056,0,3.32,TRUE,,,,,,,,,
1,0,1644800991,757,23,35,144,0,5056,0,3.28,TRUE,,,,,,,,,
1,0,1644800994,757,23,35,156,0,5056,0,3.21,TRUE,,,,,,,,,
1,0,1644800997,759,23,35,174,0,5056,0,3.4,TRUE,,,,,,,,,
1,0,1644801000,757,23,35,225,0,5056,0,3.27,TRUE,,,,,,,,,
1,0,1644801003,758,23,35,220,0,5056,0,3.31,TRUE,,,,,,,,,
1,0,1644801006,759,23,35,224,0,5056,0,3.32,TRUE,,,,,,,,,
1,0,1644801009,755,23,35,149,0,5056,0,3.15,TRUE,,,,,,,,,
1,0,1644801012,752,23,36,163,0,5056,0,3.21,TRUE,,,,,,,,,
1,0,1644801015,751,23,36,229,0,5056,0,3.34,TRUE,,,,,,,,,
1,0,1644801018,752,23,35,154,0,5056,0,3.11,TRUE,,,,,,,,,
1,0,1644801021,751,23,35,178,0,5056,0,3.25,TRUE,,,,,,,,,
1,0,1644801024,749,23,35,222,0,5056,0,3.3,TRUE,,,,,,,,,
1,0,1644801027,749,23,35,211,0,5056,0,3.34,TRUE,,,,,,,,,
1,0,1644801030,745,23,35,194,0,5056,0,3.3,TRUE,,,,,,,,,
1,0,1644801033,745,23,35,220,0,5056,0,3.22,TRUE,,,,,,,,,
1,0,1644801036,746,23,36,169,0,5056,0,3.26,TRUE,,,,,,,,,
1,0,1644801039,747,23,35,165,0,5056,0,3.22,TRUE,,,,,,,,,
1,0,1644801042,749,23,35,171,0,5056,0,3.19,TRUE,,,,,,,,,
1,0,1644801045,749,23,35,187,0,5056,0,3.3,TRUE,,,,,,,,,
1,0,1644801048,749,23,35,224,0,5056,0,3.29,TRUE,,,,,,,,,
1,0,1644801051,750,23,35,190,0,5056,0,3.31,TRUE,,,,,,,,,
1,0,1644801054,750,23,35,167,0,5056,0,3.26,TRUE,,,,,,,,,
1,0,1644801057,750,23,35,151,0,5056,0,3.27,TRUE,,,,,,,,,
1,0,1644801060,746,23,35,191,0,5056,0,3.28,TRUE,,,,,,,,,
1,0,1644801063,745,23,35,218,0,5056,0,3.31,TRUE,,,,,,,,,
1,0,1644801066,746,23,35,227,0,5056,0,3.4,TRUE,,,,,,,,,
1,0,1644801069,747,23,35,228,0,5056,0,3.49,TRUE,,,,,,,,,
1,0,1644801072,747,23,35,227,0,5056,0,3.41,TRUE,,,,,,,,,
1,0,1644801075,746,23,35,222,0,5056,0,3.29,TRUE,,,,,,,,,
1,0,1644801078,745,23,35,208,0,5056,0,3.22,TRUE,,,,,,,,,
1,0,1644801081,742,23,35,220,0,5056,0,3.42,TRUE,,,,,,,,,
1,0,1644801084,741,23,35,203,0,5056,0,3.27,TRUE,,,,,,,,,
1,0,1644801087,741,23,35,173,0,5056,0,3.26,TRUE,,,,,,,,,
1,0,1644801090,743,23,35,168,0,5056,0,3.24,TRUE,,,,,,,,,
1,0,1644801093,742,23,35,228,0,5056,0,3.44,TRUE,,,,,,,,,
1,0,1644801096,744,23,35,227,0,5056,0,3.27,TRUE,,,,,,,,,
1,0,1644801099,743,23,35,224,0,5056,0,3.28,TRUE,,,,,,,,,
1,0,1644801102,744,23,35,225,0,5056,0,3.32,TRUE,,,,,,,,,
1,0,1644801105,744,23,36,228,0,5056,0,3.45,TRUE,,,,,,,,,
1,0,1644801108,743,23,36,159,0,5056,0,3.23,TRUE,,,,,,,,,
1,0,1644801111,744,23,36,147,0,5056,0,3.22,TRUE,,,,,,,,,
1,0,1644801114,745,23,36,160,0,5056,0,3.15,TRUE,,,,,,,,,
1,0,1644801117,744,23,36,199,0,5056,0,3.26,TRUE,,,,,,,,,
1,0,1644801120,743,23,36,194,0,5056,0,3.29,TRUE,,,,,,,,,
1,0,1644801123,743,23,36,344,0,5056,0,3.32,TRUE,,,,,,,,,
1,0,1644801126,742,23,35,140,0,5056,0,3.3,TRUE,,,,,,,,,
1,0,1644801129,743,23,35,143,0,5056,0,3.04,TRUE,,,,,,,,,
1,0,1644801132,743,23,35,177,0,5056,0,3.24,TRUE,,,,,,,,,
1,0,1644801135,742,23,35,154,0,5056,0,3.19,TRUE,,,,,,,,,
1,0,1644801138,743,23,35,261,0,5056,0,3.27,TRUE,,,,,,,,,
1,0,1644801141,743,23,35,240,0,5056,0,3.27,TRUE,,,,,,,,,
1,0,1644801144,743,23,35,180,0,5056,0,3.25,TRUE,,,,,,,,,
1,0,1644801147,743,23,35,175,0,5056,0,3.27,TRUE,,,,,,,,,
1,0,1644801150,743,23,35,165,0,5056,0,3.25,TRUE,,,,,,,,,
1,0,1644801153,743,23,35,141,0,5056,0,3.24,TRUE,,,,,,,,,
1,0,1644801156,743,23,35,143,0,5056,0,3.09,TRUE,,,,,,,,,
1,0,1644801159,744,23,35,167,0,5056,0,3.15,TRUE,,,,,,,,,
1,0,1644801162,744,23,35,216,0,5056,0,3.3,TRUE,,,,,,,,,
1,0,1644801165,744,23,35,227,0,5056,0,3.28,TRUE,,,,,,,,,
1,0,1644801168,745,23,35,183,0,5056,0,3.27,TRUE,,,,,,,,,
1,0,1644801171,746,23,35,171,0,5056,0,3.22,TRUE,,,,,,,,,
1,0,1644801174,746,23,35,152,0,5056,0,3.21,TRUE,,,,,,,,,
1,0,1644801177,747,23,35,181,0,5056,0,3.25,TRUE,,,,,,,,,
1,0,1644801180,747,23,35,176,0,5056,0,3.23,TRUE,,,,,,,,,
