1644715490,16,0,358,850,24
1644715493,3,0,358,850,24
1644715496,3,0,358,851,24
1644715499,3,0,358,851,24
1644715502,3,0,358,850,24
1644715505,3,0,358,848,24
1644715508,3,0,357,847,24
1644715511,3,0,358,847,24
1644715514,3,0,358,848,24
1644715517,3,0,359,848,24
1644715520,3,0,358,850,24
1644715523,3,0,358,850,24
1644715526,3,0,359,851,24
1644715529,3,0,358,850,24
1644715532,3,0,358,851,24
1644715535,3,0,359,850,24
1644715538,3,0,358,851,24
1644715541,3,0,358,852,24
1644715544,3,0,358,851,24
1644715547,3,0,358,853,24
1644715550,3,0,358,853,24
1644715553,3,0,358,853,24
1644715556,3,0,358,853,24
1644715559,3,0,358,853,24
1644715562,3,0,358,854,24
1644715565,3,0,358,854,24
1644715568,3,0,358,853,24
1644715571,3,0,358,852,24
1644715574,3,0,358,851,24
1644715577,3,0,358,851,24
1644715580,3,0,358,850,24
1644715583,3,0,360,849,24
1644715586,3,0,358,848,24
1644715589,3,0,359,848,24
1644715592,3,0,358,847,24
1644715595,3,0,357,847,24
1644715598,3,0,358,848,24
1644715601,3,0,359,848,24
1644715604,3,0,358,848,24
1644715607,3,0,358,850,24
1644715610,3,0,357,851,24
1644715613,3,0,358,851,24
1644715616,3,0,358,854,24
1644715619,3,0,358,855,24
1644715622,3,0,358,853,24
1644715625,3,0,358,854,24
1644715628,3,0,358,856,24
1644715631,3,0,358,857,24
1644715634,3,0,358,858,24
1644715637,3,0,359,859,24
1644715640,3,0,358,860,24
1644715643,3,0,358,861,24
1644715646,3,0,358,860,24
1644715649,3,0,358,859,24
1644715652,3,0,359,860,24
1644715655,3,0,358,860,24
1644715658,3,0,357,859,24
1644715661,3,0,358,860,24
1644715664,3,0,358,860,24
1644715667,3,0,358,861,24
1644715670,3,0,358,861,24
1644715673,3,0,358,861,24
1644715676,3,0,358,860,24
1644715679,3,0,358,859,24
1644715682,3,0,358,859,24
1644715685,3,0,358,859,24
1644715688,3,0,357,860,24
1644715691,3,0,358,860,24
1644715694,3,0,358,860,24
1644715697,3,0,358,860,24
1644715700,3,0,358,861,24
1644715703,3,0,358,862,24
1644715706,3,0,358,862,24
1644715709,3,0,358,861,24
1644715712,3,0,359,862,24
1644715715,3,0,358,861,24
1644715718,3,0,358,863,24
1644715721,3,0,358,864,24
1644715724,3,0,358,864,24
1644715727,3,0,358,865,24
1644715730,3,0,358,864,24
1644715733,3,0,358,864,24
1644715736,3,0,357,863,24
1644715739,3,0,358,863,24
1644715742,3,0,359,863,24
1644715745,3,0,358,863,24
1644715748,3,0,358,863,24
1644715751,3,0,360,862,24
1644715754,3,0,358,862,24
1644715757,3,0,358,861,24
1644715760,3,0,359,861,24
1644715763,3,0,358,860,24
1644715766,3,0,358,860,24
1644715769,3,0,359,860,24
1644715772,3,0,358,859,24
1644715775,3,0,358,859,24
1644715778,3,0,359,859,24
1644715781,3,0,358,859,24
1644715784,3,0,359,859,24
1644715787,3,0,358,857,24
1644715790,3,0,358,858,24
1644715793,3,0,358,858,24
1644715796,3,0,358,858,24
1644715799,3,0,358,859,24
1644715802,3,0,358,861,24
1644715805,3,0,358,863,24
1644715808,3,0,358,866,24
1644715811,3,0,358,866,24
1644715814,3,0,358,868,24
1644715817,3,0,358,869,24
1644715820,3,0,358,869,24
1644715823,3,0,358,869,24
1644715826,3,0,352,869,24
1644715829,3,0,358,869,24
1644715832,3,0,352,870,24
1644715835,3,0,358,870,24
1644715838,3,0,358,870,24
1644715841,3,0,357,871,24
1644715844,3,0,358,869,24
1644715847,3,0,358,869,24
1644715850,3,0,358,871,24
1644715853,3,0,358,871,24
1644715856,3,0,358,870,24
1644715859,3,0,359,872,24
1644715862,3,0,358,873,24
1644715865,3,0,358,873,24
1644715868,3,0,358,874,24
1644715871,3,0,359,873,24
1644715874,3,0,358,875,24
1644715877,3,0,359,875,24
1644715880,3,0,358,875,24
1644715883,3,0,358,876,24
1644715886,3,0,358,877,24
1644715889,3,0,356,877,24
1644715892,3,0,358,878,24
1644715895,3,0,358,878,24
1644715898,3,0,358,879,24
1644715901,3,0,358,880,24
1644715904,3,0,358,881,24
1644715907,3,0,358,881,24
1644715910,3,0,358,881,24
1644715913,3,0,358,880,24
1644715916,3,0,358,881,24
1644715919,3,0,358,880,24
1644715922,3,0,358,878,24
1644715925,3,0,358,876,24
1644715928,3,0,358,875,24
1644715931,3,0,358,878,24
1644715934,3,0,358,881,24
1644715937,3,0,359,881,24
1644715940,3,0,358,881,24
1644715943,3,0,358,876,24
1644715946,3,0,358,875,24
1644715949,3,0,358,875,24
1644715952,3,0,358,875,24
1644715955,3,0,358,874,24
1644715958,3,0,358,874,24
1644715961,3,0,358,873,24
1644715964,3,0,358,873,24
1644715967,3,0,358,874,24
1644715970,3,0,358,879,24
1644715973,3,0,358,882,24
1644715976,3,0,358,883,24
1644715979,3,0,358,886,24
1644715982,3,0,358,887,24
1644715985,3,0,358,887,24
1644715988,3,0,358,889,24
1644715991,3,0,358,888,24
1644715994,3,0,358,886,24
1644715997,3,0,359,885,24
1644716000,3,0,358,884,24
1644716003,3,0,358,883,24
1644716006,3,0,358,883,24
1644716009,3,0,359,882,24
1644716012,3,0,358,883,24
1644716015,3,0,358,884,24
1644716018,3,0,358,884,24
1644716021,3,0,358,884,24
1644716024,3,0,358,883,24
1644716027,3,0,358,882,24
1644716030,3,0,358,880,24
1644716033,3,0,358,878,24
1644716036,3,0,358,878,24
1644716039,3,0,358,874,24
1644716042,3,0,358,872,24
1644716045,3,0,360,867,24
1644716048,3,0,359,866,24
1644716051,3,0,358,866,24
1644716054,3,0,358,857,24
1644716057,3,0,358,850,24
1644716060,3,0,358,844,24
1644716063,3,0,358,843,24
1644716066,3,0,358,845,24
1644716069,3,0,358,845,24
1644716072,3,0,358,848,24
1644716075,3,0,359,858,24
1644716078,3,0,358,863,24
1644716081,3,0,358,872,24
1644716084,3,0,358,918,24
1644716087,3,0,358,919,24
1644716090,3,0,358,932,24
1644716093,3,0,358,936,24
1644716096,3,0,358,937,24
1644716099,3,0,358,938,24
1644716102,3,0,358,932,24
1644716105,3,0,358,943,24
1644716108,3,0,359,937,24
1644716111,3,0,358,931,24
1644716114,3,0,358,926,24
1644716117,3,0,359,926,24
1644716120,3,0,358,928,24
1644716123,3,0,358,926,24
1644716126,3,0,358,927,24
1644716129,3,0,358,931,24
1644716132,3,0,358,931,24
1644716135,3,0,358,932,24
1644716138,3,0,358,934,24
1644716141,3,0,358,934,24
1644716144,3,0,358,939,24
1644716147,3,0,358,947,24
1644716150,3,0,358,962,24
1644716153,3,0,358,975,24
1644716156,3,0,359,1009,24
1644716159,3,0,358,1008,24
1644716162,3,0,358,1004,24
1644716165,3,0,358,990,24
1644716168,3,0,358,987,24
1644716171,3,0,358,978,24
1644716174,3,0,358,976,24
1644716177,3,0,358,972,24
1644716180,3,0,358,970,24
1644716183,3,0,358,968,24
1644716186,3,0,358,966,24
1644716189,3,0,358,964,24
1644716192,3,0,358,960,24
1644716195,3,0,358,956,24
1644716198,3,0,359,955,24
1644716201,3,0,358,949,24
1644716204,3,0,358,948,24
1644716207,3,0,358,946,24
1644716210,3,0,358,940,24
1644716213,3,0,358,940,24
1644716216,3,0,358,939,24
1644716219,3,0,358,937,24
1644716222,3,0,358,933,24
1644716225,3,0,359,932,24
1644716228,3,0,358,931,24
1644716231,3,0,358,929,24
1644716234,3,0,358,927,24
1644716237,3,0,358,925,24
1644716240,3,0,358,922,24
1644716243,3,0,358,921,24
1644716246,3,0,358,917,24
1644716249,3,0,358,915,24
1644716252,3,0,358,914,24
1644716255,3,0,358,914,24
1644716258,3,0,358,914,24
1644716261,3,0,358,911,24
1644716264,3,0,358,907,24
1644716267,3,0,358,905,24
1644716270,3,0,358,903,24
1644716273,3,0,358,897,24
1644716276,3,0,358,893,24
1644716279,3,0,358,890,24
1644716282,3,0,358,886,24
1644716285,3,0,358,883,24
1644716288,3,0,358,883,24
1644716291,3,0,359,878,24
1644716294,3,0,357,878,24
1644716297,3,0,358,881,24
1644716300,3,0,358,881,24
1644716303,3,0,359,879,24
1644716306,3,0,358,879,24
1644716309,3,0,358,879,24
1644716312,3,0,359,879,24
1644716315,3,0,358,880,24
1644716318,3,0,358,879,24
1644716321,3,0,358,877,24
1644716324,3,0,358,876,24
1644716327,3,0,358,876,24
1644716330,3,0,358,875,24
1644716333,3,0,358,874,24
1644716336,3,0,358,874,24
1644716339,3,0,358,874,24
1644716342,3,0,357,874,24
1644716345,3,0,358,875,24
1644716348,3,0,359,876,24
1644716351,3,0,358,876,24
1644716354,3,0,358,877,24
1644716357,3,0,357,877,24
1644716360,3,0,358,878,24
1644716363,3,0,358,879,24
1644716366,3,0,359,879,24
1644716369,3,0,358,879,24
1644716372,3,0,358,881,24
1644716375,3,0,358,882,24
1644716378,3,0,358,882,24
1644716381,3,0,358,883,24
1644716384,3,0,358,883,24
1644716387,3,0,358,884,24
1644716390,3,0,358,884,24
1644716393,3,0,357,885,24
1644716396,3,0,358,885,24
1644716399,3,0,358,885,24
1644716402,3,0,358,886,24
1644716405,3,0,358,886,24
1644716408,3,0,359,887,24
1644716411,3,0,359,888,24
1644716414,3,0,358,889,24
1644716417,3,0,358,889,24
1644716420,3,0,360,889,24
1644716423,3,0,358,889,24
1644716426,3,0,358,889,24
1644716429,3,0,358,890,24
1644716432,3,0,357,889,24
1644716435,3,0,358,890,24
1644716438,3,0,358,890,24
1644716441,3,0,358,890,24
1644716444,3,0,358,889,24
1644716447,3,0,358,889,24
1644716450,3,0,357,889,24
1644716453,3,0,358,888,24
1644716456,3,0,358,888,24
1644716459,3,0,358,887,24
1644716462,3,0,358,888,24
1644716465,3,0,358,888,24
1644716468,3,0,358,888,24
1644716471,3,0,358,888,24
1644716474,3,0,358,888,24
1644716477,3,0,358,890,24
1644716480,3,0,359,890,24
1644716483,3,0,358,891,24
1644716486,3,0,358,891,24
1644716489,3,0,358,892,24
1644716492,3,0,358,892,24
1644716495,3,0,358,893,24
1644716498,3,0,359,893,24
1644716501,3,0,359,894,24
1644716504,3,0,358,895,24
1644716507,3,0,358,897,24
1644716510,3,0,358,895,24
1644716513,3,0,358,897,24
1644716516,3,0,359,896,24
1644716519,3,0,358,897,24
1644716522,3,0,358,897,24
1644716525,3,0,358,896,24
1644716528,3,0,358,896,24
1644716531,3,0,359,896,24
1644716534,3,0,358,897,24
1644716537,3,0,358,897,24
1644716540,3,0,358,897,24
1644716543,3,0,358,897,24
1644716546,3,0,358,897,24
1644716549,3,0,358,897,24
1644716552,3,0,358,897,24
1644716555,3,0,358,898,24
1644716558,3,0,358,896,24
1644716561,3,0,357,895,24
1644716564,3,0,358,896,24
1644716567,3,0,358,896,24
1644716570,3,0,358,896,24
1644716573,3,0,358,897,24
1644716576,3,0,357,898,24
1644716579,3,0,360,897,24
1644716582,3,0,358,897,24
1644716585,3,0,358,898,24
1644716588,3,0,358,898,24
1644716591,3,0,357,898,24
1644716594,3,0,358,898,24
1644716597,3,0,358,898,24
1644716600,3,0,358,897,24
1644716603,3,0,357,897,24
1644716606,3,0,358,896,24
1644716609,3,0,359,896,24
1644716612,3,0,358,896,24
1644716615,3,0,359,896,24
1644716618,3,0,358,897,24
1644716621,3,0,358,898,24
1644716624,3,0,358,900,24
1644716627,3,0,358,900,24
1644716630,3,0,358,901,24
1644716633,3,0,358,898,24
1644716636,3,0,358,897,24
1644716639,3,0,358,899,24
1644716642,3,0,358,899,24
1644716645,3,0,358,899,24
1644716648,3,0,357,897,24
1644716651,3,0,358,897,24
1644716654,3,0,358,897,24
1644716657,3,0,358,897,24
1644716660,3,0,358,898,24
1644716663,3,0,357,899,24
1644716666,3,0,358,900,24
1644716669,3,0,356,901,24
1644716672,3,0,359,902,24
1644716675,3,0,358,901,24
1644716678,3,0,358,902,24
1644716681,3,0,358,902,24
1644716684,3,0,358,902,24
1644716687,3,0,358,903,24
1644716690,3,0,358,903,24
1644716693,3,0,358,903,24
1644716696,3,0,358,904,24
1644716699,3,0,358,904,24
1644716702,3,0,358,905,24
1644716705,3,0,358,905,24
1644716708,3,0,359,905,24
1644716711,3,0,358,905,24
1644716714,3,0,359,905,24
1644716717,3,0,359,905,24
1644716720,3,0,358,904,24
1644716723,3,0,358,903,24
1644716726,3,0,358,904,24
1644716729,3,0,359,903,24
1644716732,3,0,359,903,24
1644716735,3,0,358,901,24
1644716738,3,0,358,901,24
1644716741,3,0,358,900,24
1644716744,3,0,358,900,24
1644716747,3,0,358,900,24
1644716750,3,0,358,902,24
1644716753,3,0,358,901,24
1644716756,3,0,358,901,24
1644716759,3,0,359,902,24
1644716762,3,0,358,902,24
1644716765,3,0,358,903,24
1644716768,3,0,358,903,24
1644716771,3,0,358,904,24
1644716774,3,0,358,905,24
1644716777,3,0,358,904,24
1644716780,3,0,358,905,24
1644716783,3,0,358,905,24
1644716786,3,0,360,905,24
1644716789,3,0,358,906,24
1644716792,3,0,358,907,24
1644716795,3,0,358,908,24
1644716798,3,0,359,908,24
1644716801,3,0,358,907,24
1644716804,3,0,358,905,24
1644716807,3,0,358,904,24
1644716810,3,0,358,904,24
1644716813,3,0,358,904,24
1644716816,3,0,358,904,24
1644716819,3,0,358,904,24
1644716822,3,0,358,905,24
1644716825,3,0,358,905,24
1644716828,3,0,358,906,24
1644716831,3,0,358,906,24
1644716834,3,0,358,906,24
1644716837,3,0,358,907,24
1644716840,3,0,358,908,24
1644716843,3,0,358,908,24
1644716846,3,0,357,907,24
1644716849,3,0,358,907,24
1644716852,3,0,358,908,24
1644716855,3,0,358,908,24
1644716858,3,0,358,907,24
1644716861,3,0,358,906,24
1644716864,3,0,358,906,24
1644716867,3,0,358,907,24
1644716870,3,0,358,907,24
1644716873,3,0,358,908,24
1644716876,3,0,358,909,24
1644716879,3,0,358,910,24
1644716882,3,0,358,911,24
1644716885,3,0,358,914,24
1644716888,3,0,358,912,24
1644716891,3,0,358,912,24
1644716894,3,0,359,913,24
1644716897,3,0,358,913,24
1644716900,3,0,358,914,24
1644716903,3,0,358,914,24
1644716906,3,0,359,914,24
1644716909,3,0,358,914,24
1644716912,3,0,358,914,24
1644716915,3,0,358,912,24
1644716918,3,0,358,913,24
1644716921,3,0,358,911,24
1644716924,3,0,358,911,24
1644716927,3,0,358,911,24
1644716930,3,0,358,910,24
1644716933,3,0,358,911,24
1644716936,3,0,358,911,24
1644716939,3,0,358,911,24
1644716942,3,0,358,912,24
1644716945,3,0,359,912,24
1644716948,3,0,358,913,24
1644716951,3,0,360,913,24
1644716954,3,0,358,913,24
1644716957,3,0,358,915,24
1644716960,3,0,358,916,24
1644716963,3,0,358,917,24
1644716966,3,0,358,919,24
1644716969,3,0,358,920,24
1644716972,3,0,358,916,24
1644716975,3,0,358,916,24
1644716978,3,0,358,915,24
1644716981,3,0,358,916,24
1644716984,3,0,358,916,24
1644716987,3,0,358,916,24
1644716990,3,0,358,916,24
1644716993,3,0,359,915,24
1644716996,3,0,358,917,24
1644716999,3,0,358,917,24
1644717002,3,0,358,918,24
1644717005,3,0,358,918,24
1644717008,3,0,358,918,24
1644717011,3,0,358,916,24
1644717014,3,0,358,917,24
1644717017,3,0,358,917,24
1644717020,3,0,358,918,24
1644717023,3,0,358,919,24
1644717026,3,0,358,917,24
1644717029,3,0,358,917,24
1644717032,3,0,360,917,24
1644717035,3,0,358,918,24
1644717038,3,0,358,918,24
1644717041,3,0,358,920,24
1644717044,3,0,358,921,24
1644717047,3,0,358,918,24
1644717050,3,0,358,918,24
1644717053,3,0,358,918,24
1644717056,3,0,358,915,24
1644717059,3,0,358,914,24
1644717062,3,0,358,913,24
1644717065,3,0,358,914,24
1644717068,3,0,358,914,24
1644717071,3,0,358,913,24
1644717074,3,0,358,912,24
1644717077,3,0,358,912,24
1644717080,3,0,358,912,24
1644717083,3,0,358,912,24
1644717086,3,0,358,913,24
1644717089,3,0,358,913,24
1644717092,3,0,358,914,24
1644717095,3,0,358,914,24
1644717098,3,0,358,914,24
1644717101,3,0,358,914,24
1644717104,3,0,358,915,24
1644717107,3,0,359,914,24
1644717110,3,0,358,914,24
1644717113,3,0,358,914,24
1644717116,3,0,355,915,24
1644717119,3,0,358,914,24
1644717122,3,0,358,914,24
1644717125,3,0,358,914,24
1644717128,3,0,359,915,24
1644717131,3,0,358,914,24
1644717134,3,0,358,914,24
1644717137,3,0,358,913,24
1644717140,3,0,358,914,24
1644717143,3,0,358,913,24
1644717146,3,0,358,913,24
1644717149,3,0,358,913,24
1644717152,3,0,358,914,24
1644717155,3,0,358,914,24
1644717158,3,0,358,914,24
1644717161,3,0,358,915,24
1644717164,3,0,357,915,24
1644717167,3,0,358,914,24
1644717170,3,0,358,915,24
1644717173,3,0,358,915,24
1644717176,3,0,358,915,24
1644717179,3,0,358,915,24
1644717182,3,0,359,914,24
1644717185,3,0,358,914,24
1644717188,3,0,358,915,24
1644717191,3,0,358,916,24
1644717194,3,0,358,916,24
1644717197,3,0,358,917,24
1644717200,3,0,358,917,24
1644717203,3,0,358,916,24
1644717206,3,0,358,916,24
1644717209,3,0,359,915,24
1644717212,3,0,358,915,24
1644717215,3,0,358,915,24
1644717218,3,0,358,916,24
1644717221,3,0,358,916,24
1644717224,3,0,358,915,24
1644717227,3,0,358,916,24
1644717230,3,0,358,916,24
1644717233,3,0,358,917,24
1644717236,3,0,358,918,24
1644717239,3,0,359,918,24
1644717242,3,0,358,918,24
1644717245,3,0,358,919,24
1644717248,3,0,360,919,24
1644717251,3,0,358,919,24
1644717254,3,0,358,918,24
1644717257,3,0,358,918,24
1644717260,3,0,358,918,24
1644717263,3,0,358,918,24
1644717266,3,0,358,918,24
1644717269,3,0,359,919,24
1644717272,3,0,358,919,24
1644717275,3,0,358,920,24
1644717278,3,0,358,920,24
1644717281,3,0,358,921,24
1644717284,3,0,357,921,24
1644717287,3,0,358,921,24
1644717290,3,0,358,921,24
1644717293,3,0,358,921,24
1644717296,3,0,359,920,24
1644717299,3,0,358,920,24
1644717302,3,0,358,921,24
1644717305,3,0,358,921,24
1644717308,3,0,358,921,24
1644717311,3,0,358,921,24
1644717314,3,0,358,921,24
1644717317,3,0,358,921,24
1644717320,3,0,358,923,24
1644717323,3,0,358,924,24
1644717326,3,0,359,925,24
1644717329,3,0,358,925,24
1644717332,3,0,358,924,24
1644717335,3,0,358,925,24
1644717338,3,0,358,925,24
1644717341,3,0,358,925,24
1644717344,3,0,357,925,24
1644717347,3,0,358,925,24
1644717350,3,0,358,926,24
1644717353,3,0,358,926,24
1644717356,3,0,359,926,24
1644717359,3,0,357,926,24
1644717362,3,0,358,924,24
1644717365,3,0,358,924,24
1644717368,3,0,358,924,24
1644717371,3,0,358,924,24
1644717374,3,0,358,927,24
1644717377,3,0,358,927,24
1644717380,3,0,358,929,24
1644717383,3,0,357,933,24
1644717386,3,0,358,936,24
1644717389,3,0,358,968,24
1644717392,3,0,359,970,24
1644717395,3,0,358,979,24
1644717398,3,0,358,966,24
1644717401,3,0,357,959,24
1644717404,3,0,357,959,24
1644717407,3,0,358,955,24
1644717410,3,0,360,947,24
1644717413,3,0,358,948,24
1644717416,3,0,358,943,24
1644717419,3,0,358,942,24
1644717422,3,0,358,940,24
1644717425,3,0,357,938,24
1644717428,3,0,358,935,24
1644717431,3,0,358,936,24
1644717434,3,0,358,936,24
1644717437,3,0,358,935,24
1644717440,3,0,355,931,24
1644717443,3,0,358,929,24
1644717446,3,0,358,930,24
1644717449,3,0,358,928,24
1644717452,3,0,358,927,24
1644717455,3,0,358,925,24
1644717458,3,0,359,925,24
1644717461,3,0,358,926,24
1644717464,3,0,358,926,24
1644717467,3,0,358,925,24
1644717470,3,0,358,926,24
1644717473,3,0,358,927,24
1644717476,3,0,358,927,24
1644717479,3,0,357,929,24
1644717482,3,0,358,928,24
1644717485,3,0,358,929,24
1644717488,3,0,358,929,24
1644717491,3,0,360,930,24
1644717494,3,0,358,930,24
1644717497,3,0,358,930,24
1644717500,3,0,358,930,24
1644717503,3,0,358,929,24
1644717506,3,0,358,928,24
1644717509,3,0,355,928,24
1644717512,3,0,358,928,24
1644717515,3,0,358,928,24
1644717518,3,0,358,928,24
1644717521,3,0,358,928,24
1644717524,3,0,358,927,24
1644717527,3,0,358,926,24
1644717530,3,0,358,925,24
1644717533,3,0,358,925,24
1644717536,3,0,358,925,24
1644717539,3,0,358,926,24
1644717542,3,0,358,925,24
1644717545,3,0,355,925,24
1644717548,3,0,358,925,24
1644717551,3,0,358,925,24
1644717554,3,0,358,923,24
1644717557,3,0,358,922,24
1644717560,3,0,359,921,24
1644717563,3,0,358,920,24
1644717566,3,0,358,919,24
1644717569,3,0,358,918,24
1644717572,3,0,358,917,24
1644717575,3,0,358,915,24
1644717578,3,0,358,916,24
1644717581,3,0,358,916,24
1644717584,3,0,358,914,24
1644717587,3,0,357,914,24
1644717590,3,0,358,913,24
1644717593,3,0,358,912,24
1644717596,3,0,358,912,24
1644717599,3,0,358,911,24
1644717602,3,0,358,911,24
1644717605,3,0,358,910,24
1644717608,3,0,358,910,24
1644717611,3,0,358,910,24
1644717614,3,0,358,910,24
1644717617,3,0,358,910,24
1644717620,3,0,358,911,24
1644717623,3,0,358,911,24
1644717626,3,0,359,911,24
1644717629,3,0,358,911,24
1644717632,3,0,358,912,24
1644717635,3,0,358,913,24
1644717638,3,0,358,913,24
1644717641,3,0,358,912,24
1644717644,3,0,358,911,24
1644717647,3,0,358,911,24
1644717650,3,0,358,911,24
1644717653,3,0,358,912,24
1644717656,3,0,358,913,24
1644717659,3,0,358,913,24
1644717662,3,0,358,913,24
1644717665,3,0,358,914,24
1644717668,3,0,358,914,24
1644717671,3,0,358,915,24
1644717674,3,0,358,914,24
1644717677,3,0,358,914,24
1644717680,3,0,358,913,24
1644717683,3,0,358,913,24
1644717686,3,0,358,913,24
1644717689,3,0,358,912,24
1644717692,3,0,358,912,24
1644717695,3,0,358,912,24
1644717698,3,0,358,912,24
1644717701,3,0,357,913,24
1644717704,3,0,358,914,24
1644717707,3,0,358,913,24
1644717710,3,0,358,913,24
1644717713,3,0,357,913,24
1644717716,3,0,358,912,24
1644717719,3,0,358,912,24
1644717722,3,0,358,912,24
1644717725,3,0,358,913,24
1644717728,3,0,360,914,24
1644717731,3,0,358,914,24
1644717734,3,0,357,914,24
1644717737,3,0,358,913,24
1644717740,3,0,358,914,24
1644717743,3,0,358,913,24
1644717746,3,0,358,913,24
1644717749,3,0,358,913,24
1644717752,3,0,358,913,24
1644717755,3,0,358,914,24
1644717758,3,0,358,914,24
1644717761,3,0,358,915,24
1644717764,3,0,358,915,24
1644717767,3,0,358,915,24
1644717770,3,0,358,916,24
1644717773,3,0,358,916,24
1644717776,3,0,358,916,24
1644717779,3,0,357,916,24
1644717782,3,0,358,916,24
1644717785,3,0,358,916,24
1644717788,3,0,358,916,24
1644717791,3,0,358,916,24
1644717794,3,0,358,916,24
1644717797,3,0,358,916,24
1644717800,3,0,358,916,24
1644717803,3,0,358,916,24
1644717806,3,0,358,915,24
1644717809,3,0,358,916,24
1644717812,3,0,358,917,24
1644717815,3,0,358,918,24
1644717818,3,0,358,918,24
1644717821,3,0,358,918,24
1644717824,3,0,358,919,24
1644717827,3,0,358,918,24
1644717830,3,0,358,919,24
1644717833,3,0,358,919,24
1644717836,3,0,358,920,24
1644717839,3,0,358,920,24
1644717842,3,0,358,920,24
1644717845,3,0,358,921,24
1644717848,3,0,358,921,24
1644717851,3,0,358,919,24
1644717854,3,0,357,919,24
1644717857,3,0,358,920,24
1644717860,3,0,358,921,24
1644717863,3,0,358,920,24
1644717866,3,0,358,920,24
1644717869,3,0,358,919,24
1644717872,3,0,358,920,24
1644717875,3,0,358,919,24
1644717878,3,0,358,920,24
1644717881,3,0,358,921,24
1644717884,3,0,358,921,24
1644717887,3,0,358,922,24
1644717890,3,0,358,922,24
1644717893,3,0,358,923,24
1644717896,3,0,358,923,24
1644717899,3,0,360,923,24
1644717902,3,0,358,922,24
1644717905,3,0,358,922,24
1644717908,3,0,358,923,24
1644717911,3,0,358,923,24
1644717914,3,0,357,923,24
1644717917,3,0,360,923,24
1644717920,3,0,358,923,24
1644717923,3,0,358,923,24
1644717926,3,0,358,924,24
1644717929,3,0,358,924,24
1644717932,3,0,357,924,24
1644717935,3,0,358,924,24
1644717938,3,0,358,925,24
1644717941,3,0,357,925,24
1644717944,3,0,358,925,24
1644717947,3,0,358,925,24
1644717950,3,0,358,926,24
1644717953,3,0,358,925,24
1644717956,3,0,356,925,24
1644717959,3,0,358,926,24
1644717962,3,0,358,926,24
1644717965,3,0,359,926,24
1644717968,3,0,358,926,24
1644717971,3,0,356,926,24
1644717974,3,0,358,926,24
1644717977,3,0,358,925,24
1644717980,3,0,358,925,24
1644717983,3,0,358,925,24
1644717986,3,0,358,925,24
1644717989,3,0,358,926,24
1644717992,3,0,358,926,24
1644717995,3,0,358,926,24
1644717998,3,0,358,925,24
1644718001,3,0,359,924,24
1644718004,3,0,358,924,24
1644718007,3,0,358,923,24
1644718010,3,0,358,923,24
1644718013,3,0,358,922,24
1644718016,3,0,358,922,24
1644718019,3,0,358,921,24
1644718022,3,0,358,921,24
1644718025,3,0,358,921,24
1644718028,3,0,359,921,24
1644718031,3,0,358,921,24
1644718034,3,0,358,921,24
1644718037,3,0,358,921,24
1644718040,3,0,358,920,24
1644718043,3,0,358,919,24
1644718046,3,0,358,917,24
1644718049,3,0,358,916,24
1644718052,3,0,358,916,24
1644718055,3,0,358,917,24
1644718058,3,0,358,918,24
1644718061,3,0,358,917,24
1644718064,3,0,358,914,24
1644718067,3,0,358,909,24
1644718070,3,0,358,907,24
1644718073,3,0,358,904,24
1644718076,3,0,358,890,24
1644718079,3,0,358,876,24
1644718082,3,0,358,854,24
1644718085,3,0,358,862,24
1644718088,3,0,358,859,24
1644718091,3,0,357,861,24
1644718094,3,0,358,860,24
1644718097,3,0,358,854,24
1644718100,3,0,358,855,24
1644718103,3,0,358,858,24
1644718106,3,0,358,858,24
1644718109,3,0,357,859,24
1644718112,3,0,358,847,24
1644718115,3,0,358,841,24
1644718118,3,0,358,843,24
1644718121,3,0,358,845,24
1644718124,3,0,358,849,24
1644718127,3,0,358,852,24
1644718130,3,0,358,853,24
1644718133,3,0,358,853,24
1644718136,3,0,358,851,24
1644718139,3,0,358,854,24
1644718142,3,0,358,854,24
1644718145,3,0,358,854,24
1644718148,3,0,358,857,24
1644718151,3,0,358,857,24
1644718154,3,0,358,855,24
1644718157,3,0,358,855,24
1644718160,3,0,358,854,24
1644718163,3,0,358,851,24
1644718166,3,0,358,850,24
1644718169,3,0,358,849,24
1644718172,3,0,358,846,24
1644718175,3,0,358,846,24
1644718178,3,0,358,842,24
1644718181,3,0,358,842,24
1644718184,3,0,358,841,24
1644718187,3,0,358,841,24
1644718190,3,0,358,841,24
1644718193,3,0,358,844,24
1644718196,3,0,359,844,24
1644718199,3,0,358,846,24
1644718202,3,0,357,846,24
1644718205,3,0,358,846,24
1644718208,3,0,357,847,24
1644718211,3,0,358,847,24
1644718214,3,0,358,847,24
1644718217,3,0,358,846,24
1644718220,3,0,358,845,24
1644718223,3,0,358,844,24
1644718226,3,0,359,843,24
1644718229,3,0,358,843,24
1644718232,3,0,358,843,24
1644718235,3,0,358,842,24
1644718238,3,0,358,843,24
1644718241,3,0,357,842,24
1644718244,3,0,358,842,24
1644718247,3,0,358,841,24
1644718250,3,0,358,840,24
1644718253,3,0,358,839,24
1644718256,3,0,358,838,24
1644718259,3,0,358,837,24
1644718262,3,0,358,836,24
1644718265,3,0,358,836,24
1644718268,3,0,358,834,24
1644718271,3,0,358,833,24
1644718274,3,0,358,834,24
1644718277,3,0,358,834,24
1644718280,3,0,358,834,24
1644718283,3,0,358,833,24
1644718286,3,0,358,833,24
1644718289,3,0,358,833,24
1644718292,3,0,358,831,24
1644718295,3,0,358,831,24
1644718298,3,0,358,833,24
1644718301,3,0,358,832,24
1644718304,3,0,358,831,24
1644718307,3,0,358,832,24
1644718310,3,0,358,834,24
1644718313,3,0,358,838,24
1644718316,3,0,358,840,24
1644718319,3,0,358,844,24
1644718322,3,0,358,855,24
1644718325,3,0,359,859,24
1644718328,3,0,358,862,24
1644718331,3,0,358,863,24
1644718334,3,0,358,860,24
1644718337,3,0,359,863,24
1644718340,3,0,358,860,24
1644718343,3,0,356,858,24
1644718346,3,0,358,858,24
1644718349,3,0,358,859,24
1644718352,3,0,358,860,24
1644718355,3,0,358,860,24
1644718358,3,0,358,863,24
1644718361,3,0,358,864,24
1644718364,3,0,358,864,24
1644718367,3,0,358,863,24
1644718370,3,0,358,863,24
1644718373,3,0,358,864,24
1644718376,3,0,358,865,24
1644718379,3,0,358,865,24
1644718382,3,0,359,863,24
1644718385,3,0,358,864,24
1644718388,3,0,359,866,24
1644718391,3,0,358,868,24
1644718394,3,0,357,868,24
1644718397,3,0,358,870,24
1644718400,3,0,358,870,24
1644718403,3,0,358,867,24
1644718406,3,0,358,867,24
1644718409,3,0,358,866,24
1644718412,3,0,358,866,24
1644718415,3,0,358,867,24
1644718418,3,0,358,868,24
1644718421,3,0,358,868,24
1644718424,3,0,358,869,24
1644718427,3,0,358,868,24
1644718430,3,0,358,868,24
1644718433,3,0,358,870,24
1644718436,3,0,358,869,24
1644718439,3,0,358,869,24
1644718442,3,0,358,870,24
1644718445,3,0,358,869,24
1644718448,3,0,358,870,24
1644718451,3,0,358,871,24
1644718454,3,0,359,870,24
1644718457,3,0,358,871,24
1644718460,3,0,358,871,24
1644718463,3,0,358,870,24
1644718466,3,0,358,870,24
1644718469,3,0,358,869,24
1644718472,3,0,358,869,24
1644718475,3,0,358,870,24
1644718478,3,0,358,870,24
1644718481,3,0,358,870,24
1644718484,3,0,358,872,24
1644718487,3,0,359,871,24
1644718490,3,0,358,871,24
1644718493,3,0,358,871,24
1644718496,3,0,357,871,24
1644718499,3,0,358,872,24
1644718502,3,0,358,873,24
1644718505,3,0,358,873,24
1644718508,3,0,358,873,24
1644718511,3,0,358,875,24
1644718514,3,0,357,877,24
1644718517,3,0,358,876,24
1644718520,3,0,358,877,24
1644718523,3,0,358,877,24
1644718526,3,0,358,877,24
1644718529,3,0,358,877,24
1644718532,3,0,360,876,24
1644718535,3,0,358,876,24
1644718538,3,0,358,874,24
1644718541,3,0,358,874,24
1644718544,3,0,357,875,24
1644718547,3,0,358,875,24
1644718550,3,0,358,874,24
1644718553,3,0,358,873,24
1644718556,3,0,358,875,24
1644718559,3,0,358,876,24
1644718562,3,0,358,877,24
1644718565,3,0,358,878,24
1644718568,3,0,358,878,24
1644718571,3,0,357,878,24
1644718574,3,0,358,879,24
1644718577,3,0,358,879,24
1644718580,3,0,358,879,24
1644718583,3,0,358,879,24
1644718586,3,0,358,879,24
1644718589,3,0,358,878,24
1644718592,3,0,358,877,24
1644718595,3,0,358,876,24
1644718598,3,0,358,875,24
1644718601,3,0,358,874,24
1644718604,3,0,358,873,24
1644718607,3,0,358,872,24
1644718610,3,0,358,872,24
1644718613,3,0,358,872,24
1644718616,3,0,358,872,24
1644718619,3,0,358,873,24
1644718622,3,0,358,873,24
1644718625,3,0,358,873,24
1644718628,3,0,358,873,24
1644718631,3,0,358,872,24
1644718634,3,0,357,873,24
1644718637,3,0,358,872,24
1644718640,3,0,358,873,24
1644718643,3,0,358,872,24
1644718646,3,0,358,872,24
1644718649,3,0,358,871,24
1644718652,3,0,358,872,24
1644718655,3,0,358,873,24
1644718658,3,0,358,875,24
1644718661,3,0,360,874,24
1644718664,3,0,358,873,24
1644718667,3,0,358,873,24
1644718670,3,0,358,873,24
1644718673,3,0,358,872,24
1644718676,3,0,358,872,24
1644718679,3,0,358,872,24
1644718682,3,0,358,872,24
1644718685,3,0,357,872,24
1644718688,3,0,358,871,24
1644718691,3,0,358,871,24
1644718694,3,0,358,873,24
1644718697,3,0,358,875,24
1644718700,3,0,358,877,24
1644718703,3,0,358,879,24
1644718706,3,0,358,879,24
1644718709,3,0,358,885,24
1644718712,3,0,358,885,24
1644718715,3,0,358,889,24
1644718718,3,0,358,889,24
1644718721,3,0,360,889,24
1644718724,3,0,358,889,24
1644718727,3,0,358,891,24
1644718730,3,0,358,889,24
1644718733,3,0,358,891,24
1644718736,3,0,358,893,24
1644718739,3,0,358,895,24
1644718742,3,0,358,896,24
1644718745,3,0,358,896,24
1644718748,3,0,358,897,24
1644718751,3,0,358,898,24
1644718754,3,0,358,897,24
1644718757,3,0,360,898,24
1644718760,3,0,358,896,24
1644718763,3,0,358,896,24
1644718766,3,0,358,895,24
1644718769,3,0,358,893,24
1644718772,3,0,357,892,24
1644718775,3,0,358,892,24
1644718778,3,0,356,892,24
1644718781,3,0,358,892,24
1644718784,3,0,358,890,24
1644718787,3,0,358,890,24
1644718790,3,0,358,888,24
1644718793,3,0,359,887,24
1644718796,3,0,358,887,24
1644718799,3,0,358,886,24
1644718802,3,0,358,886,24
1644718805,3,0,358,885,24
1644718808,3,0,358,884,24
1644718811,3,0,358,884,24
1644718814,3,0,358,884,24
1644718817,3,0,358,885,24
1644718820,3,0,359,887,24
1644718823,3,0,358,887,24
1644718826,3,0,358,888,24
1644718829,3,0,358,888,24
1644718832,3,0,358,889,24
1644718835,3,0,358,890,24
1644718838,3,0,358,890,24
1644718841,3,0,358,891,24
1644718844,3,0,358,890,24
1644718847,3,0,358,889,24
1644718850,3,0,358,890,24
1644718853,3,0,358,890,23
1644718856,3,0,358,890,23
1644718859,3,0,358,891,24
1644718862,3,0,358,890,24
1644718865,3,0,358,889,24
1644718868,3,0,358,890,23
1644718871,3,0,358,889,24
1644718874,3,0,358,888,24
1644718877,3,0,356,888,24
1644718880,3,0,358,889,24
1644718883,3,0,355,889,23
1644718886,3,0,358,889,24
1644718889,3,0,357,890,24
1644718892,3,0,358,890,24
1644718895,3,0,358,890,23
1644718898,3,0,357,890,23
1644718901,3,0,358,891,23
1644718904,3,0,358,890,23
1644718907,3,0,359,891,23
1644718910,3,0,358,891,23
1644718913,3,0,358,891,23
1644718916,3,0,357,891,23
1644718919,3,0,359,890,23
1644718922,3,0,359,888,23
1644718925,3,0,358,889,23
1644718928,3,0,358,890,23
1644718931,3,0,358,891,23
1644718934,3,0,358,891,23
1644718937,3,0,358,891,23
1644718940,3,0,358,891,23
1644718943,3,0,358,891,23
1644718946,3,0,358,889,23
1644718949,3,0,358,889,23
1644718952,3,0,358,888,23
1644718955,3,0,357,888,23
1644718958,3,0,358,888,23
1644718961,3,0,358,888,23
1644718964,3,0,358,888,23
1644718967,3,0,358,888,23
1644718970,3,0,358,888,23
1644718973,3,0,358,888,23
1644718976,3,0,358,888,23
1644718979,3,0,358,887,23
1644718982,3,0,358,886,23
1644718985,3,0,358,887,24
1644718988,3,0,358,888,23
1644718991,3,0,358,889,23
1644718994,3,0,358,890,23
1644718997,3,0,359,891,23
1644719000,3,0,358,892,23
1644719003,3,0,358,893,23
1644719006,3,0,358,892,23
1644719009,3,0,358,892,23
1644719012,3,0,358,893,23
1644719015,3,0,358,893,23
1644719018,3,0,358,892,23
1644719021,3,0,358,893,23
1644719024,3,0,358,893,23
1644719027,3,0,358,894,23
1644719030,3,0,358,893,23
1644719033,3,0,358,893,23
1644719036,3,0,358,892,23
1644719039,3,0,358,892,23
1644719042,3,0,358,892,23
1644719045,3,0,359,891,23
1644719048,3,0,358,891,23
1644719051,3,0,358,892,24
1644719054,3,0,358,892,23
1644719057,3,0,358,893,23
1644719060,3,0,358,894,23
1644719063,3,0,358,893,23
1644719066,3,0,358,894,23
1644719069,3,0,358,894,23
1644719072,3,0,358,894,23
1644719075,3,0,357,895,23
1644719078,3,0,358,895,23
1644719081,3,0,358,895,23
1644719084,3,0,358,895,23
1644719087,3,0,358,895,23
1644719090,3,0,358,895,23
1644719093,3,0,358,894,23
1644719096,3,0,358,895,23
1644719099,3,0,358,895,23
1644719102,3,0,358,896,23
1644719105,3,0,358,895,23
1644719108,3,0,358,896,23
1644719111,3,0,358,895,23
1644719114,3,0,358,895,23
1644719117,3,0,358,896,23
1644719120,3,0,358,896,23
1644719123,3,0,358,896,23
1644719126,3,0,358,896,23
1644719129,3,0,358,897,23
1644719132,3,0,358,896,23
1644719135,3,0,358,896,23
1644719138,3,0,358,896,23
1644719141,3,0,358,897,23
1644719144,3,0,358,896,23
1644719147,3,0,358,896,23
1644719150,3,0,358,895,23
1644719153,3,0,357,896,23
1644719156,3,0,358,898,23
1644719159,3,0,358,899,23
1644719162,3,0,358,898,23
1644719165,3,0,358,898,23
1644719168,3,0,358,898,23
1644719171,3,0,357,900,23
1644719174,3,0,358,900,23
1644719177,3,0,358,899,23
1644719180,3,0,358,898,23
1644719183,3,0,358,898,23
1644719186,3,0,358,898,23
1644719189,3,0,358,897,23
1644719192,3,0,358,897,23
1644719195,3,0,358,896,23
1644719198,3,0,358,895,23
1644719201,3,0,358,894,23
1644719204,3,0,358,895,23
1644719207,3,0,358,894,23
1644719210,3,0,358,893,23
1644719213,3,0,359,893,23
1644719216,3,0,358,891,23
1644719219,3,0,358,891,23
1644719222,3,0,358,891,23
1644719225,3,0,358,890,23
1644719228,3,0,358,890,23
1644719231,3,0,358,890,23
1644719234,3,0,358,890,23
1644719237,3,0,358,890,23
1644719240,3,0,358,889,23
1644719243,3,0,358,889,23
1644719246,3,0,358,890,23
1644719249,3,0,358,889,23
1644719252,3,0,358,888,23
1644719255,3,0,358,888,23
1644719258,3,0,358,888,23
1644719261,3,0,358,888,23
1644719264,3,0,358,888,23
1644719267,3,0,357,888,23
1644719270,3,0,358,888,23
1644719273,3,0,358,888,23
1644719276,3,0,358,887,23
1644719279,3,0,358,887,23
1644719282,3,0,358,888,23
1644719285,3,0,358,888,23
1644719288,3,0,359,888,23
1644719291,3,0,358,887,23
1644719294,3,0,358,888,23
1644719297,3,0,358,887,23
1644719300,3,0,358,887,23
1644719303,3,0,358,887,23
1644719306,3,0,358,886,23
1644719309,3,0,358,886,23
1644719312,3,0,358,887,23
1644719315,3,0,358,885,23
1644719318,3,0,358,886,23
1644719321,3,0,358,889,23
1644719324,3,0,358,889,23
1644719327,3,0,358,890,23
1644719330,3,0,358,891,23
1644719333,3,0,358,891,23
1644719336,3,0,358,891,23
1644719339,3,0,358,890,23
1644719342,3,0,358,889,23
1644719345,3,0,357,889,23
1644719348,3,0,358,889,23
1644719351,3,0,358,889,23
1644719354,3,0,358,888,23
1644719357,3,0,358,888,23
1644719360,3,0,358,887,23
1644719363,3,0,358,887,23
1644719366,3,0,358,887,23
1644719369,3,0,358,888,23
1644719372,3,0,358,887,23
1644719375,3,0,358,887,23
1644719378,3,0,358,888,23
1644719381,3,0,358,887,23
1644719384,3,0,358,887,23
1644719387,3,0,358,888,23
1644719390,3,0,358,888,23
1644719393,3,0,358,887,23
1644719396,3,0,358,888,23
1644719399,3,0,359,888,23
1644719402,3,0,358,888,23
1644719405,3,0,358,888,23
1644719408,3,0,358,888,23
1644719411,3,0,358,887,23
1644719414,3,0,358,886,23
1644719417,3,0,358,886,23
1644719420,3,0,358,886,23
1644719423,3,0,358,885,23
1644719426,3,0,358,885,23
1644719429,3,0,358,884,23
1644719432,3,0,358,885,23
1644719435,3,0,358,885,23
1644719438,3,0,358,884,23
1644719441,3,0,358,884,23
1644719444,3,0,358,884,23
1644719447,3,0,358,883,23
1644719450,3,0,358,883,23
1644719453,3,0,358,883,23
1644719456,3,0,358,884,23
1644719459,3,0,358,884,23
1644719462,3,0,357,885,23
1644719465,3,0,358,884,23
1644719468,3,0,358,884,23
1644719471,3,0,358,885,23
1644719474,3,0,358,886,23
1644719477,3,0,358,886,23
1644719480,3,0,358,886,23
1644719483,3,0,358,887,23
1644719486,3,0,358,887,23
1644719489,3,0,357,887,23
1644719492,3,0,358,887,23
1644719495,3,0,358,887,23
1644719498,3,0,358,887,23
1644719501,3,0,358,887,23
1644719504,3,0,358,886,23
1644719507,3,0,358,887,23
1644719510,3,0,358,887,23
1644719513,3,0,358,888,23
1644719516,3,0,358,887,23
1644719519,3,0,358,887,23
1644719522,3,0,358,890,23
1644719525,3,0,358,891,23
1644719528,3,0,358,893,23
1644719531,3,0,358,882,23
1644719534,3,0,358,873,23
1644719537,3,0,358,885,23
1644719540,3,0,358,895,23
1644719543,3,0,358,908,23
1644719546,3,0,358,939,23
1644719549,3,0,358,997,23
1644719552,3,0,358,1009,23
1644719555,3,0,358,1009,23
1644719558,3,0,358,994,23
1644719561,3,0,358,974,23
1644719564,3,0,358,968,24
1644719567,3,0,358,968,24
1644719570,3,0,358,968,24
1644719573,3,0,358,966,24
1644719576,3,0,358,960,24
1644719579,3,0,358,960,24
1644719582,3,0,358,964,24
1644719585,3,0,358,962,24
1644719588,3,0,358,961,24
1644719591,3,0,358,959,24
1644719594,3,0,358,955,24
1644719597,3,0,358,959,24
1644719600,3,0,358,961,24
1644719603,3,0,358,963,24
1644719606,3,0,358,968,24
1644719609,3,0,358,969,24
1644719612,3,0,358,973,24
1644719615,3,0,358,974,24
1644719618,3,0,358,974,24
1644719621,3,0,358,977,24
1644719624,3,0,358,976,24
1644719627,3,0,358,979,24
1644719630,3,0,358,978,24
1644719633,3,0,359,979,24
1644719636,3,0,358,980,24
1644719639,3,0,358,981,24
1644719642,3,0,358,982,24
1644719645,3,0,358,982,24
1644719648,3,0,358,983,24
1644719651,3,0,359,983,24
1644719654,3,0,358,984,24
1644719657,3,0,358,985,24
1644719660,3,0,359,984,24
1644719663,3,0,358,986,24
1644719666,3,0,358,987,24
1644719669,3,0,358,987,24
1644719672,3,0,358,989,24
1644719675,3,0,359,990,24
1644719678,3,0,358,990,24
1644719681,3,0,358,991,24
1644719684,3,0,358,993,24
1644719687,3,0,358,994,24
1644719690,3,0,358,996,24
1644719693,3,0,359,996,24
1644719696,3,0,358,996,24
1644719699,3,0,358,996,24
1644719702,3,0,358,998,24
1644719705,3,0,358,999,24
1644719708,3,0,358,1001,24
1644719711,3,0,358,1001,24
1644719714,3,0,358,1000,24
1644719717,3,0,358,1001,24
1644719720,3,0,359,1001,24
1644719723,3,0,358,1002,24
1644719726,3,0,358,1002,24
1644719729,3,0,357,1002,24
1644719732,3,0,358,1003,24
1644719735,3,0,358,1003,24
1644719738,3,0,358,1005,24
1644719741,3,0,358,1005,24
1644719744,3,0,358,1005,24
1644719747,3,0,358,1006,24
1644719750,3,0,358,1008,24
1644719753,3,0,358,1008,24
1644719756,3,0,358,1008,24
1644719759,3,0,359,1008,24
1644719762,3,0,358,1008,24
1644719765,3,0,358,1008,24
1644719768,3,0,359,1010,24
1644719771,3,0,357,1010,24
1644719774,3,0,358,1011,24
1644719777,3,0,358,1012,24
1644719780,3,0,358,1013,24
1644719783,3,0,358,1013,24
1644719786,3,0,358,1012,24
1644719789,3,0,358,1012,24
1644719792,3,0,358,1011,24
1644719795,3,0,358,1010,24
1644719798,3,0,358,1009,24
1644719801,3,0,358,1009,24
1644719804,3,0,358,1010,24
1644719807,3,0,359,1012,24
1644719810,3,0,358,1013,24
1644719813,3,0,358,1014,24
1644719816,3,0,358,1014,24
1644719819,3,0,358,1015,24
1644719822,3,0,358,1015,24
1644719825,3,0,358,1015,24
1644719828,3,0,358,1015,24
1644719831,3,0,358,1016,24
1644719834,3,0,358,1017,24
1644719837,3,0,358,1019,24
1644719840,3,0,358,1019,24
1644719843,3,0,358,1020,24
1644719846,3,0,358,1019,24
1644719849,3,0,358,1019,24
1644719852,3,0,358,1020,24
1644719855,3,0,358,1018,24
1644719858,3,0,358,1018,24
1644719861,3,0,358,1018,24
1644719864,3,0,358,1018,24
1644719867,3,0,358,1016,24
1644719870,3,0,358,1017,24
1644719873,3,0,358,1017,24
1644719876,3,0,358,1018,24
1644719879,3,0,358,1018,24
1644719882,3,0,358,1020,24
1644719885,3,0,358,1020,24
1644719888,3,0,358,1018,24
1644719891,3,0,358,1019,24
1644719894,3,0,358,1019,24
1644719897,3,0,358,1017,24
1644719900,3,0,358,1017,24
1644719903,3,0,358,1018,24
1644719906,3,0,358,1019,24
1644719909,3,0,358,1018,24
1644719912,3,0,358,1019,24
1644719915,3,0,358,1019,24
1644719918,3,0,358,1020,24
1644719921,3,0,358,1019,24
1644719924,3,0,358,1019,24
1644719927,3,0,358,1019,24
1644719930,3,0,358,1019,24
1644719933,3,0,358,1018,24
1644719936,3,0,358,1018,24
1644719939,3,0,358,1018,24
1644719942,3,0,358,1019,24
1644719945,3,0,358,1019,24
1644719948,3,0,358,1020,24
1644719951,3,0,358,1020,24
1644719954,3,0,358,1021,24
1644719957,3,0,358,1021,24
1644719960,3,0,358,1021,24
1644719963,3,0,358,1021,24
1644719966,3,0,359,1022,24
1644719969,3,0,357,1022,24
1644719972,3,0,358,1022,24
1644719975,3,0,358,1021,24
1644719978,3,0,358,1021,24
1644719981,3,0,358,1022,24
1644719984,3,0,358,1023,24
1644719987,3,0,358,1024,24
1644719990,3,0,358,1024,24
1644719993,3,0,358,1023,24
1644719996,3,0,358,1023,24
1644719999,3,0,358,1023,24
1644720002,3,0,358,1023,24
1644720005,3,0,358,1022,24
1644720008,3,0,358,1021,24
1644720011,3,0,358,1022,24
1644720014,3,0,358,1021,24
1644720017,3,0,358,1021,24
1644720020,3,0,358,1021,24
1644720023,3,0,358,1020,24
1644720026,3,0,358,1021,24
1644720029,3,0,358,1021,24
1644720032,3,0,358,1021,24
1644720035,3,0,358,1021,24
1644720038,3,0,358,1026,24
1644720041,3,0,358,1033,24
1644720044,3,0,358,1099,24
1644720047,3,0,358,1229,24
1644720050,3,0,358,1331,24
1644720053,3,0,358,1318,24
1644720056,3,0,357,1303,24
1644720059,3,0,358,1282,24
1644720062,3,0,358,1264,24
1644720065,3,0,358,1246,24
1644720068,3,0,358,1214,24
1644720071,3,0,358,1188,24
1644720074,3,0,358,1127,24
1644720077,3,0,358,1107,24
1644720080,3,0,358,1096,24
1644720083,3,0,358,1076,24
1644720086,3,0,358,1066,24
1644720089,3,0,360,1053,24
1644720092,3,0,356,1049,24
1644720095,3,0,358,1044,24
1644720098,3,0,359,1045,24
1644720101,3,0,358,1039,24
1644720104,3,0,357,1036,24
1644720107,3,0,358,1038,24
1644720110,3,0,358,1035,25
1644720113,3,0,358,1028,24
1644720116,3,0,358,1026,25
1644720119,3,0,358,1024,25
1644720122,3,0,358,1024,25
1644720125,3,0,358,1023,25
1644720128,3,0,358,1030,25
1644720131,3,0,358,1041,25
1644720134,3,0,359,1081,25
1644720137,3,0,358,1148,25
1644720140,3,0,358,1317,25
1644720143,3,0,359,1477,25
1644720146,3,0,358,1430,25
1644720149,3,0,358,1388,25
1644720152,3,0,358,1367,25
1644720155,3,0,358,1318,25
1644720158,3,0,358,1145,25
1644720161,3,0,358,1139,25
1644720164,3,0,358,1125,25
1644720167,3,0,358,1126,25
1644720170,3,0,358,1113,25
1644720173,3,0,358,1097,25
1644720176,3,0,358,1093,25
1644720179,3,0,358,1083,25
1644720182,3,0,359,1083,25
1644720185,3,0,359,1082,25
1644720188,3,0,358,1077,25
1644720191,3,0,358,1073,25
1644720194,3,0,358,1070,25
1644720197,3,0,358,1069,25
1644720200,3,0,358,1066,25
1644720203,3,0,358,1062,25
1644720206,3,0,359,1059,25
1644720209,3,0,358,1057,25
1644720212,3,0,358,1054,25
1644720215,3,0,358,1046,25
1644720218,3,0,360,1041,25
1644720221,3,0,358,1037,25
1644720224,3,0,359,1026,25
1644720227,3,0,358,1029,25
1644720230,3,0,358,1032,25
1644720233,3,0,358,1031,25
1644720236,3,0,358,1028,25
1644720239,3,0,358,1024,25
1644720242,3,0,358,1025,25
1644720245,3,0,358,1022,25
1644720248,3,0,358,1019,25
1644720251,3,0,358,1019,25
1644720254,3,0,358,1021,25
1644720257,3,0,358,1021,25
1644720260,3,0,358,1015,25
1644720263,3,0,358,1014,25
1644720266,3,0,358,1014,25
1644720269,3,0,357,1011,25
1644720272,3,0,358,1012,25
1644720275,3,0,358,1013,25
1644720278,3,0,358,1011,25
1644720281,3,0,358,1010,25
1644720284,3,0,358,1011,25
1644720287,3,0,358,1010,25
1644720290,3,0,358,1011,25
1644720293,3,0,358,1011,25
1644720296,3,0,358,1011,25
1644720299,3,0,359,1008,25
1644720302,3,0,358,1008,25
1644720305,3,0,358,1005,25
1644720308,3,0,358,1004,25
1644720311,3,0,358,1004,25
1644720314,3,0,358,1004,25
1644720317,3,0,359,1004,25
1644720320,3,0,358,1001,25
1644720323,3,0,360,1000,25
1644720326,3,0,358,1000,25
1644720329,3,0,358,1000,25
1644720332,3,0,358,998,25
1644720335,3,0,359,999,25
1644720338,3,0,358,999,25
1644720341,3,0,359,999,25
1644720344,3,0,358,999,25
1644720347,3,0,359,999,25
1644720350,3,0,358,996,25
1644720353,3,0,358,996,25
1644720356,3,0,358,995,25
1644720359,3,0,358,995,25
1644720362,3,0,358,995,25
1644720365,3,0,359,994,25
1644720368,3,0,358,994,25
1644720371,3,0,358,993,25
1644720374,3,0,358,993,25
1644720377,3,0,358,994,25
1644720380,3,0,358,994,25
1644720383,3,0,355,993,25
1644720386,3,0,357,993,25
1644720389,3,0,358,992,25
1644720392,3,0,358,993,25
1644720395,3,0,358,994,25
1644720398,3,0,358,994,25
1644720401,3,0,358,994,25
1644720404,3,0,358,995,25
1644720407,3,0,359,995,25
1644720410,3,0,358,996,25
1644720413,3,0,358,996,25
1644720416,3,0,358,997,25
1644720419,3,0,358,998,25
1644720422,3,0,358,998,25
1644720425,3,0,358,999,25
1644720428,3,0,358,1000,25
1644720431,3,0,358,1001,25
1644720434,3,0,358,1002,25
1644720437,3,0,358,1001,25
1644720440,3,0,358,1002,25
1644720443,3,0,358,1002,25
1644720446,3,0,359,1001,25
1644720449,3,0,358,1001,25
1644720452,3,0,359,1000,25
1644720455,3,0,358,1001,25
1644720458,3,0,358,1002,25
1644720461,3,0,358,1002,25
1644720464,3,0,359,1002,25
1644720467,3,0,358,1002,25
1644720470,3,0,358,1002,25
1644720473,3,0,358,1002,25
1644720476,3,0,358,1001,25
1644720479,3,0,358,1002,25
1644720482,3,0,358,1002,25
1644720485,3,0,358,1004,25
1644720488,3,0,358,1004,25
1644720491,3,0,359,1005,25
1644720494,3,0,358,1005,25
1644720497,3,0,357,1006,25
1644720500,3,0,358,1005,25
1644720503,3,0,358,1006,25
1644720506,3,0,358,1007,25
1644720509,3,0,359,1007,25
1644720512,3,0,358,1008,25
1644720515,3,0,358,1009,25
1644720518,3,0,358,1009,25
1644720521,3,0,358,1010,25
1644720524,3,0,358,1010,25
1644720527,3,0,358,1010,25
1644720530,3,0,359,1010,25
1644720533,3,0,358,1010,25
1644720536,3,0,358,1010,25
1644720539,3,0,358,1010,25
1644720542,3,0,358,1009,25
1644720545,3,0,356,1008,25
1644720548,3,0,358,1008,25
1644720551,3,0,358,1008,25
1644720554,3,0,358,1009,25
1644720557,3,0,358,1009,25
1644720560,3,0,358,1009,25
1644720563,3,0,358,1008,25
1644720566,3,0,358,1007,25
1644720569,3,0,358,1006,25
1644720572,3,0,358,1005,25
1644720575,3,0,358,1006,25
1644720578,3,0,358,1007,25
1644720581,3,0,358,1011,25
1644720584,3,0,358,1019,25
1644720587,3,0,358,1029,25
1644720590,3,0,358,1092,25
1644720593,3,0,358,1080,25
1644720596,3,0,358,1081,25
1644720599,3,0,358,1078,25
1644720602,3,0,358,1073,25
1644720605,3,0,358,1069,25
1644720608,3,0,358,1063,25
1644720611,3,0,359,1049,25
1644720614,3,0,358,1044,25
1644720617,3,0,358,1041,25
1644720620,3,0,358,1036,25
1644720623,3,0,358,1035,25
1644720626,3,0,358,1031,25
1644720629,3,0,358,1026,25
1644720632,3,0,360,1024,25
1644720635,3,0,358,1023,25
1644720638,3,0,358,1021,25
1644720641,3,0,358,1018,25
1644720644,3,0,358,1017,25
1644720647,3,0,359,1015,25
1644720650,3,0,358,1015,25
1644720653,3,0,358,1015,25
1644720656,3,0,357,1013,25
1644720659,3,0,358,1013,25
1644720662,3,0,358,1014,25
1644720665,3,0,358,1014,25
1644720668,3,0,358,1012,25
1644720671,3,0,360,1011,25
1644720674,3,0,358,1011,25
1644720677,3,0,358,1011,25
1644720680,3,0,359,1009,25
1644720683,3,0,358,1009,25
1644720686,3,0,358,1009,25
1644720689,3,0,358,1008,25
1644720692,3,0,358,1010,25
1644720695,3,0,358,1013,25
1644720698,3,0,357,1016,25
1644720701,3,0,358,1050,25
1644720704,3,0,358,1064,25
1644720707,3,0,358,1062,25
1644720710,3,0,358,1056,25
1644720713,3,0,357,1050,25
1644720716,3,0,358,1051,25
1644720719,3,0,358,1053,25
1644720722,3,0,358,1064,25
1644720725,3,0,358,1064,25
1644720728,3,0,358,1064,25
1644720731,3,0,356,1063,25
1644720734,3,0,358,1060,25
1644720737,3,0,358,1059,25
1644720740,3,0,358,1059,25
1644720743,3,0,359,1057,25
1644720746,3,0,358,1051,25
1644720749,3,0,358,1049,25
1644720752,3,0,358,1047,25
1644720755,3,0,358,1045,25
1644720758,3,0,359,1044,25
1644720761,3,0,358,1042,25
1644720764,3,0,358,1040,25
1644720767,3,0,358,1034,25
1644720770,3,0,358,1032,25
1644720773,3,0,358,1031,25
1644720776,3,0,358,1030,25
1644720779,3,0,358,1027,25
1644720782,3,0,359,1022,25
1644720785,3,0,358,1020,25
1644720788,3,0,358,1016,25
1644720791,3,0,358,1012,25
1644720794,3,0,358,1012,25
1644720797,3,0,358,1007,25
1644720800,3,0,358,1005,25
1644720803,3,0,358,1003,25
1644720806,3,0,358,1002,25
1644720809,3,0,358,1001,25
1644720812,3,0,358,1003,25
1644720815,3,0,358,1006,25
1644720818,3,0,358,1010,25
1644720821,3,0,358,1018,25
1644720824,3,0,358,1019,25
1644720827,3,0,358,1030,25
1644720830,3,0,358,1034,25
1644720833,3,0,358,1040,25
1644720836,3,0,358,1037,25
1644720839,3,0,358,1033,25
1644720842,3,0,358,1027,25
1644720845,3,0,358,1026,25
1644720848,3,0,357,1023,25
1644720851,3,0,358,1026,25
1644720854,3,0,358,1023,25
1644720857,3,0,358,1018,25
1644720860,3,0,358,1014,25
1644720863,3,0,358,1012,25
1644720866,3,0,358,1014,25
1644720869,3,0,358,1015,25
1644720872,3,0,358,1024,25
1644720875,3,0,358,1027,25
1644720878,3,0,358,1043,25
1644720881,3,0,358,1064,25
1644720884,3,0,358,1077,25
1644720887,3,0,360,1082,25
1644720890,3,0,358,1079,25
1644720893,3,0,358,1074,25
1644720896,3,0,358,1076,25
1644720899,3,0,358,1080,25
1644720902,3,0,358,1083,25
1644720905,3,0,357,1078,25
1644720908,3,0,358,1072,25
1644720911,3,0,358,1069,25
1644720914,3,0,358,1070,25
1644720917,3,0,358,1069,25
1644720920,3,0,358,1067,25
1644720923,3,0,358,1070,25
1644720926,3,0,357,1071,25
1644720929,3,0,358,1072,25
1644720932,3,0,359,1074,25
1644720935,3,0,358,1074,25
1644720938,3,0,358,1069,25
1644720941,3,0,358,1068,25
1644720944,3,0,358,1065,25
1644720947,3,0,358,1060,25
1644720950,3,0,358,1056,25
1644720953,3,0,358,1051,25
1644720956,3,0,358,1050,25
1644720959,3,0,358,1053,25
1644720962,3,0,358,1062,25
1644720965,3,0,358,1069,25
1644720968,3,0,358,1076,25
1644720971,3,0,359,1075,25
1644720974,3,0,358,1074,25
1644720977,3,0,358,1070,25
1644720980,3,0,356,1068,25
1644720983,3,0,358,1065,25
1644720986,3,0,358,1064,25
1644720989,3,0,359,1064,25
1644720992,3,0,358,1068,25
1644720995,3,0,358,1066,25
1644720998,3,0,358,1069,25
1644721001,3,0,358,1070,25
1644721004,3,0,358,1071,25
1644721007,3,0,358,1070,25
1644721010,3,0,359,1068,25
1644721013,3,0,358,1066,25
1644721016,3,0,358,1066,25
1644721019,3,0,359,1063,25
1644721022,3,0,358,1063,25
1644721025,3,0,359,1062,25
1644721028,3,0,358,1061,25
1644721031,3,0,358,1061,25
1644721034,3,0,358,1055,25
1644721037,3,0,358,1052,25
1644721040,3,0,359,1049,25
1644721043,3,0,358,1028,25
1644721046,3,0,358,1016,25
1644721049,3,0,358,1014,25
1644721052,3,0,358,1018,25
1644721055,3,0,359,1022,25
1644721058,3,0,358,1024,25
1644721061,3,0,358,1020,25
1644721064,3,0,358,1025,25
1644721067,3,0,358,1027,25
1644721070,3,0,358,1030,25
1644721073,3,0,358,1036,25
1644721076,3,0,358,1033,25
1644721079,3,0,358,1033,25
1644721082,3,0,358,1032,25
1644721085,3,0,358,1032,25
1644721088,3,0,358,1025,25
1644721091,3,0,358,1028,25
1644721094,3,0,358,1027,25
1644721097,3,0,358,1026,25
1644721100,3,0,358,1025,25
1644721103,3,0,358,1027,25
1644721106,3,0,358,1026,25
1644721109,3,0,358,1024,25
1644721112,3,0,358,1024,25
1644721115,3,0,358,1024,25
1644721118,3,0,358,1022,25
1644721121,3,0,355,1019,25
1644721124,3,0,358,1014,25
1644721127,3,0,358,1010,25
1644721130,3,0,358,1008,25
1644721133,3,0,358,997,25
1644721136,3,0,358,996,25
1644721139,3,0,358,994,25
1644721142,3,0,358,994,25
1644721145,3,0,358,994,25
1644721148,3,0,358,996,25
1644721151,3,0,358,1002,25
1644721154,3,0,358,1000,25
1644721157,3,0,358,999,25
1644721160,3,0,358,1000,25
1644721163,3,0,358,997,25
1644721166,3,0,358,997,25
1644721169,3,0,358,992,25
1644721172,3,0,359,991,25
1644721175,3,0,358,990,25
1644721178,3,0,358,988,25
1644721181,3,0,358,988,25
1644721184,3,0,358,990,25
1644721187,3,0,358,989,25
1644721190,3,0,358,990,25
1644721193,3,0,358,990,25
1644721196,3,0,358,990,25
1644721199,3,0,358,989,25
1644721202,3,0,358,988,25
1644721205,3,0,358,987,25
1644721208,3,0,358,986,25
1644721211,3,0,358,986,25
1644721214,3,0,358,986,25
1644721217,3,0,358,986,25
1644721220,3,0,358,986,25
1644721223,3,0,359,986,25
1644721226,3,0,358,987,25
1644721229,3,0,358,986,25
1644721232,3,0,358,987,25
1644721235,3,0,358,987,25
1644721238,3,0,358,987,25
1644721241,3,0,358,986,25
1644721244,3,0,358,985,25
1644721247,3,0,358,985,25
1644721250,3,0,358,983,25
1644721253,3,0,358,983,25
1644721256,3,0,358,983,25
1644721259,3,0,358,983,26
1644721262,3,0,358,983,26
1644721265,3,0,352,982,26
1644721268,3,0,358,0,0
1644721271,3,0,358,981,26
1644721274,3,0,358,983,26
1644721277,3,0,358,983,26
1644721280,3,0,357,984,26
1644721283,3,0,358,984,26
1644721286,3,0,358,983,26
1644721289,3,0,359,982,26
1644721292,3,0,358,982,26
1644721295,3,0,358,984,26
1644721298,3,0,359,985,26
1644721301,3,0,359,984,26
1644721304,3,0,355,987,26
1644721307,3,0,358,987,26
1644721310,3,0,358,988,26
1644721313,3,0,358,989,26
1644721316,3,0,358,988,26
1644721319,3,0,358,988,26
1644721322,3,0,358,989,26
1644721325,3,0,358,988,26
1644721328,3,0,358,988,26
1644721331,3,0,358,989,26
1644721334,3,0,359,990,26
1644721337,3,0,358,990,26
1644721340,3,0,358,989,26
1644721343,3,0,358,987,26
1644721346,3,0,358,987,26
1644721349,3,0,358,985,26
1644721352,3,0,357,987,26
1644721355,3,0,358,987,26
1644721358,3,0,352,986,26
1644721361,3,0,358,986,26
1644721364,3,0,358,989,26
1644721367,3,0,358,991,26
1644721370,3,0,358,995,26
1644721373,3,0,358,995,25
1644721376,3,0,358,994,25
1644721379,3,0,358,995,25
1644721382,3,0,358,994,25
1644721385,3,0,358,992,26
1644721388,3,0,358,991,26
1644721391,3,0,358,990,26
1644721394,3,0,358,990,25
1644721397,3,0,358,991,26
1644721400,3,0,358,990,26
1644721403,3,0,358,989,25
1644721406,3,0,358,989,25
1644721409,3,0,358,988,25
1644721412,3,0,358,989,25
1644721415,3,0,358,987,25
1644721418,3,0,358,987,25
1644721421,3,0,358,987,25
1644721424,3,0,358,988,25
1644721427,3,0,359,989,25
1644721430,3,0,358,989,25
1644721433,3,0,358,991,25
1644721436,3,0,357,996,25
1644721439,3,0,358,1005,25
1644721442,3,0,358,1002,25
1644721445,3,0,358,994,25
1644721448,3,0,360,993,25
1644721451,3,0,358,990,25
1644721454,3,0,358,990,25
1644721457,3,0,358,989,25
1644721460,3,0,358,988,25
1644721463,3,0,358,989,25
1644721466,3,0,358,984,25
1644721469,3,0,358,984,25
1644721472,3,0,358,982,25
1644721475,3,0,358,979,25
1644721478,3,0,358,979,25
1644721481,3,0,358,979,25
1644721484,3,0,358,978,25
1644721487,3,0,358,977,25
1644721490,3,0,358,977,25
1644721493,3,0,358,979,25
1644721496,3,0,358,979,25
1644721499,3,0,358,977,25
1644721502,3,0,358,976,25
1644721505,3,0,358,979,25
1644721508,3,0,358,978,25
1644721511,3,0,358,978,25
1644721514,3,0,358,978,25
1644721517,3,0,358,977,25
1644721520,3,0,359,978,25
1644721523,3,0,358,978,25
1644721526,3,0,358,978,25
1644721529,3,0,358,979,25
1644721532,3,0,358,979,25
1644721535,3,0,358,980,25
1644721538,3,0,358,979,25
1644721541,3,0,358,976,25
1644721544,3,0,358,975,25
1644721547,3,0,359,976,25
1644721550,3,0,358,975,25
1644721553,3,0,358,976,25
1644721556,3,0,358,976,25
1644721559,3,0,358,977,25
1644721562,3,0,358,977,25
1644721565,3,0,358,974,25
1644721568,3,0,358,974,25
1644721571,3,0,358,975,25
1644721574,3,0,358,976,25
1644721577,3,0,358,975,25
1644721580,3,0,358,971,25
1644721583,3,0,358,972,25
1644721586,3,0,359,971,25
1644721589,3,0,358,971,25
1644721592,3,0,358,972,25
1644721595,3,0,358,971,25
1644721598,3,0,358,972,25
1644721601,3,0,358,969,25
1644721604,3,0,358,969,25
1644721607,3,0,358,966,25
1644721610,3,0,358,965,25
1644721613,3,0,358,965,25
1644721616,3,0,358,970,25
1644721619,3,0,358,969,25
1644721622,3,0,358,973,25
1644721625,3,0,359,975,25
1644721628,3,0,358,973,25
1644721631,3,0,358,972,25
1644721634,3,0,358,969,25
1644721637,3,0,358,966,25
1644721640,3,0,358,968,25
1644721643,3,0,358,965,25
1644721646,3,0,358,967,25
1644721649,3,0,358,968,25
1644721652,3,0,358,969,25
1644721655,3,0,358,968,25
1644721658,3,0,358,968,25
1644721661,3,0,358,969,25
1644721664,3,0,358,968,25
1644721667,3,0,358,970,25
1644721670,3,0,358,971,25
1644721673,3,0,358,972,25
1644721676,3,0,358,970,25
1644721679,3,0,358,971,25
1644721682,3,0,358,970,25
1644721685,3,0,358,970,25
1644721688,3,0,358,970,25
1644721691,3,0,358,967,25
1644721694,3,0,359,967,25
1644721697,3,0,358,961,25
1644721700,3,0,358,961,25
1644721703,3,0,358,962,25
1644721706,3,0,358,959,25
1644721709,3,0,359,960,25
1644721712,3,0,358,959,25
1644721715,3,0,358,960,25
1644721718,3,0,358,962,25
1644721721,3,0,358,963,25
1644721724,3,0,358,963,25
1644721727,3,0,358,961,25
1644721730,3,0,358,960,25
1644721733,3,0,358,959,25
1644721736,3,0,359,960,25
1644721739,3,0,358,961,25
1644721742,3,0,358,961,25
1644721745,3,0,358,960,25
1644721748,3,0,358,960,25
1644721751,3,0,358,964,25
1644721754,3,0,358,966,25
1644721757,3,0,358,968,25
1644721760,3,0,358,969,25
1644721763,3,0,358,967,25
1644721766,3,0,358,971,25
1644721769,3,0,358,972,25
1644721772,3,0,358,970,25
1644721775,3,0,358,972,25
1644721778,3,0,358,968,25
1644721781,3,0,358,976,25
1644721784,3,0,358,985,25
1644721787,3,0,358,1005,25
1644721790,3,0,358,1012,25
1644721793,3,0,360,1052,25
1644721796,3,0,357,1075,25
1644721799,3,0,359,1081,25
1644721802,3,0,358,1064,25
1644721805,3,0,358,1063,25
1644721808,3,0,358,1065,25
1644721811,3,0,358,1063,25
1644721814,3,0,358,1050,25
1644721817,3,0,358,1033,25
1644721820,3,0,359,1034,25
1644721823,3,0,358,1045,25
1644721826,3,0,358,1037,25
1644721829,3,0,358,1036,25
1644721832,3,0,358,1056,25
1644721835,3,0,358,1061,25
1644721838,3,0,358,1051,25
1644721841,3,0,358,1056,25
1644721844,3,0,358,1054,25
1644721847,3,0,357,1039,25
1644721850,3,0,358,1043,25
1644721853,3,0,358,1039,25
1644721856,3,0,358,1045,25
1644721859,3,0,358,1040,25
1644721862,3,0,358,1041,25
1644721865,3,0,358,1039,25
1644721868,3,0,359,1040,25
1644721871,3,0,359,1042,25
1644721874,3,0,358,1044,25
1644721877,3,0,359,1041,25
1644721880,3,0,357,1042,25
1644721883,3,0,358,1042,25
1644721886,3,0,358,1044,25
1644721889,3,0,358,1041,25
1644721892,3,0,357,1036,25
1644721895,3,0,358,1036,25
1644721898,3,0,358,1032,25
1644721901,3,0,360,1031,25
1644721904,3,0,358,1030,25
1644721907,3,0,358,1032,25
1644721910,3,0,358,1029,25
1644721913,3,0,358,1023,25
1644721916,3,0,358,1020,25
1644721919,3,0,358,1022,25
1644721922,3,0,357,1022,25
1644721925,3,0,359,1019,25
1644721928,3,0,358,1019,25
1644721931,3,0,358,1020,25
1644721934,3,0,358,1020,25
1644721937,3,0,358,1014,25
1644721940,3,0,358,1012,25
1644721943,3,0,358,1011,25
1644721946,3,0,358,1012,25
1644721949,3,0,358,1013,25
1644721952,3,0,358,1011,25
1644721955,3,0,358,1008,25
1644721958,3,0,358,1006,25
1644721961,3,0,358,1007,25
1644721964,3,0,358,1006,25
1644721967,3,0,358,1008,25
1644721970,3,0,358,1007,25
1644721973,3,0,358,1003,25
1644721976,3,0,358,1000,25
1644721979,3,0,359,996,25
1644721982,3,0,358,988,25
1644721985,3,0,358,992,25
1644721988,3,0,358,991,25
1644721991,3,0,359,993,25
1644721994,3,0,358,976,25
1644721997,3,0,358,972,25
1644722000,3,0,359,976,25
1644722003,3,0,358,984,25
1644722006,3,0,358,984,25
1644722009,3,0,358,985,25
1644722012,3,0,358,982,25
1644722015,3,0,359,974,25
1644722018,3,0,358,975,25
1644722021,3,0,358,975,25
1644722024,3,0,358,975,25
1644722027,3,0,358,979,25
1644722030,3,0,358,979,25
1644722033,3,0,358,979,25
1644722036,3,0,358,978,25
1644722039,3,0,358,976,25
1644722042,3,0,358,974,25
1644722045,3,0,358,976,25
1644722048,3,0,358,981,25
1644722051,3,0,358,982,25
1644722054,3,0,359,980,25
1644722057,3,0,358,978,25
1644722060,3,0,358,977,25
1644722063,3,0,359,976,25
1644722066,3,0,358,977,25
1644722069,3,0,358,977,25
1644722072,3,0,358,978,25
1644722075,3,0,358,980,25
1644722078,3,0,358,980,25
1644722081,3,0,359,980,25
1644722084,3,0,358,980,25
1644722087,3,0,358,981,25
1644722090,3,0,358,982,25
1644722093,3,0,359,981,25
1644722096,3,0,358,982,25
1644722099,3,0,358,980,25
1644722102,3,0,358,981,25
1644722105,3,0,358,983,25
1644722108,3,0,358,983,25
1644722111,3,0,358,983,25
1644722114,3,0,358,982,25
1644722117,3,0,358,978,25
1644722120,3,0,358,977,25
1644722123,3,0,358,975,25
1644722126,3,0,358,976,25
1644722129,3,0,358,982,25
1644722132,3,0,358,984,25
1644722135,3,0,358,982,25
1644722138,3,0,358,979,25
1644722141,3,0,358,978,25
1644722144,3,0,357,981,25
1644722147,3,0,358,979,25
1644722150,3,0,359,980,25
1644722153,3,0,358,985,25
1644722156,3,0,358,985,25
1644722159,3,0,358,985,25
1644722162,3,0,358,988,25
1644722165,3,0,359,989,25
1644722168,3,0,358,990,25
1644722171,3,0,358,991,25
1644722174,3,0,358,991,25
1644722177,3,0,358,991,25
1644722180,3,0,358,989,25
1644722183,3,0,358,989,25
1644722186,3,0,358,988,25
1644722189,3,0,358,986,25
1644722192,3,0,358,985,25
1644722195,3,0,358,985,25
1644722198,3,0,358,986,25
1644722201,3,0,358,988,25
1644722204,3,0,359,989,25
1644722207,3,0,358,990,25
1644722210,3,0,358,991,25
1644722213,3,0,358,989,25
1644722216,3,0,358,991,25
1644722219,3,0,358,990,25
1644722222,3,0,358,990,25
1644722225,3,0,358,992,25
1644722228,3,0,358,994,25
1644722231,3,0,358,993,25
1644722234,3,0,358,993,25
1644722237,3,0,359,994,25
1644722240,3,0,358,992,25
1644722243,3,0,358,991,25
1644722246,3,0,358,990,25
1644722249,3,0,358,989,25
1644722252,3,0,358,991,25
1644722255,3,0,358,996,25
1644722258,3,0,358,1013,25
1644722261,3,0,358,1089,25
1644722264,3,0,358,1608,25
1644722267,3,0,358,1658,25
1644722270,3,0,359,1623,25
1644722273,3,0,358,1583,25
1644722276,3,0,358,1559,25
1644722279,3,0,358,1392,25
1644722282,3,0,358,1318,25
1644722285,3,0,358,1213,25
1644722288,3,0,358,1169,25
1644722291,3,0,358,1149,25
1644722294,3,0,358,1162,25
1644722297,3,0,359,1169,25
1644722300,3,0,358,1143,25
1644722303,3,0,359,1132,25
1644722306,3,0,358,1121,25
1644722309,3,0,358,1091,25
1644722312,3,0,358,1062,25
1644722315,3,0,359,1059,25
1644722318,3,0,358,1050,25
1644722321,3,0,358,1049,25
1644722324,3,0,359,1043,25
1644722327,3,0,358,1043,25
1644722330,3,0,358,1034,25
1644722333,3,0,358,1032,25
1644722336,3,0,359,1029,25
1644722339,3,0,359,1026,25
1644722342,3,0,358,1024,25
1644722345,3,0,358,1016,25
1644722348,3,0,358,1010,25
1644722351,3,0,358,1008,25
1644722354,3,0,358,1015,25
1644722357,3,0,358,1015,25
1644722360,3,0,358,1021,25
1644722363,3,0,358,1018,25
1644722366,3,0,358,1017,25
1644722369,3,0,358,1014,25
1644722372,3,0,357,1014,25
1644722375,3,0,358,1012,25
1644722378,3,0,358,1012,25
1644722381,3,0,359,1014,25
1644722384,3,0,356,1014,25
1644722387,3,0,358,1015,25
1644722390,3,0,358,1008,25
1644722393,3,0,358,1009,25
1644722396,3,0,358,1014,25
1644722399,3,0,358,1016,25
1644722402,3,0,358,1015,25
1644722405,3,0,358,1013,25
1644722408,3,0,358,1015,25
1644722411,3,0,358,1016,25
1644722414,3,0,358,1021,25
1644722417,3,0,358,1020,25
1644722420,3,0,358,1020,25
1644722423,3,0,358,1019,25
1644722426,3,0,358,1019,25
1644722429,3,0,358,1021,25
1644722432,3,0,358,1021,25
1644722435,3,0,358,1021,25
1644722438,3,0,358,1022,25
1644722441,3,0,358,1020,25
1644722444,3,0,358,1019,25
1644722447,3,0,358,1019,25
1644722450,3,0,358,1019,25
1644722453,3,0,358,1019,25
1644722456,3,0,358,1021,25
1644722459,3,0,358,1021,25
1644722462,3,0,358,1022,25
1644722465,3,0,358,1022,25
1644722468,3,0,359,1022,25
1644722471,3,0,358,1021,25
1644722474,3,0,358,1022,25
1644722477,3,0,358,1021,25
1644722480,3,0,358,1020,25
1644722483,3,0,358,1019,25
1644722486,3,0,357,1019,25
1644722489,3,0,358,1019,25
1644722492,3,0,358,1019,25
1644722495,3,0,358,1021,25
1644722498,3,0,359,1023,25
1644722501,3,0,358,1022,25
1644722504,3,0,358,1022,25
1644722507,3,0,358,1022,25
1644722510,3,0,358,1020,25
1644722513,3,0,358,1018,25
1644722516,3,0,358,1018,25
1644722519,3,0,359,1017,25
1644722522,3,0,358,1017,25
1644722525,3,0,358,1018,25
1644722528,3,0,358,1018,25
1644722531,3,0,358,1017,25
1644722534,3,0,358,1017,25
1644722537,3,0,358,1016,25
1644722540,3,0,358,1015,25
1644722543,3,0,358,1013,25
1644722546,3,0,358,1009,25
1644722549,3,0,358,1010,25
1644722552,3,0,358,1011,25
1644722555,3,0,358,1016,25
1644722558,3,0,358,1016,25
1644722561,3,0,358,1014,25
1644722564,3,0,358,1016,25
1644722567,3,0,358,1013,25
1644722570,3,0,358,1013,25
1644722573,3,0,358,1014,25
1644722576,3,0,358,1013,25
1644722579,3,0,358,1014,25
1644722582,3,0,358,1014,25
1644722585,3,0,358,1015,25
1644722588,3,0,358,1015,25
1644722591,3,0,358,1018,25
1644722594,3,0,358,1018,25
1644722597,3,0,358,1019,25
1644722600,3,0,358,1021,25
1644722603,3,0,358,1023,25
1644722606,3,0,358,1026,25
1644722609,3,0,358,1027,25
1644722612,3,0,358,1027,25
1644722615,3,0,358,1028,25
1644722618,3,0,358,1028,25
1644722621,3,0,358,1028,25
1644722624,3,0,358,1026,25
1644722627,3,0,359,1022,25
1644722630,3,0,358,1025,25
1644722633,3,0,359,1027,25
1644722636,3,0,358,1030,25
1644722639,3,0,358,1030,25
1644722642,3,0,358,1027,25
1644722645,3,0,358,1028,25
1644722648,3,0,358,1030,25
1644722651,3,0,358,1031,25
1644722654,3,0,358,1029,25
1644722657,3,0,358,1027,25
1644722660,3,0,358,1027,25
1644722663,3,0,358,1027,25
1644722666,3,0,358,1027,25
1644722669,3,0,358,1025,25
1644722672,3,0,358,1025,25
1644722675,3,0,358,1025,25
1644722678,3,0,358,1026,25
1644722681,3,0,358,1025,25
1644722684,3,0,358,1027,25
1644722687,3,0,358,1030,25
1644722690,3,0,358,1030,25
1644722693,3,0,358,1031,25
1644722696,3,0,358,1031,25
1644722699,3,0,359,1030,25
1644722702,3,0,358,1031,26
1644722705,3,0,359,1032,25
1644722708,3,0,360,1033,25
1644722711,3,0,359,1033,25
1644722714,3,0,358,1033,25
1644722717,3,0,358,1032,25
1644722720,3,0,358,1032,26
1644722723,3,0,358,1031,26
1644722726,3,0,358,1030,26
1644722729,3,0,358,1029,26
1644722732,3,0,358,1031,26
1644722735,3,0,359,1031,26
1644722738,3,0,358,1032,26
1644722741,3,0,358,1035,26
1644722744,3,0,358,1035,26
1644722747,3,0,358,1037,26
1644722750,3,0,358,1038,26
1644722753,3,0,358,1040,26
1644722756,3,0,358,1041,26
1644722759,3,0,358,1042,26
1644722762,3,0,358,1042,26
1644722765,3,0,358,1043,26
1644722768,3,0,358,1044,26
1644722771,3,0,358,1075,26
1644722774,3,0,358,1104,26
1644722777,3,0,358,1310,26
1644722780,3,0,358,1703,26
1644722783,3,0,358,2014,26
1644722786,3,0,359,1936,26
1644722789,3,0,358,1899,26
1644722792,3,0,358,1710,26
1644722795,3,0,358,1529,26
1644722798,3,0,359,1388,26
1644722801,3,0,358,1355,26
1644722804,3,0,358,1303,26
1644722807,3,0,358,1238,26
1644722810,3,0,358,1226,26
1644722813,3,0,358,1200,26
1644722816,3,0,358,1188,26
1644722819,3,0,358,1175,26
1644722822,3,0,358,1148,26
1644722825,3,0,358,1133,26
1644722828,3,0,359,1099,26
1644722831,3,0,358,1070,26
1644722834,3,0,358,1033,26
1644722837,3,0,358,1064,26
1644722840,3,0,358,1068,26
1644722843,3,0,359,1164,26
1644722846,3,0,358,1228,26
1644722849,3,0,358,1322,26
1644722852,3,0,358,1384,26
1644722855,3,0,358,1359,26
1644722858,3,0,358,1334,26
1644722861,3,0,358,1323,26
1644722864,3,0,358,1306,26
1644722867,3,0,358,1263,26
1644722870,3,0,358,1251,26
1644722873,3,0,358,1140,26
1644722876,3,0,358,1070,26
1644722879,3,0,358,1087,26
1644722882,3,0,358,1099,26
1644722885,3,0,358,1099,26
1644722888,3,0,358,1120,26
1644722891,3,0,358,1122,26
1644722894,3,0,358,1119,26
1644722897,3,0,358,1118,26
1644722900,3,0,358,1108,26
1644722903,3,0,358,1095,26
1644722906,3,0,358,1093,26
1644722909,3,0,358,1091,26
1644722912,3,0,358,1084,26
1644722915,3,0,358,1081,26
1644722918,3,0,359,1078,26
1644722921,3,0,358,1075,26
1644722924,3,0,358,1073,26
1644722927,3,0,358,1072,26
1644722930,3,0,358,1068,26
1644722933,3,0,358,1066,26
1644722936,3,0,358,1066,26
1644722939,3,0,358,1067,26
1644722942,3,0,358,1066,26
1644722945,3,0,358,1063,26
1644722948,3,0,358,1058,26
1644722951,3,0,358,1058,26
1644722954,3,0,358,1049,26
1644722957,3,0,358,1043,26
1644722960,3,0,358,1041,26
1644722963,3,0,358,1036,26
1644722966,3,0,358,1035,26
1644722969,3,0,358,1033,26
1644722972,3,0,358,1030,26
1644722975,3,0,358,1029,26
1644722978,3,0,358,1026,26
1644722981,3,0,358,1027,26
1644722984,3,0,358,1027,26
1644722987,3,0,359,1026,26
1644722990,3,0,358,1026,26
1644722993,3,0,358,1024,26
1644722996,3,0,358,1024,26
1644722999,3,0,358,1025,26
1644723002,3,0,358,1025,26
1644723005,3,0,358,1024,26
1644723008,3,0,358,1026,26
1644723011,3,0,359,1025,26
1644723014,3,0,359,1028,26
1644723017,3,0,358,1029,26
1644723020,3,0,358,1028,26
1644723023,3,0,358,1028,26
1644723026,3,0,358,1027,26
1644723029,3,0,358,1028,26
1644723032,3,0,358,1027,26
1644723035,3,0,358,1026,26
1644723038,3,0,358,1025,26
1644723041,3,0,359,1025,26
1644723044,3,0,358,1023,26
1644723047,3,0,358,1023,26
1644723050,3,0,358,1026,26
1644723053,3,0,358,1028,26
1644723056,3,0,360,1031,26
1644723059,3,0,358,1036,26
1644723062,3,0,358,1046,26
1644723065,3,0,358,1064,26
1644723068,3,0,359,1064,26
1644723071,3,0,358,1064,26
1644723074,3,0,358,1076,26
1644723077,3,0,358,1071,26
1644723080,3,0,360,1059,26
1644723083,3,0,358,1053,26
1644723086,3,0,358,1049,26
1644723089,3,0,358,1046,26
1644723092,3,0,358,1044,26
1644723095,3,0,358,1046,26
1644723098,3,0,358,1052,26
1644723101,3,0,358,1067,26
1644723104,3,0,358,1114,26
1644723107,3,0,358,1168,26
1644723110,3,0,358,1700,26
1644723113,3,0,358,1784,26
1644723116,3,0,358,1826,26
1644723119,3,0,358,1786,26
1644723122,3,0,358,1775,26
1644723125,3,0,358,1705,26
1644723128,3,0,358,1642,26
1644723131,3,0,358,1537,26
1644723134,3,0,358,1300,26
1644723137,3,0,358,1287,26
1644723140,3,0,358,1261,26
1644723143,3,0,358,1227,26
1644723146,3,0,358,1212,26
1644723149,3,0,358,1166,26
1644723152,3,0,358,1114,26
1644723155,3,0,358,1105,26
1644723158,3,0,358,1088,26
1644723161,3,0,358,1081,26
1644723164,3,0,358,1075,26
1644723167,3,0,358,1068,26
1644723170,3,0,358,1059,26
1644723173,3,0,358,1050,26
1644723176,3,0,358,1051,26
1644723179,3,0,358,1044,26
1644723182,3,0,358,1047,26
1644723185,3,0,358,1047,26
1644723188,3,0,358,1043,26
1644723191,3,0,358,1041,26
1644723194,3,0,358,1039,26
1644723197,3,0,358,1039,26
1644723200,3,0,358,1040,26
1644723203,3,0,358,1038,26
1644723206,3,0,358,1038,26
1644723209,3,0,358,1038,26
1644723212,3,0,357,1038,26
1644723215,3,0,358,1037,26
1644723218,3,0,358,1035,26
1644723221,3,0,360,1034,26
1644723224,3,0,358,1031,26
1644723227,3,0,358,1030,26
1644723230,3,0,359,1028,26
1644723233,3,0,358,1028,26
1644723236,3,0,358,1027,26
1644723239,3,0,358,1025,26
1644723242,3,0,358,1025,26
1644723245,3,0,358,1024,26
1644723248,3,0,358,1024,26
1644723251,3,0,359,1024,26
1644723254,3,0,358,1022,26
1644723257,3,0,358,1021,26
1644723260,3,0,358,1020,26
1644723263,3,0,358,1019,26
1644723266,3,0,358,1018,26
1644723269,3,0,358,1017,26
1644723272,3,0,359,1015,26
1644723275,3,0,358,1014,26
1644723278,3,0,358,1014,26
1644723281,3,0,359,1013,26
1644723284,3,0,359,1013,26
1644723287,3,0,359,1014,26
1644723290,3,0,358,1015,26
1644723293,3,0,358,1014,26
1644723296,3,0,358,1014,26
1644723299,3,0,358,1015,26
1644723302,3,0,358,1015,26
1644723305,3,0,359,1015,26
1644723308,3,0,358,1015,26
1644723311,3,0,358,1015,26
1644723314,3,0,358,1014,26
1644723317,3,0,358,1014,26
1644723320,3,0,358,1016,26
1644723323,3,0,358,1016,26
1644723326,3,0,359,1017,26
1644723329,3,0,358,1017,26
1644723332,3,0,358,1017,26
1644723335,3,0,358,1014,26
1644723338,3,0,358,1014,26
1644723341,3,0,358,1012,26
1644723344,3,0,358,1013,26
1644723347,3,0,358,1013,26
1644723350,3,0,358,1014,26
1644723353,3,0,358,1013,26
1644723356,3,0,358,1014,26
1644723359,3,0,358,1014,26
1644723362,3,0,358,1013,26
1644723365,3,0,358,1015,26
1644723368,3,0,358,1019,26
1644723371,3,0,358,1032,26
1644723374,3,0,358,1062,26
1644723377,3,0,358,1127,26
1644723380,3,0,358,1160,26
1644723383,3,0,358,1144,26
1644723386,3,0,358,1133,26
1644723389,3,0,357,1131,26
1644723392,3,0,360,1131,26
1644723395,3,0,358,1117,26
1644723398,3,0,358,1114,26
1644723401,3,0,358,1103,26
1644723404,3,0,358,1099,26
1644723407,3,0,358,1089,26
1644723410,3,0,358,1079,26
1644723413,3,0,358,1089,26
1644723416,3,0,358,1120,26
1644723419,3,0,358,1157,26
1644723422,3,0,358,1199,26
1644723425,3,0,358,1260,26
1644723428,3,0,358,1285,26
1644723431,3,0,358,1246,26
1644723434,3,0,358,1211,26
1644723437,3,0,358,1206,26
1644723440,3,0,358,1212,26
1644723443,3,0,358,1212,26
1644723446,3,0,358,1203,26
1644723449,3,0,358,1200,26
1644723452,3,0,358,1189,26
1644723455,3,0,358,1177,26
1644723458,3,0,358,1170,26
1644723461,3,0,358,1148,26
1644723464,3,0,358,1116,26
1644723467,3,0,358,1040,26
1644723470,3,0,358,1040,26
1644723473,3,0,358,1042,26
1644723476,3,0,360,1054,26
1644723479,3,0,358,1060,26
1644723482,3,0,358,1049,26
1644723485,3,0,358,1049,26
1644723488,3,0,358,1047,26
1644723491,3,0,359,1047,26
1644723494,3,0,359,1045,26
1644723497,3,0,358,1034,26
1644723500,3,0,358,1035,26
1644723503,3,0,358,1036,26
1644723506,3,0,358,1036,26
1644723509,3,0,358,1037,26
1644723512,3,0,358,1036,26
1644723515,3,0,358,1032,26
1644723518,3,0,358,1029,26
1644723521,3,0,358,1032,26
1644723524,3,0,358,1030,26
1644723527,3,0,359,1028,26
1644723530,3,0,357,1028,26
1644723533,3,0,359,1028,26
1644723536,3,0,358,1030,26
1644723539,3,0,358,1029,26
1644723542,3,0,358,1027,26
1644723545,3,0,358,1026,26
1644723548,3,0,358,1026,26
1644723551,3,0,358,1026,26
1644723554,3,0,358,1026,26
1644723557,3,0,358,1027,26
1644723560,3,0,358,1027,26
1644723563,3,0,358,1026,26
1644723566,3,0,358,1025,26
1644723569,3,0,358,1025,26
1644723572,3,0,358,1026,26
1644723575,3,0,358,1026,26
1644723578,3,0,358,1024,26
1644723581,3,0,358,1024,26
1644723584,3,0,358,1025,26
1644723587,3,0,358,1026,26
1644723590,3,0,358,1023,26
1644723593,3,0,358,1018,26
1644723596,3,0,360,1020,26
1644723599,3,0,358,1020,26
1644723602,3,0,358,1022,26
1644723605,3,0,358,1021,26
1644723608,3,0,358,1018,26
1644723611,3,0,358,1018,26
1644723614,3,0,358,1019,26
1644723617,3,0,358,1019,26
1644723620,3,0,358,1019,26
1644723623,3,0,358,1018,26
1644723626,3,0,359,1017,26
1644723629,3,0,358,1015,26
1644723632,3,0,359,1014,26
1644723635,3,0,358,1014,26
1644723638,3,0,358,1014,26
1644723641,3,0,358,1012,26
1644723644,3,0,358,1012,26
1644723647,3,0,358,1011,26
1644723650,3,0,358,1011,26
1644723653,3,0,358,1010,26
1644723656,3,0,358,1011,26
1644723659,3,0,358,1010,26
1644723662,3,0,358,1008,26
1644723665,3,0,358,1007,26
1644723668,3,0,358,1006,26
1644723671,3,0,358,1005,26
1644723674,3,0,358,1005,26
1644723677,3,0,358,1004,26
