sec,adc,ppm
1279,628,1202.76
1280,431,817.62
1281,385,727.69
1282,432,819.57
1283,406,768.74
1284,353,665.13
1285,335,629.94
1286,328,616.25
1287,325,610.39
1288,326,612.34
1289,328,616.25
1290,333,626.03
1291,339,637.76
1292,342,643.62
1293,350,659.26
1294,357,672.95
1295,363,684.68
1296,366,690.54
1297,369,696.41
1298,371,700.32
1299,373,704.23
1300,370,698.36
1301,364,686.63
1302,360,678.81
1303,353,665.13
1304,357,672.95
1305,360,678.81
1306,352,663.17
1307,346,651.44
1308,339,637.76
1309,330,620.16
1310,330,620.16
1311,323,606.48
1312,323,606.48
1313,317,594.75
1314,315,590.84
1315,311,583.02
1316,306,573.24
1317,306,573.24
1318,303,567.38
1319,278,518.5
1320,288,538.05
1321,288,538.05
1322,290,541.96
1323,290,541.96
1324,274,510.68
1325,275,512.63
1326,276,514.59
1327,278,518.5
1328,274,510.68
1329,276,514.59
1330,266,495.04
1331,271,504.81
1332,269,500.9
1333,270,502.86
1334,275,512.63
1335,273,508.72
1336,277,516.54
1337,280,522.41
1338,275,512.63
1339,284,530.23
1340,290,541.96
1341,297,555.65
1342,285,532.18
1343,284,530.23
1344,279,520.45
1345,286,534.14
1346,290,541.96
1347,301,563.47
1348,304,569.33
1349,303,567.38
1350,322,604.52
1351,315,590.84
1352,315,590.84
1353,312,584.97
1354,328,616.25
1355,332,624.07
1356,330,620.16
1357,333,626.03
1358,339,637.76
1359,337,633.85
1360,344,647.53
1361,338,635.8
1362,338,635.8
1363,334,627.98
1364,329,618.21
1365,386,729.64
1366,357,672.95
1367,352,663.17
1368,341,641.67
1369,327,614.3
1370,315,590.84
1371,315,590.84
1372,309,579.11
1373,312,584.97
1374,307,575.2
1375,305,571.29
1376,299,559.56
1377,299,559.56
1378,307,575.2
1379,317,594.75
1380,311,583.02
1381,311,583.02
1382,315,590.84
1383,315,590.84
1384,311,583.02
1385,305,571.29
1386,304,569.33
1387,301,563.47
1388,303,567.38
1389,304,569.33
1390,295,551.74
1391,291,543.91
1392,292,545.87
1393,284,530.23
1394,281,524.36
1395,284,530.23
1396,279,520.45
1397,281,524.36
1398,271,504.81
1399,277,516.54
1400,276,514.59
1401,270,502.86
1402,267,496.99
1403,265,493.08
1404,262,487.22
1405,261,485.26
1406,258,479.4
1407,259,481.35
1408,260,483.31
1409,262,487.22
1410,259,481.35
1411,259,481.35
1412,257,477.44
1413,257,477.44
1414,260,483.31
1415,258,479.4
1416,260,483.31
1417,281,524.36
1418,276,514.59
1419,277,516.54
1420,272,506.77
1421,269,500.9
1422,260,483.31
1423,258,479.4
1424,257,477.44
1425,259,481.35
1426,258,479.4
1427,264,491.13
1428,267,496.99
1429,270,502.86
1430,274,510.68
1431,272,506.77
1432,275,512.63
1433,279,520.45
1434,283,528.27
1435,292,545.87
1436,292,545.87
1437,284,530.23
1438,289,540
1439,288,538.05
1440,286,534.14
1441,286,534.14
1442,282,526.32
1443,280,522.41
1444,280,522.41
1445,276,514.59
1446,281,524.36
1447,284,530.23
1448,292,545.87
1449,284,530.23
1450,283,528.27
1451,284,530.23
1452,278,518.5
1453,277,516.54
1454,277,516.54
1455,276,514.59
1456,274,510.68
1457,272,506.77
1458,274,510.68
1459,275,512.63
1460,273,508.72
1461,278,518.5
1462,283,528.27
1463,279,520.45
1464,285,532.18
1465,283,528.27
1466,286,534.14
1467,286,534.14
1468,286,534.14
1469,281,524.36
1470,278,518.5
1471,272,506.77
1472,302,565.42
1473,297,555.65
1474,277,516.54
1475,280,522.41
1476,268,498.95
1477,260,483.31
1478,270,502.86
1479,265,493.08
1480,266,495.04
1481,265,493.08
1482,267,496.99
1483,267,496.99
1484,264,491.13
1485,262,487.22
1486,260,483.31
1487,260,483.31
1488,260,483.31
1489,258,479.4
1490,259,481.35
1491,259,481.35
1492,261,485.26
1493,257,477.44
1494,256,475.49
1495,247,457.89
1496,246,455.94
1497,250,463.76
1498,249,461.8
1499,249,461.8
1500,238,440.3
1501,246,455.94
1502,242,448.12
1503,247,457.89
1504,246,455.94
1505,244,452.03
1506,245,453.98
1507,243,450.07
1508,241,446.16
1509,244,452.03
1510,246,455.94
1511,245,453.98
1512,248,459.85
1513,247,457.89
1514,252,467.67
1515,248,459.85
1516,252,467.67
1517,254,471.58
1518,253,469.62
1519,258,479.4
1520,253,469.62
1521,256,475.49
1522,251,465.71
1523,247,457.89
1524,252,467.67
1525,240,444.21
1526,250,463.76
1527,250,463.76
1528,249,461.8
1529,249,461.8
1530,246,455.94
1531,250,463.76
1532,256,475.49
1533,251,465.71
1534,250,463.76
1535,257,477.44
1536,266,495.04
1537,268,498.95
1538,272,506.77
1539,278,518.5
1540,282,526.32
1541,284,530.23
1542,284,530.23
1543,284,530.23
1544,286,534.14
1545,287,536.09
1546,286,534.14
1547,286,534.14
1548,288,538.05
1549,284,530.23
1550,288,538.05
1551,286,534.14
1552,291,543.91
1553,284,530.23
1554,286,534.14
1555,284,530.23
1556,282,526.32
1557,282,526.32
1558,279,520.45
1559,278,518.5
1560,282,526.32
1561,282,526.32
1562,282,526.32
1563,282,526.32
1564,280,522.41
1565,278,518.5
1566,277,516.54
1567,280,522.41
1568,283,528.27
1569,288,538.05
1570,288,538.05
1571,286,534.14
1572,286,534.14
1573,285,532.18
1574,283,528.27
1575,282,526.32
1576,283,528.27
1577,281,524.36
1578,281,524.36
1579,278,518.5
1580,279,520.45
1581,274,510.68
1582,272,506.77
1583,268,498.95
1584,265,493.08
1585,262,487.22
1586,259,481.35
1587,260,483.31
1588,261,485.26
1589,260,483.31
1590,258,479.4
1591,254,471.58
1592,254,471.58
1593,252,467.67
1594,252,467.67
1595,250,463.76
1596,247,457.89
1597,244,452.03
1598,237,438.34
1599,229,422.7
1600,240,444.21
1601,238,440.3
1602,239,442.25
1603,235,434.43
1604,234,432.48
1605,234,432.48
1606,234,432.48
1607,236,436.39
1608,232,428.57
1609,229,422.7
1610,226,416.84
1611,228,420.75
1612,226,416.84
1613,226,416.84
1614,225,414.88
1615,224,412.93
1616,225,414.88
1617,226,416.84
1618,224,412.93
1619,225,414.88
1620,225,414.88
1621,224,412.93
1622,226,416.84
1623,226,416.84
1624,226,416.84
1625,224,412.93
1626,231,426.61
1627,233,430.52
1628,241,446.16
1629,238,440.3
1630,234,432.48
1631,232,428.57
1632,230,424.66
1633,232,428.57
1634,229,422.7
1635,227,418.79
1636,232,428.57
1637,233,430.52
1638,228,420.75
1639,230,424.66
1640,228,420.75
1641,229,422.7
1642,227,418.79
1643,226,416.84
1644,225,414.88
1645,224,412.93
1646,223,410.97
1647,216,397.29
1648,211,387.51
1649,217,399.24
1650,212,389.47
1651,212,389.47
1652,206,377.74
1653,200,366.01
1654,199,364.05
1655,202,369.92
1656,202,369.92
1657,200,366.01
1658,199,364.05
1659,195,356.23
1660,187,340.59
1661,182,330.82
1662,178,323
1663,180,326.91
1664,174,315.18
1665,172,311.27
1666,169,305.4
1667,167,301.49
1668,166,299.54
1669,163,293.67
1670,159,285.85
1671,153,274.12
1672,151,270.21
1673,147,262.39
1674,144,256.52
1675,142,252.61
1676,144,256.52
1677,146,260.44
1678,146,260.44
1679,143,254.57
1680,145,258.48
1681,146,260.44
1682,149,266.3
1683,150,268.26
1684,146,260.44
1685,144,256.52
1686,146,260.44
1687,146,260.44
1688,146,260.44
1689,144,256.52
1690,143,254.57
1691,142,252.61
1692,142,252.61
1693,142,252.61
1694,143,254.57
1695,143,254.57
1696,142,252.61
1697,144,256.52
1698,143,254.57
1699,143,254.57
1700,143,254.57
1701,145,258.48
1702,141,250.66
1703,142,252.61
1704,141,250.66
1705,139,246.75
1706,137,242.84
1707,138,244.79
1708,139,246.75
1709,138,244.79
1710,137,242.84
1711,138,244.79
1712,138,244.79
1713,137,242.84
1714,137,242.84
1715,139,246.75
1716,137,242.84
1717,138,244.79
1718,138,244.79
1719,138,244.79
1720,137,242.84
1721,138,244.79
1722,137,242.84
1723,137,242.84
1724,137,242.84
1725,137,242.84
1726,138,244.79
1727,137,242.84
1728,138,244.79
1729,138,244.79
1730,138,244.79
1731,138,244.79
1732,138,244.79
1733,139,246.75
1734,139,246.75
1735,139,246.75
1736,139,246.75
1737,140,248.7
1738,141,250.66
1739,142,252.61
1740,143,254.57
1741,143,254.57
1742,144,256.52
1743,144,256.52
1744,144,256.52
1745,147,262.39
1746,147,262.39
1747,148,264.35
1748,149,266.3
1749,149,266.3
1750,150,268.26
1751,151,270.21
1752,151,270.21
1753,151,270.21
1754,151,270.21
1755,152,272.17
1756,153,274.12
1757,153,274.12
1758,155,278.03
1759,154,276.08
1760,155,278.03
1761,157,281.94
1762,156,279.99
1763,158,283.9
1764,159,285.85
1765,160,287.81
1766,162,291.72
1767,162,291.72
1768,163,293.67
1769,162,291.72
1770,163,293.67
1771,163,293.67
1772,166,299.54
1773,165,297.58
1774,167,301.49
1775,167,301.49
1776,168,303.45
1777,168,303.45
1778,168,303.45
1779,169,305.4
1780,170,307.36
1781,170,307.36
1782,171,309.31
1783,171,309.31
1784,172,311.27
1785,171,309.31
1786,171,309.31
1787,172,311.27
1788,171,309.31
1789,171,309.31
1790,172,311.27
1791,173,313.22
1792,172,311.27
1793,171,309.31
1794,171,309.31
1795,174,315.18
1796,174,315.18
1797,174,315.18
1798,174,315.18
1799,174,315.18
1800,175,317.13
1801,174,315.18
1802,175,317.13
1803,174,315.18
1804,175,317.13
1805,175,317.13
1806,175,317.13
1807,175,317.13
1808,175,317.13
1809,175,317.13
1810,175,317.13
1811,176,319.09
1812,176,319.09
1813,175,317.13
1814,176,319.09
1815,177,321.04
1816,178,323
1817,177,321.04
1818,177,321.04
1819,177,321.04
1820,177,321.04
1821,177,321.04
1822,177,321.04
1823,177,321.04
1824,177,321.04
1825,176,319.09
1826,177,321.04
1827,176,319.09
1828,176,319.09
1829,177,321.04
1830,177,321.04
1831,176,319.09
1832,176,319.09
1833,176,319.09
1834,176,319.09
1835,176,319.09
1836,176,319.09
1837,176,319.09
1838,176,319.09
1839,175,317.13
1840,176,319.09
1841,175,317.13
1842,174,315.18
1843,175,317.13
1844,175,317.13
1845,176,319.09
1846,176,319.09
1847,176,319.09
1848,176,319.09
1849,176,319.09
1850,179,324.95
1851,177,321.04
1852,181,328.86
1853,186,338.64
1854,188,342.55
1855,191,348.41
1856,193,352.32
1857,198,362.1
1858,200,366.01
1859,202,369.92
1860,206,377.74
1861,208,381.65
1862,210,385.56
1863,212,389.47
1864,213,391.42
1865,216,397.29
1866,215,395.33
1867,218,401.2
1868,219,403.15
1869,220,405.11
1870,222,409.02
1871,224,412.93
1872,225,414.88
1873,226,416.84
1874,228,420.75
1875,229,422.7
1876,230,424.66
1877,231,426.61
1878,231,426.61
1879,234,432.48
1880,235,434.43
1881,236,436.39
1882,237,438.34
1883,237,438.34
1884,238,440.3
1885,238,440.3
1886,240,444.21
1887,242,448.12
1888,242,448.12
1889,242,448.12
1890,244,452.03
1891,244,452.03
1892,246,455.94
1893,247,457.89
1894,248,459.85
1895,250,463.76
1896,249,461.8
1897,250,463.76
1898,252,467.67
1899,251,465.71
1900,252,467.67
1901,251,465.71
1902,252,467.67
1903,253,469.62
1904,253,469.62
1905,252,467.67
1906,253,469.62
1907,255,473.53
1908,254,471.58
1909,255,473.53
1910,256,475.49
1911,257,477.44
1912,257,477.44
1913,258,479.4
1914,259,481.35
1915,258,479.4
1916,259,481.35
1917,260,483.31
1918,260,483.31
1919,261,485.26
1920,262,487.22
1921,262,487.22
1922,262,487.22
1923,262,487.22
1924,263,489.17
1925,263,489.17
1926,263,489.17
1927,264,491.13
1928,263,489.17
1929,263,489.17
1930,264,491.13
1931,266,495.04
1932,265,493.08
1933,265,493.08
1934,266,495.04
1935,266,495.04
1936,266,495.04
1937,266,495.04
1938,265,493.08
1939,267,496.99
1940,267,496.99
1941,267,496.99
1942,267,496.99
1943,268,498.95
1944,266,495.04
1945,266,495.04
1946,267,496.99
1947,267,496.99
1948,268,498.95
1949,269,500.9
1950,269,500.9
1951,269,500.9
1952,269,500.9
1953,269,500.9
1954,267,496.99
1955,269,500.9
1956,269,500.9
1957,270,502.86
1958,271,504.81
1959,271,504.81
1960,271,504.81
1961,270,502.86
1962,271,504.81
1963,271,504.81
1964,271,504.81
1965,272,506.77
1966,272,506.77
1967,271,504.81
1968,271,504.81
1969,271,504.81
1970,271,504.81
1971,271,504.81
1972,271,504.81
1973,272,506.77
1974,271,504.81
1975,273,508.72
1976,271,504.81
1977,272,506.77
1978,272,506.77
1979,272,506.77
1980,272,506.77
1981,273,508.72
1982,271,504.81
1983,272,506.77
1984,273,508.72
1985,272,506.77
1986,272,506.77
1987,272,506.77
1988,273,508.72
1989,273,508.72
1990,271,504.81
1991,272,506.77
1992,272,506.77
1993,272,506.77
1994,272,506.77
1995,272,506.77
1996,273,508.72
1997,273,508.72
1998,273,508.72
1999,272,506.77
2000,271,504.81
2001,272,506.77
2002,273,508.72
2003,272,506.77
2004,273,508.72
2005,273,508.72
2006,275,512.63
2007,274,510.68
2008,274,510.68
2009,274,510.68
2010,273,508.72
2011,272,506.77
2012,273,508.72
2013,272,506.77
2014,273,508.72
2015,270,502.86
2016,272,506.77
2017,272,506.77
2018,272,506.77
2019,273,508.72
2020,272,506.77
2021,273,508.72
2022,272,506.77
2023,273,508.72
2024,273,508.72
2025,272,506.77
2026,273,508.72
2027,273,508.72
2028,273,508.72
2029,273,508.72
2030,272,506.77
2031,274,510.68
2032,273,508.72
2033,273,508.72
2034,275,512.63
2035,275,512.63
2036,274,510.68
2037,275,512.63
2038,276,514.59
2039,275,512.63
2040,275,512.63
2041,275,512.63
2042,276,514.59
2043,276,514.59
2044,275,512.63
2045,272,506.77
2046,274,510.68
2047,274,510.68
2048,274,510.68
2049,274,510.68
2050,274,510.68
2051,274,510.68
2052,274,510.68
2053,272,506.77
2054,272,506.77
2055,273,508.72
2056,272,506.77
2057,272,506.77
2058,273,508.72
2059,273,508.72
2060,273,508.72
2061,274,510.68
2062,274,510.68
2063,275,512.63
2064,274,510.68
2065,275,512.63
2066,275,512.63
2067,276,514.59
2068,275,512.63
2069,273,508.72
2070,274,510.68
2071,274,510.68
2072,274,510.68
2073,273,508.72
2074,274,510.68
2075,275,512.63
2076,275,512.63
2077,273,508.72
2078,274,510.68
2079,275,512.63
2080,275,512.63
2081,273,508.72
2082,274,510.68
2083,274,510.68
2084,274,510.68
2085,274,510.68
2086,273,508.72
2087,273,508.72
2088,273,508.72
2089,274,510.68
2090,275,512.63
2091,276,514.59
2092,275,512.63
2093,274,510.68
2094,273,508.72
2095,274,510.68
2096,273,508.72
2097,275,512.63
2098,275,512.63
2099,273,508.72
2100,273,508.72
2101,273,508.72
2102,272,506.77
2103,272,506.77
2104,275,512.63
2105,274,510.68
2106,273,508.72
2107,273,508.72
2108,274,510.68
2109,275,512.63
2110,274,510.68
2111,274,510.68
2112,274,510.68
2113,273,508.72
2114,273,508.72
2115,272,506.77
2116,272,506.77
2117,273,508.72
2118,272,506.77
2119,272,506.77
2120,271,504.81
2121,273,508.72
2122,273,508.72
2123,273,508.72
2124,272,506.77
2125,273,508.72
2126,272,506.77
2127,272,506.77
2128,272,506.77
2129,272,506.77
2130,273,508.72
2131,272,506.77
2132,273,508.72
2133,273,508.72
2134,273,508.72
2135,272,506.77
2136,273,508.72
2137,273,508.72
2138,272,506.77
2139,272,506.77
2140,273,508.72
2141,273,508.72
2142,273,508.72
2143,274,510.68
2144,273,508.72
2145,273,508.72
2146,273,508.72
2147,273,508.72
2148,273,508.72
2149,273,508.72
2150,273,508.72
2151,273,508.72
2152,273,508.72
2153,272,506.77
2154,273,508.72
2155,273,508.72
2156,273,508.72
2157,273,508.72
2158,275,512.63
2159,275,512.63
2160,275,512.63
2161,273,508.72
2162,275,512.63
2163,273,508.72
2164,274,510.68
2165,274,510.68
2166,274,510.68
2167,275,512.63
2168,274,510.68
2169,274,510.68
2170,274,510.68
2171,273,508.72
2172,274,510.68
2173,273,508.72
2174,273,508.72
2175,274,510.68
2176,274,510.68
2177,273,508.72
2178,275,512.63
2179,274,510.68
2180,273,508.72
2181,273,508.72
2182,275,512.63
2183,274,510.68
2184,273,508.72
2185,273,508.72
2186,273,508.72
2187,274,510.68
2188,274,510.68
2189,274,510.68
2190,275,512.63
2191,274,510.68
2192,275,512.63
2193,274,510.68
2194,276,514.59
2195,275,512.63
2196,275,512.63
2197,275,512.63
2198,276,514.59
2199,275,512.63
2200,275,512.63
2201,274,510.68
2202,274,510.68
2203,275,512.63
2204,275,512.63
2205,275,512.63
2206,274,510.68
2207,276,514.59
2208,274,510.68
2209,276,514.59
2210,276,514.59
2211,274,510.68
2212,274,510.68
2213,274,510.68
2214,275,512.63
2215,275,512.63
2216,273,508.72
2217,273,508.72
2218,274,510.68
2219,274,510.68
2220,274,510.68
2221,274,510.68
2222,274,510.68
2223,273,508.72
2224,273,508.72
2225,273,508.72
2226,273,508.72
2227,273,508.72
2228,273,508.72
2229,273,508.72
2230,274,510.68
2231,272,506.77
2232,273,508.72
2233,274,510.68
2234,273,508.72
2235,272,506.77
2236,273,508.72
2237,273,508.72
2238,273,508.72
2239,273,508.72
2240,273,508.72
2241,275,512.63
2242,273,508.72
2243,273,508.72
2244,273,508.72
2245,272,506.77
2246,273,508.72
2247,272,506.77
2248,271,504.81
2249,272,506.77
2250,272,506.77
2251,272,506.77
2252,272,506.77
2253,272,506.77
2254,273,508.72
2255,273,508.72
2256,273,508.72
2257,273,508.72
2258,274,510.68
2259,273,508.72
2260,273,508.72
2261,273,508.72
2262,274,510.68
2263,274,510.68
2264,276,514.59
2265,274,510.68
2266,275,512.63
2267,275,512.63
2268,275,512.63
2269,275,512.63
2270,275,512.63
2271,275,512.63
2272,274,510.68
2274,274,510.68
2275,274,510.68
2276,274,510.68
2277,275,512.63
2278,274,510.68
2279,275,512.63
2280,275,512.63
2281,276,514.59
2282,275,512.63
2283,275,512.63
2284,275,512.63
2285,275,512.63
2286,274,510.68
2287,276,514.59
2288,276,514.59
2289,274,510.68
2290,275,512.63
2291,274,510.68
2292,276,514.59
2293,275,512.63
2294,276,514.59
2295,276,514.59
2296,275,512.63
2297,276,514.59
2298,278,518.5
2299,278,518.5
2300,279,520.45
2301,278,518.5
2302,278,518.5
2303,277,516.54
2304,277,516.54
2305,278,518.5
2306,277,516.54
2307,277,516.54
2308,278,518.5
2309,279,520.45
2310,280,522.41
2311,279,520.45
2312,278,518.5
2313,279,520.45
2314,280,522.41
2315,281,524.36
2316,281,524.36
2317,280,522.41
2318,281,524.36
2319,282,526.32
2320,282,526.32
2321,281,524.36
2322,281,524.36
2323,282,526.32
2324,283,528.27
2325,283,528.27
2326,282,526.32
2327,282,526.32
2328,282,526.32
2329,284,530.23
2330,282,526.32
2331,283,528.27
2332,282,526.32
2333,284,530.23
2334,283,528.27
2335,283,528.27
2336,283,528.27
2337,283,528.27
2338,284,530.23
2339,285,532.18
2340,283,528.27
2341,281,524.36
2342,283,528.27
2343,283,528.27
2344,285,532.18
2345,285,532.18
2346,285,532.18
2347,285,532.18
2348,285,532.18
2349,285,532.18
2350,285,532.18
2351,285,532.18
2352,284,530.23
2353,284,530.23
2354,284,530.23
2355,284,530.23
2356,287,536.09
2357,287,536.09
2358,287,536.09
2359,286,534.14
2360,287,536.09
2361,287,536.09
2362,287,536.09
2363,285,532.18
2364,286,534.14
2365,286,534.14
2366,286,534.14
2367,287,536.09
2368,286,534.14
2369,286,534.14
2370,285,532.18
2371,286,534.14
2372,287,536.09
2373,286,534.14
2374,286,534.14
2375,287,536.09
2376,287,536.09
2377,287,536.09
2378,287,536.09
2379,287,536.09
2380,288,538.05
2381,288,538.05
2382,288,538.05
2383,288,538.05
2384,288,538.05
2385,287,536.09
2386,288,538.05
2387,288,538.05
2388,289,540
2389,290,541.96
2390,298,557.6
2391,311,583.02
2392,321,602.57
2393,329,618.21
2394,338,635.8
2395,344,647.53
2396,355,669.04
2397,361,680.77
2398,369,696.41
2399,372,702.27
2400,384,725.73
2401,396,749.19
2402,406,768.74
2403,412,780.47
2404,420,796.11
2405,428,811.75
2406,432,819.57
2407,444,843.04
2408,446,846.95
2409,449,852.81
2410,459,872.36
2411,465,884.09
2412,467,888
2413,472,897.78
2414,478,909.51
2415,484,921.24
2416,492,936.88
2417,493,938.83
2418,495,942.74
2419,497,946.65
2420,501,954.47
2421,499,950.56
2422,512,975.98
2423,524,999.44
2424,527,1005.3
2425,534,1018.99
2426,522,995.53
2427,520,991.62
2428,542,1034.63
2429,539,1028.76
2430,536,1022.9
2431,541,1032.67
2432,548,1046.36
2433,553,1056.13
2434,559,1067.86
2435,562,1073.73
2436,569,1087.41
2437,574,1097.19
2438,575,1099.14
2439,578,1105.01
2440,583,1114.78
2441,585,1118.7
2442,586,1120.65
2443,590,1128.47
2444,592,1132.38
2445,597,1142.16
2446,598,1144.11
2447,602,1151.93
2448,605,1157.8
2449,608,1163.66
2450,610,1167.57
2451,612,1171.48
2452,614,1175.39
2453,614,1175.39
2454,617,1181.26
2455,620,1187.12
2456,623,1192.99
2457,623,1192.99
2458,628,1202.76
2459,629,1204.72
2460,631,1208.63
2461,631,1208.63
2462,633,1212.54
2463,636,1218.4
2464,638,1222.31
2465,639,1224.27
2466,642,1230.13
2467,642,1230.13
2468,644,1234.04
2469,644,1234.04
2470,647,1239.91
2471,647,1239.91
2472,649,1243.82
2473,653,1251.64
2474,653,1251.64
2475,654,1253.59
2476,656,1257.5
2477,658,1261.41
2478,659,1263.37
2479,660,1265.32
2480,660,1265.32
2481,663,1271.19
2482,662,1269.23
2483,663,1271.19
2484,665,1275.1
2485,666,1277.05
2486,669,1282.92
2487,669,1282.92
2488,670,1284.87
2489,671,1286.83
2490,671,1286.83
2491,674,1292.69
2492,673,1290.74
2493,674,1292.69
2494,674,1292.69
2495,676,1296.6
2496,677,1298.56
2497,678,1300.51
2498,678,1300.51
2499,680,1304.42
2500,681,1306.38
2501,680,1304.42
2502,683,1310.29
2503,682,1308.33
2504,684,1312.24
2505,683,1310.29
2506,685,1314.2
2507,685,1314.2
2508,688,1320.06
2509,688,1320.06
2510,688,1320.06
2511,689,1322.02
2512,688,1320.06
2513,691,1325.93
2514,692,1327.88
2515,691,1325.93
2516,693,1329.84
2517,693,1329.84
2518,693,1329.84
2519,692,1327.88
2520,693,1329.84
2521,695,1333.75
2522,695,1333.75
2523,698,1339.61
2524,699,1341.57
2525,695,1333.75
2526,697,1337.66
2527,696,1335.7
2528,697,1337.66
2529,697,1337.66
2530,701,1345.48
2531,700,1343.52
2532,700,1343.52
2533,699,1341.57
2534,702,1347.43
2535,700,1343.52
2536,700,1343.52
2537,700,1343.52
2538,699,1341.57
2539,700,1343.52
2540,700,1343.52
2541,701,1345.48
2542,703,1349.39
2543,702,1347.43
2544,703,1349.39
2545,702,1347.43
2546,701,1345.48
2547,701,1345.48
2548,703,1349.39
2549,704,1351.34
2550,703,1349.39
2551,704,1351.34
2552,705,1353.3
2553,705,1353.3
2554,705,1353.3
2555,704,1351.34
2556,703,1349.39
2557,704,1351.34
2558,704,1351.34
2559,703,1349.39
2560,704,1351.34
2561,705,1353.3
2562,705,1353.3
2563,704,1351.34
2564,704,1351.34
2565,703,1349.39
2566,702,1347.43
2567,704,1351.34
2568,705,1353.3
2569,703,1349.39
2570,704,1351.34
2571,704,1351.34
2572,703,1349.39
2573,705,1353.3
2574,703,1349.39
2575,703,1349.39
2576,703,1349.39
2577,704,1351.34
2578,704,1351.34
2579,705,1353.3
2580,704,1351.34
2581,705,1353.3
2582,704,1351.34
2583,704,1351.34
2584,704,1351.34
2585,705,1353.3
2586,705,1353.3
2587,705,1353.3
2588,706,1355.25
2589,705,1353.3
2590,706,1355.25
2591,705,1353.3
2592,706,1355.25
2593,706,1355.25
2594,706,1355.25
2595,706,1355.25
2596,705,1353.3
2597,706,1355.25
2598,705,1353.3
2599,704,1351.34
2600,704,1351.34
2601,707,1357.21
2602,706,1355.25
2603,705,1353.3
2604,706,1355.25
2605,706,1355.25
2606,706,1355.25
2607,706,1355.25
2608,704,1351.34
2609,706,1355.25
2610,706,1355.25
2611,707,1357.21
2612,707,1357.21
2613,708,1359.16
2614,708,1359.16
2615,708,1359.16
2616,707,1357.21
2617,707,1357.21
2618,709,1361.12
2619,709,1361.12
2620,709,1361.12
2621,708,1359.16
2622,708,1359.16
2623,708,1359.16
2624,710,1363.07
2625,710,1363.07
2626,709,1361.12
2627,710,1363.07
2628,707,1357.21
2629,708,1359.16
2630,710,1363.07
2631,709,1361.12
2632,709,1361.12
2633,709,1361.12
2634,709,1361.12
2635,709,1361.12
2636,709,1361.12
2637,711,1365.03
2638,709,1361.12
2639,709,1361.12
2640,709,1361.12
2641,709,1361.12
2642,710,1363.07
2643,711,1365.03
2644,710,1363.07
2645,713,1368.94
2646,712,1366.98
2647,714,1370.89
2648,712,1366.98
2649,712,1366.98
2650,713,1368.94
2651,712,1366.98
2652,713,1368.94
2653,713,1368.94
2654,711,1365.03
2655,712,1366.98
2656,711,1365.03
2657,712,1366.98
2658,712,1366.98
2659,714,1370.89
2660,711,1365.03
2661,711,1365.03
2662,712,1366.98
2663,712,1366.98
2664,713,1368.94
2665,711,1365.03
2666,712,1366.98
2667,713,1368.94
2668,715,1372.85
2669,715,1372.85
2670,714,1370.89
2671,714,1370.89
2672,715,1372.85
2673,716,1374.8
2674,716,1374.8
2675,716,1374.8
2676,717,1376.76
2677,716,1374.8
2678,718,1378.71
2679,717,1376.76
2680,718,1378.71
2681,716,1374.8
2682,717,1376.76
2683,716,1374.8
2684,719,1380.67
2685,717,1376.76
2686,718,1378.71
2687,716,1374.8
2688,718,1378.71
2689,719,1380.67
2690,719,1380.67
2691,720,1382.62
2692,718,1378.71
2693,719,1380.67
2694,720,1382.62
2695,717,1376.76
2696,718,1378.71
2697,718,1378.71
2698,717,1376.76
2699,720,1382.62
2700,720,1382.62
2701,719,1380.67
2702,719,1380.67
2703,718,1378.71
2704,719,1380.67
2705,720,1382.62
2706,720,1382.62
2707,720,1382.62
2708,719,1380.67
2709,720,1382.62
2710,721,1384.58
2711,719,1380.67
2712,720,1382.62
2713,720,1382.62
2714,720,1382.62
2715,719,1380.67
2716,722,1386.53
2717,720,1382.62
2718,720,1382.62
2719,720,1382.62
2720,720,1382.62
2721,721,1384.58
2722,720,1382.62
2723,721,1384.58
2724,721,1384.58
2725,721,1384.58
2726,723,1388.49
2727,723,1388.49
2728,723,1388.49
2729,722,1386.53
2730,723,1388.49
2731,723,1388.49
2732,723,1388.49
2733,724,1390.44
2734,724,1390.44
2735,725,1392.4
2736,724,1390.44
2737,723,1388.49
2738,725,1392.4
2739,726,1394.35
2740,724,1390.44
2741,724,1390.44
2742,725,1392.4
2743,726,1394.35
2744,725,1392.4
2745,725,1392.4
2746,725,1392.4
2747,725,1392.4
2748,725,1392.4
2749,725,1392.4
2750,727,1396.31
2751,726,1394.35
2752,725,1392.4
2753,728,1398.26
2754,726,1394.35
2755,726,1394.35
2756,726,1394.35
2757,724,1390.44
2758,727,1396.31
2759,726,1394.35
2760,727,1396.31
2761,728,1398.26
2762,727,1396.31
2763,724,1390.44
2764,725,1392.4
2765,727,1396.31
2766,726,1394.35
2767,728,1398.26
2768,726,1394.35
2769,728,1398.26
2770,728,1398.26
2771,728,1398.26
2772,729,1400.22
2773,728,1398.26
2774,729,1400.22
2775,728,1398.26
2776,729,1400.22
2777,729,1400.22
2778,729,1400.22
2779,729,1400.22
2780,728,1398.26
2781,728,1398.26
2782,729,1400.22
2783,727,1396.31
2784,730,1402.17
2785,728,1398.26
2786,729,1400.22
2787,729,1400.22
2788,729,1400.22
2789,727,1396.31
2790,729,1400.22
2791,728,1398.26
2792,729,1400.22
2793,727,1396.31
2794,729,1400.22
2795,728,1398.26
2796,727,1396.31
2797,728,1398.26
2798,729,1400.22
2799,728,1398.26
2800,728,1398.26
2801,728,1398.26
2802,727,1396.31
2803,729,1400.22
2804,727,1396.31
2805,726,1394.35
2806,727,1396.31
2807,728,1398.26
2808,728,1398.26
2809,728,1398.26
2810,729,1400.22
2811,727,1396.31
2812,727,1396.31
2813,727,1396.31
2814,727,1396.31
2815,727,1396.31
2816,726,1394.35
2817,728,1398.26
2818,728,1398.26
2819,727,1396.31
2820,727,1396.31
2821,728,1398.26
2822,728,1398.26
2823,728,1398.26
2824,728,1398.26
2825,728,1398.26
2826,727,1396.31
2827,727,1396.31
2828,727,1396.31
2829,726,1394.35
2830,726,1394.35
2831,726,1394.35
2832,726,1394.35
2833,726,1394.35
2834,727,1396.31
2835,725,1392.4
2836,726,1394.35
2837,725,1392.4
2838,725,1392.4
2839,725,1392.4
2840,724,1390.44
2841,725,1392.4
2842,726,1394.35
2843,726,1394.35
2844,726,1394.35
2845,726,1394.35
2846,726,1394.35
2847,726,1394.35
2848,725,1392.4
2849,727,1396.31
2850,725,1392.4
2851,726,1394.35
2852,726,1394.35
2853,726,1394.35
2854,727,1396.31
2855,725,1392.4
2856,725,1392.4
2857,725,1392.4
2858,726,1394.35
2859,725,1392.4
2860,726,1394.35
2861,726,1394.35
2862,727,1396.31
2863,727,1396.31
2864,728,1398.26
2865,728,1398.26
2866,728,1398.26
2867,727,1396.31
2868,727,1396.31
2869,728,1398.26
2870,728,1398.26
2871,727,1396.31
2872,726,1394.35
2873,727,1396.31
2874,728,1398.26
2875,728,1398.26
2876,731,1404.13
2877,731,1404.13
2878,729,1400.22
2879,728,1398.26
2880,729,1400.22
2881,730,1402.17
2882,729,1400.22
2883,730,1402.17
2884,729,1400.22
2885,729,1400.22
2886,730,1402.17
2887,728,1398.26
2888,730,1402.17
2889,729,1400.22
2890,729,1400.22
2891,729,1400.22
2892,730,1402.17
2893,731,1404.13
2894,730,1402.17
2895,730,1402.17
2896,730,1402.17
2897,729,1400.22
2898,731,1404.13
2899,730,1402.17
2900,728,1398.26
2901,729,1400.22
2902,730,1402.17
2903,729,1400.22
2904,729,1400.22
2905,731,1404.13
2906,730,1402.17
2907,728,1398.26
2908,728,1398.26
2909,729,1400.22
2910,728,1398.26
2911,730,1402.17
2912,729,1400.22
2913,730,1402.17
2914,731,1404.13
2915,731,1404.13
2916,732,1406.09
2917,730,1402.17
2918,731,1404.13
2919,729,1400.22
2920,732,1406.09
2921,730,1402.17
2922,731,1404.13
2923,732,1406.09
2924,732,1406.09
2925,732,1406.09
2926,731,1404.13
2927,733,1408.04
2928,734,1410
2929,733,1408.04
2930,732,1406.09
2931,732,1406.09
2932,733,1408.04
2933,731,1404.13
2934,733,1408.04
2935,733,1408.04
2936,733,1408.04
2937,733,1408.04
2938,733,1408.04
2939,732,1406.09
2940,734,1410
2941,732,1406.09
2942,732,1406.09
2943,732,1406.09
2944,733,1408.04
2945,732,1406.09
2946,731,1404.13
2947,731,1404.13
2948,731,1404.13
2949,731,1404.13
2950,730,1402.17
2951,729,1400.22
2952,730,1402.17
2953,730,1402.17
2954,730,1402.17
2955,732,1406.09
2956,731,1404.13
2957,731,1404.13
2958,732,1406.09
2959,731,1404.13
2960,731,1404.13
2961,730,1402.17
2962,730,1402.17
2963,730,1402.17
2964,732,1406.09
2965,732,1406.09
2966,731,1404.13
2967,730,1402.17
2968,729,1400.22
2969,730,1402.17
2970,729,1400.22
2971,731,1404.13
2972,731,1404.13
2973,731,1404.13
2974,729,1400.22
2975,730,1402.17
2976,732,1406.09
2977,730,1402.17
2978,731,1404.13
2979,731,1404.13
2980,731,1404.13
2981,732,1406.09
2982,732,1406.09
2983,730,1402.17
2984,732,1406.09
2985,733,1408.04
2986,730,1402.17
2987,731,1404.13
2988,731,1404.13
2989,732,1406.09
2990,729,1400.22
2991,730,1402.17
2992,732,1406.09
2993,730,1402.17
2994,731,1404.13
2995,731,1404.13
2996,731,1404.13
2997,734,1410
2998,731,1404.13
2999,730,1402.17
3000,732,1406.09
3001,732,1406.09
3002,733,1408.04
3003,731,1404.13
3004,733,1408.04
3005,731,1404.13
3006,732,1406.09
3007,731,1404.13
3008,730,1402.17
3009,731,1404.13
3010,731,1404.13
3011,731,1404.13
3012,731,1404.13
3013,731,1404.13
3014,731,1404.13
3015,731,1404.13
3016,731,1404.13
3017,730,1402.17
3018,731,1404.13
3019,731,1404.13
3020,732,1406.09
3021,730,1402.17
3022,730,1402.17
3023,731,1404.13
3024,730,1402.17
3025,730,1402.17
3026,731,1404.13
3027,729,1400.22
3028,730,1402.17
3029,731,1404.13
3030,730,1402.17
3031,732,1406.09
3032,755,1451.05
3033,767,1474.51
3034,787,1513.61
3035,800,1539.03
3036,764,1468.65
3037,790,1519.48
3038,768,1476.47
3039,746,1433.46
3040,741,1423.68
3041,737,1415.86
3042,755,1451.05
3043,1023,1975
3044,1023,1975
3045,1023,1975
3046,1023,1975
3047,1023,1975
3048,1023,1975
3049,1023,1975
3050,1023,1975
3051,1023,1975
3052,1023,1975
3053,1023,1975
3054,1023,1975
3055,662,1269.23
3056,1023,1975
3057,1023,1975
3058,1023,1975
3059,653,1251.64
3060,648,1241.86
3061,500,952.52
3062,475,903.64
3063,529,1009.21
3064,519,989.66
3065,418,792.2
3066,405,766.79
3067,415,786.34
3068,398,753.1
3069,378,714
3070,385,727.69
3071,384,725.73
3072,382,721.82
3073,381,719.87
3074,372,702.27
3075,364,686.63
3076,354,667.08
3077,358,674.9
3078,360,678.81
3079,361,680.77
3080,367,692.5
3081,359,676.86
3082,355,669.04
3083,353,665.13
3084,355,669.04
3085,356,670.99
3086,354,667.08
3087,349,657.31
3088,349,657.31
3089,352,663.17
3090,351,661.22
3091,352,663.17
3092,352,663.17
3093,354,667.08
3094,354,667.08
3095,354,667.08
3096,356,670.99
3097,356,670.99
3098,356,670.99
3099,354,667.08
3100,353,665.13
3101,352,663.17
3102,352,663.17
3103,352,663.17
3104,353,665.13
3105,351,661.22
3106,339,637.76
3107,350,659.26
3108,350,659.26
3109,348,655.35
3110,348,655.35
3111,347,653.4
3112,345,649.49
3113,347,653.4
3114,345,649.49
3115,347,653.4
3116,345,649.49
3117,345,649.49
3118,345,649.49
3119,344,647.53
3120,345,649.49
3121,344,647.53
3122,344,647.53
3123,344,647.53
3124,345,649.49
3125,345,649.49
3126,345,649.49
3127,345,649.49
3128,345,649.49
3129,345,649.49
3130,345,649.49
3131,344,647.53
3132,345,649.49
3133,345,649.49
3134,345,649.49
3135,344,647.53
3136,344,647.53
3137,345,649.49
3138,346,651.44
3139,346,651.44
3140,345,649.49
3141,344,647.53
3142,344,647.53
3143,344,647.53
3144,345,649.49
3145,344,647.53
3146,344,647.53
3147,342,643.62
3148,345,649.49
3149,344,647.53
3150,346,651.44
3151,346,651.44
3152,345,649.49
3153,345,649.49
3154,346,651.44
3155,346,651.44
3156,347,653.4
3157,346,651.44
3158,347,653.4
3159,346,651.44
3160,349,657.31
3161,351,661.22
3162,355,669.04
3163,357,672.95
3164,358,674.9
3165,358,674.9
3166,359,676.86
3167,363,684.68
3168,366,690.54
3169,364,686.63
3170,361,680.77
3171,363,684.68
3172,352,663.17
3173,345,649.49
3174,350,659.26
3175,350,659.26
3176,349,657.31
3177,347,653.4
3178,348,655.35
3179,348,655.35
3180,343,645.58
3181,342,643.62
