UNIXTIME,CO2
1583697603,480.00
1583697604,480.00
1583697605,480.00
1583697606,480.00
1583697607,480.00
1583697608,480.00
1583697609,480.00
1583697610,480.00
1583697611,480.00
1583697612,479.00
1583697613,479.00
1583697614,479.00
1583697615,479.00
1583697616,479.00
1583697617,479.00
1583697618,479.00
1583697619,479.00
1583697620,479.00
1583697621,479.00
1583697622,479.00
1583697623,479.00
1583697624,479.00
1583697625,479.00
1583697626,479.00
1583697627,479.00
1583697628,480.00
1583697629,480.00
1583697630,480.00
1583697631,480.00
1583697632,479.00
1583697633,479.00
1583697634,479.00
1583697635,479.00
1583697636,479.00
1583697637,479.00
1583697638,479.00
1583697639,479.00
1583697640,479.00
1583697641,479.00
1583697642,479.00
1583697643,479.00
1583697644,479.00
1583697645,479.00
1583697646,480.00
1583697647,480.00
1583697648,480.00
1583697649,479.00
1583697650,479.00
1583697651,479.00
1583697652,479.00
1583697653,479.00
1583697654,479.00
1583697655,480.00
1583697656,480.00
1583697657,480.00
1583697658,480.00
1583697659,479.00
1583697660,479.00
1583697661,479.00
1583697662,479.00
1583697663,479.00
1583697664,479.00
1583697665,479.00
1583697666,478.00
1583697667,478.00
1583697668,478.00
1583697669,479.00
1583697670,479.00
1583697671,479.00
1583697672,479.00
1583697673,479.00
1583697674,479.00
1583697675,479.00
1583697676,479.00
1583697677,479.00
1583697678,479.00
1583697679,479.00
1583697680,479.00
1583697681,479.00
1583697682,479.00
1583697683,479.00
1583697684,479.00
1583697685,479.00
1583697686,479.00
1583697687,479.00
1583697688,479.00
1583697689,479.00
1583697690,479.00
1583697691,479.00
1583697692,479.00
1583697693,479.00
1583697694,479.00
1583697695,479.00
1583697696,480.00
1583697697,480.00
1583697698,480.00
1583697699,480.00
1583697700,480.00
1583697701,480.00
1583697702,480.00
1583697703,480.00
1583697704,479.00
1583697705,479.00
1583697706,479.00
1583697707,479.00
1583697708,478.00
1583697709,478.00
1583697710,478.00
1583697711,478.00
1583697712,478.00
1583697713,478.00
1583697714,478.00
1583697715,478.00
1583697716,478.00
1583697717,479.00
1583697718,479.00
1583697719,480.00
1583697720,480.00
1583697721,480.00
1583697722,480.00
1583697723,481.00
1583697724,481.00
1583697725,481.00
1583697726,481.00
1583697727,481.00
1583697728,481.00
1583697729,481.00
1583697730,481.00
1583697731,481.00
1583697732,481.00
1583697733,481.00
1583697734,481.00
1583697735,481.00
1583697736,481.00
1583697737,481.00
1583697738,480.00
1583697739,480.00
1583697740,480.00
1583697741,479.00
1583697742,479.00
1583697743,479.00
1583697744,479.00
1583697745,479.00
1583697746,478.00
1583697747,478.00
1583697748,478.00
1583697749,478.00
1583697750,478.00
1583697751,478.00
1583697752,478.00
1583697753,479.00
1583697754,479.00
1583697755,479.00
1583697756,478.00
1583697757,478.00
1583697758,478.00
1583697759,478.00
1583697760,478.00
1583697761,478.00
1583697762,478.00
1583697763,478.00
1583697764,478.00
1583697765,478.00
1583697766,478.00
1583697767,478.00
1583697768,478.00
1583697769,478.00
1583697770,478.00
1583697771,477.00
1583697772,477.00
1583697773,477.00
1583697774,477.00
1583697775,477.00
1583697776,477.00
1583697777,478.00
1583697778,478.00
1583697779,478.00
1583697780,478.00
1583697781,478.00
1583697782,478.00
1583697783,478.00
1583697784,478.00
1583697785,478.00
1583697786,478.00
1583697787,478.00
1583697788,478.00
1583697789,478.00
1583697790,477.00
1583697791,477.00
1583697792,477.00
1583697793,477.00
1583697794,478.00
1583697795,478.00
1583697796,478.00
1583697797,478.00
1583697798,479.00
1583697799,479.00
1583697800,479.00
1583697801,479.00
1583697802,478.00
1583697803,478.00
1583697804,478.00
1583697805,478.00
1583697806,478.00
1583697807,478.00
1583697808,478.00
1583697809,478.00
1583697810,478.00
1583697811,478.00
1583697812,478.00
1583697813,478.00
1583697814,478.00
1583697815,479.00
1583697816,479.00
1583697817,479.00
1583697818,479.00
1583697819,478.00
1583697820,478.00
1583697821,478.00
1583697822,478.00
1583697823,477.00
1583697824,477.00
1583697825,477.00
1583697826,477.00
1583697827,478.00
1583697828,478.00
1583697829,478.00
1583697830,478.00
1583697831,478.00
1583697832,478.00
1583697833,479.00
1583697834,479.00
1583697835,480.00
1583697836,480.00
1583697837,480.00
1583697838,480.00
1583697839,480.00
1583697840,480.00
1583697841,480.00
1583697842,480.00
1583697843,480.00
1583697844,480.00
1583697845,480.00
1583697846,479.00
1583697847,479.00
1583697848,479.00
1583697849,479.00
1583697850,479.00
1583697851,479.00
1583697852,479.00
1583697853,480.00
1583697854,479.00
1583697855,479.00
1583697856,478.00
1583697857,478.00
1583697858,478.00
1583697859,477.00
1583697860,477.00
1583697861,477.00
1583697862,477.00
1583697863,477.00
1583697864,477.00
1583697865,477.00
1583697866,478.00
1583697867,478.00
1583697868,478.00
1583697869,478.00
1583697870,478.00
1583697871,478.00
1583697872,478.00
1583697873,478.00
1583697874,478.00
1583697875,478.00
1583697876,479.00
1583697877,479.00
1583697878,479.00
1583697879,479.00
1583697880,478.00
1583697881,478.00
1583697882,478.00
1583697883,478.00
1583697884,479.00
1583697885,479.00
1583697886,479.00
1583697887,479.00
1583697888,479.00
1583697889,479.00
1583697890,479.00
1583697891,479.00
1583697892,479.00
1583697893,479.00
1583697894,479.00
1583697895,479.00
1583697896,479.00
1583697897,479.00
1583697898,479.00
1583697899,479.00
1583697900,479.00
1583697901,479.00
1583697902,479.00
1583697903,479.00
1583697904,478.00
1583697905,478.00
1583697906,478.00
1583697907,478.00
1583697908,478.00
1583697909,478.00
1583697910,478.00
1583697911,477.00
1583697912,477.00
1583697913,477.00
1583697914,477.00
1583697915,477.00
1583697916,477.00
1583697917,477.00
1583697918,477.00
1583697919,477.00
1583697920,477.00
1583697921,477.00
1583697922,477.00
1583697923,476.00
1583697924,476.00
1583697925,476.00
1583697926,476.00
1583697927,476.00
1583697928,476.00
1583697929,477.00
1583697930,477.00
1583697931,477.00
1583697932,478.00
1583697933,478.00
1583697934,478.00
1583697935,478.00
1583697936,477.00
1583697937,477.00
1583697938,477.00
1583697939,477.00
1583697940,477.00
1583697941,477.00
1583697942,477.00
1583697943,478.00
1583697944,477.00
1583697945,477.00
1583697946,477.00
1583697947,477.00
1583697948,477.00
1583697949,477.00
1583697950,477.00
1583697951,477.00
1583697952,477.00
1583697953,478.00
1583697954,478.00
1583697955,478.00
1583697956,477.00
1583697957,477.00
1583697958,477.00
1583697959,477.00
1583697960,477.00
1583697961,477.00
1583697962,478.00
1583697963,478.00
1583697964,478.00
1583697965,478.00
1583697966,478.00
1583697967,478.00
1583697968,478.00
1583697969,478.00
1583697970,477.00
1583697971,477.00
1583697972,477.00
1583697973,476.00
1583697974,476.00
1583697975,476.00
1583697976,476.00
1583697977,476.00
1583697978,476.00
1583697979,476.00
1583697980,476.00
1583697981,476.00
1583697982,476.00
1583697983,476.00
1583697984,476.00
1583697985,476.00
1583697986,477.00
1583697987,477.00
1583697988,477.00
1583697989,477.00
1583697990,477.00
1583697991,478.00
1583697992,478.00
1583697993,478.00
1583697994,478.00
1583697995,478.00
1583697996,478.00
1583697997,478.00
1583697998,479.00
1583697999,478.00
1583698000,478.00
1583698001,478.00
1583698002,478.00
1583698003,478.00
1583698004,478.00
1583698005,478.00
1583698006,478.00
1583698007,477.00
1583698008,477.00
1583698009,477.00
1583698010,477.00
1583698011,477.00
1583698012,477.00
1583698013,478.00
1583698014,478.00
1583698015,478.00
1583698016,478.00
1583698017,478.00
1583698018,478.00
1583698019,478.00
1583698020,478.00
1583698021,478.00
1583698022,478.00
1583698023,478.00
1583698024,478.00
1583698025,478.00
1583698026,477.00
1583698027,477.00
1583698028,477.00
1583698029,477.00
1583698030,477.00
1583698031,477.00
1583698032,477.00
1583698033,478.00
1583698034,478.00
1583698035,478.00
1583698036,478.00
1583698037,477.00
1583698038,477.00
1583698039,477.00
1583698040,477.00
1583698041,477.00
1583698042,477.00
1583698043,477.00
1583698044,477.00
1583698045,477.00
1583698046,477.00
1583698047,477.00
1583698048,477.00
1583698049,476.00
1583698050,476.00
1583698051,476.00
1583698052,476.00
1583698053,476.00
1583698054,476.00
1583698055,476.00
1583698056,476.00
1583698057,476.00
1583698058,476.00
1583698059,476.00
1583698060,476.00
1583698061,476.00
1583698062,476.00
1583698063,477.00
1583698064,477.00
1583698065,477.00
1583698066,477.00
1583698067,477.00
1583698068,476.00
1583698069,476.00
1583698070,476.00
1583698071,476.00
1583698072,476.00
1583698073,476.00
1583698074,476.00
1583698075,476.00
1583698076,477.00
1583698077,477.00
1583698078,477.00
1583698079,477.00
1583698080,477.00
1583698081,477.00
1583698082,477.00
1583698083,477.00
1583698084,477.00
1583698085,477.00
1583698086,477.00
1583698087,478.00
1583698088,478.00
1583698089,477.00
1583698090,477.00
1583698091,477.00
1583698092,477.00
1583698093,477.00
1583698094,477.00
1583698095,476.00
1583698096,476.00
1583698097,476.00
1583698098,476.00
1583698099,476.00
1583698100,476.00
1583698101,476.00
1583698102,476.00
1583698103,476.00
1583698104,476.00
1583698105,476.00
1583698106,476.00
1583698107,476.00
1583698108,476.00
1583698109,476.00
1583698110,476.00
1583698111,476.00
1583698112,476.00
1583698113,477.00
1583698114,477.00
1583698115,477.00
1583698116,477.00
1583698117,477.00
1583698118,477.00
1583698119,477.00
1583698120,477.00
1583698121,477.00
1583698122,477.00
1583698123,477.00
1583698124,477.00
1583698125,477.00
1583698126,477.00
1583698127,477.00
1583698128,477.00
1583698129,477.00
1583698130,477.00
1583698131,478.00
1583698132,478.00
1583698133,479.00
1583698134,479.00
1583698135,479.00
1583698136,479.00
1583698137,480.00
1583698138,480.00
1583698139,480.00
1583698140,480.00
1583698141,479.00
1583698142,479.00
1583698143,479.00
1583698144,479.00
1583698145,479.00
1583698146,479.00
1583698147,478.00
1583698148,478.00
1583698149,477.00
1583698150,477.00
1583698151,477.00
1583698152,477.00
1583698153,477.00
1583698154,477.00
1583698155,477.00
1583698156,477.00
1583698157,477.00
1583698158,477.00
1583698159,477.00
1583698160,478.00
1583698161,478.00
1583698162,478.00
1583698163,479.00
1583698164,479.00
1583698165,480.00
1583698166,480.00
1583698167,480.00
1583698168,480.00
1583698169,480.00
1583698170,479.00
1583698171,479.00
1583698172,479.00
1583698173,479.00
1583698174,479.00
1583698175,479.00
1583698176,479.00
1583698177,479.00
1583698178,479.00
1583698179,479.00
1583698180,479.00
1583698181,480.00
1583698182,480.00
1583698183,479.00
1583698184,479.00
1583698185,479.00
1583698186,479.00
1583698187,479.00
1583698188,479.00
1583698189,479.00
1583698190,479.00
1583698191,480.00
1583698192,480.00
1583698193,480.00
1583698194,480.00
1583698195,480.00
1583698196,480.00
1583698197,480.00
1583698198,480.00
1583698199,480.00
1583698200,480.00
1583698201,480.00
1583698202,480.00
1583698203,480.00
1583698204,480.00
1583698205,479.00
1583698206,479.00
1583698207,479.00
1583698208,479.00
1583698209,479.00
1583698210,479.00
1583698211,479.00
1583698212,479.00
1583698213,479.00
1583698214,479.00
1583698215,479.00
1583698216,480.00
1583698217,480.00
1583698218,480.00
1583698219,480.00
1583698220,481.00
1583698221,480.00
1583698222,480.00
1583698223,480.00
1583698224,480.00
1583698225,480.00
1583698226,480.00
1583698227,480.00
1583698228,480.00
1583698229,480.00
1583698230,480.00
1583698231,480.00
1583698232,480.00
1583698233,480.00
1583698234,480.00
1583698235,480.00
1583698236,480.00
1583698237,480.00
1583698238,480.00
1583698239,481.00
1583698240,481.00
1583698241,481.00
1583698242,480.00
1583698243,480.00
1583698244,480.00
1583698245,479.00
1583698246,479.00
1583698247,479.00
1583698248,479.00
1583698249,478.00
1583698250,478.00
1583698251,478.00
1583698252,478.00
1583698253,478.00
1583698254,479.00
1583698255,479.00
1583698256,478.00
1583698257,478.00
1583698258,478.00
1583698259,478.00
1583698260,478.00
1583698261,478.00
1583698262,478.00
1583698263,478.00
1583698264,479.00
1583698265,479.00
1583698266,479.00
1583698267,479.00
1583698268,479.00
1583698269,479.00
1583698270,479.00
1583698271,479.00
1583698272,479.00
1583698273,479.00
1583698274,479.00
1583698275,479.00
1583698276,479.00
1583698277,479.00
1583698278,478.00
1583698279,478.00
1583698280,478.00
1583698281,479.00
1583698282,479.00
1583698283,479.00
1583698284,479.00
1583698285,479.00
1583698286,479.00
1583698287,479.00
1583698288,479.00
1583698289,479.00
1583698290,480.00
1583698291,479.00
1583698292,479.00
1583698293,479.00
1583698294,479.00
1583698295,478.00
1583698296,478.00
1583698297,478.00
1583698298,477.00
1583698299,477.00
1583698300,477.00
1583698301,477.00
1583698302,477.00
1583698303,477.00
1583698304,477.00
1583698305,477.00
1583698306,477.00
1583698307,477.00
1583698308,477.00
1583698309,477.00
1583698310,477.00
1583698311,477.00
1583698312,477.00
1583698313,478.00
1583698314,478.00
1583698315,478.00
1583698316,478.00
1583698317,478.00
1583698318,478.00
1583698319,478.00
1583698320,478.00
1583698321,478.00
1583698322,478.00
1583698323,478.00
1583698324,479.00
1583698325,478.00
1583698326,478.00
1583698327,478.00
1583698328,478.00
1583698329,478.00
1583698330,478.00
1583698331,478.00
1583698332,478.00
1583698333,478.00
1583698334,478.00
1583698335,478.00
1583698336,478.00
1583698337,478.00
1583698338,478.00
1583698339,478.00
1583698340,478.00
1583698341,478.00
1583698342,478.00
1583698343,478.00
1583698344,478.00
1583698345,478.00
1583698346,477.00
1583698347,477.00
1583698348,477.00
1583698349,476.00
1583698350,476.00
1583698351,476.00
1583698352,475.00
1583698353,475.00
1583698354,475.00
1583698355,475.00
1583698356,475.00
1583698357,476.00
1583698358,476.00
1583698359,476.00
1583698360,476.00
1583698361,476.00
1583698362,476.00
1583698363,476.00
1583698364,476.00
1583698365,476.00
1583698366,477.00
1583698367,477.00
1583698368,477.00
1583698369,476.00
1583698370,476.00
1583698371,476.00
1583698372,476.00
1583698373,476.00
1583698374,476.00
1583698375,477.00
1583698376,477.00
1583698377,477.00
1583698378,477.00
1583698379,477.00
1583698380,477.00
1583698381,477.00
1583698382,477.00
1583698383,477.00
1583698384,477.00
1583698385,476.00
1583698386,476.00
1583698387,476.00
1583698388,476.00
1583698389,476.00
1583698390,476.00
1583698391,476.00
1583698392,476.00
1583698393,476.00
1583698394,476.00
1583698395,476.00
1583698396,476.00
1583698397,476.00
1583698398,476.00
1583698399,477.00
1583698400,477.00
1583698401,477.00
1583698402,477.00
1583698403,477.00
1583698404,477.00
1583698405,477.00
1583698406,477.00
1583698407,477.00
1583698408,477.00
1583698409,477.00
1583698410,477.00
1583698411,477.00
1583698412,477.00
1583698413,477.00
1583698414,477.00
1583698415,477.00
1583698416,477.00
1583698417,477.00
1583698418,477.00
1583698419,478.00
1583698420,478.00
1583698421,478.00
1583698422,479.00
1583698423,479.00
1583698424,478.00
1583698425,478.00
1583698426,478.00
1583698427,478.00
1583698428,478.00
1583698429,478.00
1583698430,478.00
1583698431,478.00
1583698432,478.00
1583698433,478.00
1583698434,479.00
1583698435,478.00
1583698436,478.00
1583698437,478.00
1583698438,478.00
1583698439,478.00
1583698440,478.00
1583698441,478.00
1583698442,479.00
1583698443,479.00
1583698444,479.00
1583698445,478.00
1583698446,478.00
1583698447,478.00
1583698448,478.00
1583698449,478.00
1583698450,478.00
1583698451,478.00
1583698452,477.00
1583698453,477.00
1583698454,477.00
1583698455,477.00
1583698456,476.00
1583698457,476.00
1583698458,475.00
1583698459,475.00
1583698460,475.00
1583698461,475.00
1583698462,475.00
1583698463,475.00
1583698464,475.00
1583698465,475.00
1583698466,476.00
1583698467,476.00
1583698468,476.00
1583698469,476.00
1583698470,476.00
1583698471,477.00
1583698472,477.00
1583698473,477.00
1583698474,477.00
1583698475,477.00
1583698476,477.00
1583698477,477.00
1583698478,476.00
1583698479,476.00
1583698480,476.00
1583698481,476.00
1583698482,476.00
1583698483,476.00
1583698484,476.00
1583698485,476.00
1583698486,476.00
1583698487,476.00
1583698488,476.00
1583698489,476.00
1583698490,477.00
1583698491,477.00
1583698492,477.00
1583698493,477.00
1583698494,477.00
1583698495,477.00
1583698496,477.00
1583698497,478.00
1583698498,478.00
1583698499,478.00
1583698500,478.00
1583698501,477.00
1583698502,477.00
1583698503,477.00
1583698504,477.00
1583698505,477.00
1583698506,477.00
1583698507,477.00
1583698508,477.00
1583698509,477.00
1583698510,477.00
1583698511,477.00
1583698512,477.00
1583698513,476.00
1583698514,476.00
1583698515,476.00
1583698516,476.00
1583698517,476.00
1583698518,476.00
1583698519,476.00
1583698520,476.00
1583698521,476.00
1583698522,476.00
1583698523,476.00
1583698524,476.00
1583698525,476.00
1583698526,476.00
1583698527,476.00
1583698528,476.00
1583698529,476.00
1583698530,476.00
1583698531,476.00
1583698532,475.00
1583698533,475.00
1583698534,475.00
1583698535,475.00
1583698536,475.00
1583698537,475.00
1583698538,475.00
1583698539,475.00
1583698540,475.00
1583698541,475.00
1583698542,475.00
1583698543,475.00
1583698544,474.00
1583698545,474.00
1583698546,473.00
1583698547,473.00
1583698548,473.00
1583698549,473.00
1583698550,473.00
1583698551,473.00
1583698552,474.00
1583698553,474.00
1583698554,474.00
1583698555,474.00
1583698556,474.00
1583698557,475.00
1583698558,475.00
1583698559,476.00
1583698560,476.00
1583698561,477.00
1583698562,477.00
1583698563,477.00
1583698564,477.00
1583698565,477.00
1583698566,477.00
1583698567,477.00
1583698568,476.00
1583698569,476.00
1583698570,475.00
1583698571,475.00
1583698572,475.00
1583698573,475.00
1583698574,475.00
1583698575,475.00
1583698576,475.00
1583698577,475.00
1583698578,475.00
1583698579,475.00
1583698580,475.00
1583698581,475.00
1583698582,475.00
1583698583,475.00
1583698584,476.00
1583698585,476.00
1583698586,476.00
1583698587,476.00
1583698588,476.00
1583698589,476.00
1583698590,476.00
1583698591,477.00
1583698592,477.00
1583698593,477.00
1583698594,477.00
1583698595,477.00
1583698596,477.00
1583698597,477.00
1583698598,477.00
1583698599,477.00
1583698600,477.00
1583698601,477.00
1583698602,477.00
1583698603,477.00
1583698604,478.00
1583698605,477.00
1583698606,477.00
1583698607,477.00
1583698608,476.00
1583698609,476.00
1583698610,476.00
1583698611,476.00
1583698612,476.00
1583698613,475.00
1583698614,475.00
1583698615,475.00
1583698616,475.00
1583698617,475.00
1583698618,475.00
1583698619,476.00
1583698620,476.00
1583698621,476.00
1583698622,476.00
1583698623,477.00
1583698624,477.00
1583698625,477.00
1583698626,477.00
1583698627,477.00
1583698628,477.00
1583698629,477.00
1583698630,478.00
1583698631,478.00
1583698632,478.00
1583698633,478.00
1583698634,478.00
1583698635,479.00
1583698636,479.00
1583698637,479.00
1583698638,479.00
1583698639,480.00
1583698640,480.00
1583698641,480.00
1583698642,480.00
1583698643,480.00
1583698644,480.00
1583698645,480.00
1583698646,479.00
1583698647,479.00
1583698648,479.00
1583698649,478.00
1583698650,478.00
1583698651,478.00
1583698652,478.00
1583698653,477.00
1583698654,477.00
1583698655,477.00
1583698656,477.00
1583698657,477.00
1583698658,478.00
1583698659,478.00
1583698660,478.00
1583698661,478.00
1583698662,477.00
1583698663,477.00
1583698664,477.00
1583698665,477.00
1583698666,477.00
1583698667,477.00
1583698668,477.00
1583698669,477.00
1583698670,477.00
1583698671,477.00
1583698672,477.00
1583698673,477.00
1583698674,477.00
1583698675,478.00
1583698676,478.00
1583698677,478.00
1583698678,478.00
1583698679,478.00
1583698680,478.00
1583698681,477.00
1583698682,477.00
1583698683,477.00
1583698684,477.00
1583698685,477.00
1583698686,477.00
1583698687,477.00
1583698688,477.00
1583698689,478.00
1583698690,478.00
1583698691,478.00
1583698692,478.00
1583698693,479.00
1583698694,479.00
1583698695,479.00
1583698696,480.00
1583698697,480.00
1583698698,480.00
1583698699,480.00
1583698700,479.00
1583698701,479.00
1583698702,479.00
1583698703,479.00
1583698704,479.00
1583698705,478.00
1583698706,478.00
1583698707,478.00
1583698708,477.00
1583698709,477.00
1583698710,477.00
1583698711,476.00
1583698712,476.00
1583698713,475.00
1583698714,475.00
1583698715,474.00
1583698716,474.00
1583698717,474.00
1583698718,474.00
1583698719,474.00
1583698720,474.00
1583698721,474.00
1583698722,473.00
1583698723,473.00
1583698724,473.00
1583698725,473.00
1583698726,473.00
1583698727,473.00
1583698728,473.00
1583698729,474.00
1583698730,474.00
1583698731,474.00
1583698732,474.00
1583698733,474.00
1583698734,474.00
1583698735,474.00
1583698736,474.00
1583698737,474.00
1583698738,474.00
1583698739,474.00
1583698740,474.00
1583698741,474.00
1583698742,474.00
1583698743,474.00
1583698744,474.00
1583698745,474.00
1583698746,474.00
1583698747,474.00
1583698748,475.00
1583698749,475.00
1583698750,475.00
1583698751,475.00
1583698752,475.00
1583698753,475.00
1583698754,476.00
1583698755,476.00
1583698756,476.00
1583698757,476.00
1583698758,476.00
1583698759,476.00
1583698760,477.00
1583698761,476.00
1583698762,476.00
1583698763,476.00
1583698764,476.00
1583698765,476.00
1583698766,477.00
1583698767,477.00
1583698768,477.00
1583698769,477.00
1583698770,477.00
1583698771,478.00
1583698772,478.00
1583698773,478.00
1583698774,478.00
1583698775,478.00
1583698776,478.00
1583698777,478.00
1583698778,478.00
1583698779,479.00
1583698780,479.00
1583698781,479.00
1583698782,479.00
1583698783,479.00
1583698784,479.00
1583698785,479.00
1583698786,479.00
1583698787,479.00
1583698788,479.00
1583698789,480.00
1583698790,480.00
1583698791,480.00
1583698792,480.00
1583698793,480.00
1583698794,480.00
1583698795,480.00
1583698796,480.00
1583698797,480.00
1583698798,480.00
1583698799,480.00
1583698800,480.00
1583698801,480.00
1583698802,480.00
1583698803,479.00
1583698804,479.00
1583698805,479.00
1583698806,479.00
1583698807,479.00
1583698808,479.00
1583698809,479.00
1583698810,479.00
1583698811,478.00
1583698812,478.00
1583698813,478.00
1583698814,478.00
1583698815,478.00
1583698816,478.00
1583698817,478.00
1583698818,478.00
1583698819,478.00
1583698820,478.00
1583698821,478.00
1583698822,478.00
1583698823,478.00
1583698824,478.00
1583698825,477.00
1583698826,477.00
1583698827,477.00
1583698828,477.00
1583698829,477.00
1583698830,477.00
1583698831,477.00
1583698832,478.00
1583698833,478.00
1583698834,478.00
1583698835,478.00
1583698836,477.00
1583698837,477.00
1583698838,477.00
1583698839,477.00
1583698840,477.00
1583698841,477.00
1583698842,476.00
1583698843,476.00
1583698844,476.00
1583698845,476.00
1583698846,476.00
1583698847,476.00
1583698848,476.00
1583698849,476.00
1583698850,476.00
1583698851,476.00
1583698852,476.00
1583698853,476.00
1583698854,476.00
1583698855,476.00
1583698856,477.00
1583698857,477.00
1583698858,477.00
1583698859,477.00
1583698860,476.00
1583698861,476.00
1583698862,476.00
1583698863,476.00
1583698864,476.00
1583698865,476.00
1583698866,476.00
1583698867,476.00
1583698868,476.00
1583698869,476.00
1583698870,476.00
1583698871,476.00
1583698872,476.00
1583698873,476.00
1583698874,476.00
1583698875,476.00
1583698876,476.00
1583698877,476.00
1583698878,476.00
1583698879,476.00
1583698880,476.00
1583698881,476.00
1583698882,476.00
1583698883,475.00
1583698884,475.00
1583698885,475.00
1583698886,475.00
1583698887,475.00
1583698888,475.00
1583698889,475.00
1583698890,475.00
1583698891,475.00
1583698892,475.00
1583698893,475.00
1583698894,475.00
1583698895,475.00
1583698896,475.00
1583698897,475.00
1583698898,475.00
1583698899,475.00
1583698900,475.00
1583698901,475.00
1583698902,475.00
1583698903,475.00
1583698904,475.00
1583698905,475.00
1583698906,475.00
1583698907,476.00
1583698908,476.00
1583698909,476.00
1583698910,477.00
1583698911,477.00
1583698912,477.00
1583698913,477.00
1583698914,476.00
1583698915,476.00
1583698916,476.00
1583698917,476.00
1583698918,476.00
1583698919,476.00
1583698920,476.00
1583698921,476.00
1583698922,477.00
1583698923,477.00
1583698924,477.00
1583698925,477.00
1583698926,478.00
1583698927,478.00
1583698928,478.00
1583698929,478.00
1583698930,478.00
1583698931,477.00
1583698932,477.00
1583698933,477.00
1583698934,477.00
1583698935,476.00
1583698936,476.00
1583698937,476.00
1583698938,476.00
1583698939,476.00
1583698940,476.00
1583698941,476.00
1583698942,476.00
1583698943,476.00
1583698944,476.00
1583698945,475.00
1583698946,475.00
1583698947,475.00
1583698948,475.00
1583698949,475.00
1583698950,475.00
1583698951,475.00
1583698952,475.00
1583698953,475.00
1583698954,475.00
1583698955,475.00
1583698956,475.00
1583698957,475.00
1583698958,474.00
1583698959,474.00
1583698960,474.00
1583698961,474.00
1583698962,475.00
1583698963,475.00
1583698964,475.00
1583698965,475.00
1583698966,475.00
1583698967,475.00
1583698968,475.00
1583698969,475.00
1583698970,474.00
1583698971,474.00
1583698972,474.00
1583698973,474.00
1583698974,474.00
1583698975,474.00
1583698976,474.00
1583698977,474.00
1583698978,474.00
1583698979,475.00
1583698980,475.00
1583698981,476.00
1583698982,476.00
1583698983,476.00
1583698984,476.00
1583698985,476.00
1583698986,476.00
1583698987,475.00
1583698988,475.00
1583698989,475.00
1583698990,475.00
1583698991,476.00
1583698992,476.00
1583698993,476.00
1583698994,476.00
1583698995,476.00
1583698996,476.00
1583698997,476.00
1583698998,475.00
1583698999,475.00
1583699000,475.00
1583699001,475.00
1583699002,475.00
1583699003,476.00
1583699004,476.00
1583699005,476.00
1583699006,476.00
1583699007,476.00
1583699008,475.00
1583699009,475.00
1583699010,475.00
1583699011,475.00
1583699012,475.00
1583699013,475.00
1583699014,475.00
1583699015,476.00
1583699016,476.00
1583699017,476.00
1583699018,476.00
1583699019,476.00
1583699020,476.00
1583699021,476.00
1583699022,476.00
1583699023,476.00
1583699024,476.00
1583699025,476.00
1583699026,476.00
1583699027,475.00
1583699028,475.00
1583699029,475.00
1583699030,475.00
1583699031,475.00
1583699032,474.00
1583699033,474.00
1583699034,474.00
1583699035,475.00
1583699036,475.00
1583699037,474.00
1583699038,474.00
1583699039,474.00
1583699040,474.00
1583699041,474.00
1583699042,474.00
1583699043,474.00
1583699044,474.00
1583699045,474.00
1583699046,474.00
1583699047,473.00
1583699048,473.00
1583699049,473.00
1583699050,473.00
1583699051,473.00
1583699052,472.00
1583699053,472.00
1583699054,472.00
1583699055,472.00
1583699056,472.00
1583699057,473.00
1583699058,473.00
1583699059,473.00
1583699060,473.00
1583699061,473.00
1583699062,473.00
1583699063,473.00
1583699064,473.00
1583699065,474.00
1583699066,474.00
1583699067,474.00
1583699068,474.00
1583699069,474.00
1583699070,474.00
1583699071,474.00
1583699072,474.00
1583699073,475.00
1583699074,475.00
1583699075,475.00
1583699076,475.00
1583699077,475.00
1583699078,475.00
1583699079,475.00
1583699080,475.00
1583699081,474.00
1583699082,474.00
1583699083,474.00
1583699084,474.00
1583699085,474.00
1583699086,474.00
1583699087,475.00
1583699088,475.00
1583699089,475.00
1583699090,476.00
1583699091,476.00
1583699092,477.00
1583699093,477.00
1583699094,477.00
1583699095,477.00
1583699096,477.00
1583699097,478.00
1583699098,478.00
1583699099,478.00
1583699100,478.00
1583699101,477.00
1583699102,477.00
1583699103,476.00
1583699104,475.00
1583699105,475.00
1583699106,475.00
1583699107,475.00
1583699108,475.00
1583699109,476.00
1583699110,476.00
1583699111,476.00
1583699112,476.00
1583699113,477.00
1583699114,477.00
1583699115,476.00
1583699116,476.00
1583699117,476.00
1583699118,476.00
1583699119,476.00
1583699120,476.00
1583699121,475.00
1583699122,475.00
1583699123,475.00
1583699124,475.00
1583699125,475.00
1583699126,475.00
1583699127,476.00
1583699128,476.00
1583699129,476.00
1583699130,476.00
1583699131,476.00
1583699132,476.00
1583699133,476.00
1583699134,476.00
1583699135,475.00
1583699136,475.00
1583699137,475.00
1583699138,476.00
1583699139,476.00
1583699140,476.00
1583699141,476.00
1583699142,476.00
1583699143,476.00
1583699144,476.00
1583699145,476.00
1583699146,477.00
1583699147,476.00
1583699148,476.00
1583699149,476.00
1583699150,477.00
1583699151,477.00
1583699152,477.00
1583699153,477.00
1583699154,477.00
1583699155,476.00
1583699156,476.00
1583699157,476.00
1583699158,476.00
1583699159,476.00
1583699160,476.00
1583699161,476.00
1583699162,476.00
1583699163,476.00
1583699164,475.00
1583699165,475.00
1583699166,475.00
1583699167,475.00
1583699168,475.00
1583699169,475.00
1583699170,475.00
1583699171,476.00
1583699172,476.00
1583699173,475.00
1583699174,475.00
1583699175,475.00
1583699176,475.00
1583699177,475.00
1583699178,475.00
1583699179,475.00
1583699180,475.00
1583699181,475.00
1583699182,475.00
1583699183,475.00
1583699184,476.00
1583699185,476.00
1583699186,476.00
1583699187,476.00
1583699188,476.00
1583699189,476.00
1583699190,476.00
1583699191,476.00
1583699192,476.00
1583699193,476.00
1583699194,476.00
1583699195,476.00
1583699196,476.00
1583699197,476.00
1583699198,476.00
1583699199,476.00
1583699200,476.00
1583699201,476.00
1583699202,476.00
1583699203,476.00
1583699204,476.00
1583699205,476.00
1583699206,476.00
1583699207,477.00
1583699208,477.00
1583699209,477.00
1583699210,477.00
1583699211,478.00
1583699212,477.00
1583699213,477.00
1583699214,477.00
1583699215,477.00
1583699216,477.00
1583699217,477.00
1583699218,477.00
1583699219,477.00
1583699220,477.00
1583699221,477.00
1583699222,477.00
1583699223,477.00
1583699224,477.00
1583699225,477.00
1583699226,477.00
1583699227,477.00
1583699228,477.00
1583699229,477.00
1583699230,477.00
1583699231,478.00
1583699232,477.00
1583699233,477.00
1583699234,477.00
1583699235,477.00
1583699236,477.00
1583699237,477.00
1583699238,477.00
1583699239,477.00
1583699240,476.00
1583699241,476.00
1583699242,476.00
1583699243,476.00
1583699244,476.00
1583699245,476.00
1583699246,475.00
1583699247,475.00
1583699248,475.00
1583699249,475.00
1583699250,475.00
1583699251,476.00
1583699252,476.00
1583699253,476.00
1583699254,476.00
1583699255,476.00
1583699256,475.00
1583699257,475.00
1583699258,475.00
1583699259,475.00
1583699260,475.00
1583699261,475.00
1583699262,474.00
1583699263,474.00
1583699264,474.00
1583699265,473.00
1583699266,473.00
1583699267,473.00
1583699268,472.00
1583699269,472.00
1583699270,472.00
1583699271,472.00
1583699272,472.00
1583699273,472.00
1583699274,472.00
1583699275,472.00
1583699276,472.00
1583699277,472.00
1583699278,472.00
1583699279,472.00
1583699280,472.00
1583699281,473.00
1583699282,473.00
1583699283,473.00
1583699284,474.00
1583699285,474.00
1583699286,475.00
1583699287,475.00
1583699288,475.00
1583699289,475.00
1583699290,476.00
1583699291,476.00
1583699292,476.00
1583699293,476.00
1583699294,476.00
1583699295,476.00
1583699296,476.00
1583699297,476.00
1583699298,476.00
1583699299,476.00
1583699300,476.00
1583699301,476.00
1583699302,476.00
1583699303,476.00
1583699304,476.00
1583699305,476.00
1583699306,476.00
1583699307,476.00
1583699308,476.00
1583699309,476.00
1583699310,476.00
1583699311,476.00
1583699312,477.00
1583699313,476.00
1583699314,476.00
1583699315,476.00
1583699316,476.00
1583699317,476.00
1583699318,476.00
1583699319,476.00
1583699320,476.00
1583699321,476.00
1583699322,476.00
1583699323,476.00
1583699324,477.00
1583699325,477.00
1583699326,477.00
1583699327,477.00
1583699328,478.00
1583699329,478.00
1583699330,478.00
1583699331,478.00
1583699332,478.00
1583699333,478.00
1583699334,478.00
1583699335,478.00
1583699336,478.00
1583699337,478.00
1583699338,478.00
1583699339,478.00
1583699340,478.00
1583699341,478.00
1583699342,478.00
1583699343,477.00
1583699344,477.00
1583699345,477.00
1583699346,477.00
1583699347,476.00
1583699348,476.00
1583699349,476.00
1583699350,476.00
1583699351,476.00
1583699352,476.00
1583699353,476.00
1583699354,476.00
1583699355,476.00
1583699356,476.00
1583699357,475.00
1583699358,475.00
1583699359,475.00
1583699360,475.00
1583699361,475.00
1583699362,475.00
1583699363,475.00
1583699364,475.00
1583699365,475.00
1583699366,475.00
1583699367,474.00
1583699368,474.00
1583699369,474.00
1583699370,474.00
1583699371,473.00
1583699372,473.00
1583699373,472.00
1583699374,472.00
1583699375,472.00
1583699376,472.00
1583699377,472.00
1583699378,472.00
1583699379,472.00
1583699380,472.00
1583699381,471.00
1583699382,471.00
1583699383,471.00
1583699384,472.00
1583699385,472.00
1583699386,472.00
1583699387,473.00
1583699388,473.00
1583699389,473.00
1583699390,474.00
1583699391,474.00
1583699392,474.00
1583699393,474.00
1583699394,474.00
1583699395,474.00
1583699396,474.00
1583699397,474.00
1583699398,474.00
1583699399,474.00
1583699400,474.00
1583699401,474.00
1583699402,474.00
1583699403,474.00
1583699404,474.00
1583699405,474.00
1583699406,474.00
1583699407,474.00
1583699408,474.00
1583699409,474.00
1583699410,475.00
1583699411,475.00
1583699412,475.00
1583699413,476.00
1583699414,476.00
1583699415,476.00
1583699416,476.00
1583699417,476.00
1583699418,476.00
1583699419,476.00
1583699420,476.00
1583699421,477.00
1583699422,477.00
1583699423,477.00
1583699424,477.00
1583699425,477.00
1583699426,477.00
1583699427,477.00
1583699428,477.00
1583699429,477.00
1583699430,477.00
1583699431,477.00
1583699432,477.00
1583699433,477.00
1583699434,477.00
1583699435,477.00
1583699436,477.00
1583699437,477.00
1583699438,476.00
1583699439,476.00
1583699440,476.00
1583699441,476.00
1583699442,476.00
1583699443,476.00
1583699444,476.00
1583699445,476.00
1583699446,476.00
1583699447,476.00
1583699448,476.00
1583699449,476.00
1583699450,476.00
1583699451,477.00
1583699452,477.00
1583699453,477.00
1583699454,476.00
1583699455,476.00
1583699456,476.00
1583699457,476.00
1583699458,476.00
1583699459,476.00
1583699460,476.00
1583699461,477.00
1583699462,476.00
1583699463,476.00
1583699464,476.00
1583699465,476.00
1583699466,476.00
1583699467,476.00
1583699468,476.00
1583699469,475.00
1583699470,475.00
1583699471,475.00
1583699472,475.00
1583699473,475.00
1583699474,475.00
1583699475,475.00
1583699476,475.00
1583699477,475.00
1583699478,476.00
1583699479,476.00
1583699480,476.00
1583699481,476.00
1583699482,476.00
1583699483,476.00
1583699484,476.00
1583699485,476.00
1583699486,476.00
1583699487,476.00
1583699488,476.00
1583699489,476.00
1583699490,476.00
1583699491,476.00
1583699492,476.00
1583699493,476.00
1583699494,476.00
1583699495,475.00
1583699496,475.00
1583699497,475.00
1583699498,475.00
1583699499,475.00
1583699500,475.00
1583699501,476.00
1583699502,476.00
1583699503,475.00
1583699504,475.00
1583699505,475.00
1583699506,475.00
1583699507,474.00
1583699508,474.00
1583699509,474.00
1583699510,474.00
1583699511,474.00
1583699512,474.00
1583699513,474.00
1583699514,474.00
1583699515,474.00
1583699516,474.00
1583699517,475.00
1583699518,475.00
1583699519,475.00
1583699520,475.00
1583699521,474.00
1583699522,474.00
1583699523,474.00
1583699524,474.00
1583699525,474.00
1583699526,474.00
1583699527,474.00
1583699528,474.00
1583699529,474.00
1583699530,474.00
1583699531,474.00
1583699532,474.00
1583699533,474.00
1583699534,474.00
1583699535,474.00
1583699536,474.00
1583699537,475.00
1583699538,475.00
1583699539,475.00
1583699540,475.00
1583699541,475.00
1583699542,475.00
1583699543,475.00
1583699544,475.00
1583699545,475.00
1583699546,475.00
1583699547,475.00
1583699548,475.00
1583699549,474.00
1583699550,474.00
1583699551,474.00
1583699552,475.00
1583699553,475.00
1583699554,475.00
1583699555,475.00
1583699556,475.00
1583699557,475.00
1583699558,475.00
1583699559,475.00
1583699560,475.00
1583699561,475.00
1583699562,475.00
1583699563,475.00
1583699564,475.00
1583699565,475.00
1583699566,475.00
1583699567,475.00
1583699568,475.00
1583699569,475.00
1583699570,475.00
1583699571,475.00
1583699572,475.00
1583699573,474.00
1583699574,474.00
1583699575,474.00
1583699576,475.00
1583699577,475.00
1583699578,475.00
1583699579,475.00
1583699580,475.00
1583699581,475.00
1583699582,475.00
1583699583,475.00
1583699584,475.00
1583699585,475.00
1583699586,475.00
1583699587,474.00
1583699588,474.00
1583699589,473.00
1583699590,473.00
1583699591,472.00
1583699592,472.00
1583699593,472.00
1583699594,472.00
1583699595,472.00
1583699596,472.00
1583699597,472.00
1583699598,472.00
1583699599,472.00
1583699600,472.00
1583699601,472.00
1583699602,472.00
1583699603,472.00
1583699604,472.00
1583699605,472.00
1583699606,472.00
1583699607,472.00
1583699608,472.00
1583699609,471.00
1583699610,471.00
1583699611,470.00
1583699612,470.00
1583699613,470.00
1583699614,470.00
1583699615,470.00
1583699616,470.00
1583699617,470.00
1583699618,470.00
1583699619,470.00
1583699620,470.00
1583699621,470.00
1583699622,470.00
1583699623,470.00
1583699624,471.00
1583699625,471.00
1583699626,471.00
1583699627,471.00
1583699628,471.00
1583699629,471.00
1583699630,471.00
1583699631,471.00
1583699632,471.00
1583699633,471.00
1583699634,471.00
1583699635,472.00
1583699636,472.00
1583699637,472.00
1583699638,472.00
1583699639,472.00
1583699640,472.00
1583699641,472.00
1583699642,472.00
1583699643,472.00
1583699644,472.00
1583699645,471.00
1583699646,471.00
1583699647,471.00
1583699648,471.00
1583699649,471.00
1583699650,471.00
1583699651,471.00
1583699652,471.00
1583699653,472.00
1583699654,472.00
1583699655,472.00
1583699656,473.00
1583699657,473.00
1583699658,473.00
1583699659,473.00
1583699660,473.00
1583699661,473.00
1583699662,473.00
1583699663,473.00
1583699664,473.00
1583699665,473.00
1583699666,473.00
1583699667,473.00
1583699668,474.00
1583699669,473.00
1583699670,473.00
1583699671,473.00
1583699672,473.00
1583699673,473.00
1583699674,473.00
1583699675,473.00
1583699676,473.00
1583699677,473.00
1583699678,473.00
1583699679,473.00
1583699680,473.00
1583699681,473.00
1583699682,473.00
1583699683,473.00
1583699684,473.00
1583699685,472.00
1583699686,472.00
1583699687,472.00
1583699688,472.00
1583699689,472.00
1583699690,472.00
1583699691,472.00
1583699692,472.00
1583699693,472.00
1583699694,472.00
1583699695,473.00
1583699696,473.00
1583699697,473.00
1583699698,474.00
1583699699,474.00
1583699700,474.00
1583699701,474.00
1583699702,474.00
1583699703,474.00
1583699704,474.00
1583699705,474.00
1583699706,475.00
1583699707,475.00
1583699708,475.00
1583699709,475.00
1583699710,476.00
1583699711,476.00
1583699712,476.00
1583699713,476.00
1583699714,475.00
1583699715,475.00
1583699716,475.00
1583699717,474.00
1583699718,474.00
1583699719,474.00
1583699720,474.00
1583699721,474.00
1583699722,474.00
1583699723,474.00
1583699724,474.00
1583699725,474.00
1583699726,474.00
1583699727,474.00
1583699728,474.00
1583699729,474.00
1583699730,474.00
1583699731,474.00
1583699732,474.00
1583699733,474.00
1583699734,475.00
1583699735,475.00
1583699736,475.00
1583699737,474.00
1583699738,474.00
1583699739,474.00
1583699740,474.00
1583699741,474.00
1583699742,474.00
1583699743,475.00
1583699744,475.00
1583699745,474.00
1583699746,474.00
1583699747,474.00
1583699748,474.00
1583699749,474.00
1583699750,474.00
1583699751,474.00
1583699752,474.00
1583699753,474.00
1583699754,474.00
1583699755,474.00
1583699756,474.00
1583699757,473.00
1583699758,473.00
1583699759,473.00
1583699760,473.00
1583699761,473.00
1583699762,473.00
1583699763,473.00
1583699764,473.00
1583699765,473.00
1583699766,473.00
1583699767,473.00
1583699768,473.00
1583699769,473.00
1583699770,473.00
1583699771,473.00
1583699772,473.00
1583699773,473.00
1583699774,473.00
1583699775,474.00
1583699776,474.00
1583699777,474.00
1583699778,474.00
1583699779,473.00
1583699780,473.00
1583699781,473.00
1583699782,473.00
1583699783,473.00
1583699784,474.00
1583699785,474.00
1583699786,473.00
1583699787,473.00
1583699788,472.00
1583699789,472.00
1583699790,472.00
1583699791,472.00
1583699792,472.00
1583699793,472.00
1583699794,472.00
1583699795,472.00
1583699796,473.00
1583699797,473.00
1583699798,473.00
1583699799,473.00
1583699800,473.00
1583699801,473.00
1583699802,473.00
1583699803,473.00
1583699804,473.00
1583699805,473.00
1583699806,473.00
1583699807,474.00
1583699808,474.00
1583699809,474.00
1583699810,474.00
1583699811,474.00
1583699812,474.00
1583699813,473.00
1583699814,473.00
1583699815,473.00
1583699816,473.00
1583699817,473.00
1583699818,473.00
1583699819,473.00
1583699820,473.00
1583699821,473.00
1583699822,473.00
1583699823,473.00
1583699824,472.00
1583699825,472.00
1583699826,472.00
1583699827,472.00
1583699828,472.00
1583699829,472.00
1583699830,472.00
1583699831,472.00
1583699832,473.00
1583699833,473.00
1583699834,473.00
1583699835,473.00
1583699836,474.00
1583699837,474.00
1583699838,474.00
1583699839,474.00
1583699840,474.00
1583699841,474.00
1583699842,474.00
1583699843,475.00
1583699844,474.00
1583699845,474.00
1583699846,474.00
1583699847,474.00
1583699848,474.00
1583699849,474.00
1583699850,474.00
1583699851,473.00
1583699852,473.00
1583699853,473.00
1583699854,473.00
1583699855,473.00
1583699856,474.00
1583699857,474.00
1583699858,474.00
1583699859,474.00
1583699860,474.00
1583699861,474.00
1583699862,475.00
1583699863,475.00
1583699864,475.00
1583699865,475.00
1583699866,475.00
1583699867,474.00
1583699868,474.00
1583699869,474.00
1583699870,474.00
1583699871,474.00
1583699872,474.00
1583699873,473.00
1583699874,473.00
1583699875,472.00
1583699876,472.00
1583699877,471.00
1583699878,471.00
1583699879,471.00
1583699880,471.00
1583699881,472.00
1583699882,472.00
1583699883,472.00
1583699884,472.00
1583699885,473.00
1583699886,473.00
1583699887,472.00
1583699888,472.00
1583699889,472.00
1583699890,472.00
1583699891,472.00
1583699892,472.00
1583699893,472.00
1583699894,472.00
1583699895,473.00
1583699896,473.00
1583699897,473.00
1583699898,472.00
1583699899,472.00
1583699900,472.00
1583699901,472.00
1583699902,472.00
1583699903,472.00
1583699904,472.00
1583699905,472.00
1583699906,472.00
1583699907,473.00
1583699908,473.00
1583699909,473.00
1583699910,473.00
1583699911,473.00
1583699912,473.00
1583699913,473.00
1583699914,473.00
1583699915,474.00
1583699916,474.00
1583699917,473.00
1583699918,473.00
1583699919,473.00
1583699920,473.00
1583699921,473.00
1583699922,473.00
1583699923,473.00
1583699924,473.00
1583699925,473.00
1583699926,473.00
1583699927,473.00
1583699928,473.00
1583699929,473.00
1583699930,473.00
1583699931,472.00
1583699932,472.00
1583699933,472.00
1583699934,472.00
1583699935,472.00
1583699936,472.00
1583699937,472.00
1583699938,472.00
1583699939,473.00
1583699940,472.00
1583699941,472.00
1583699942,472.00
1583699943,473.00
1583699944,473.00
1583699945,473.00
1583699946,473.00
1583699947,474.00
1583699948,474.00
1583699949,474.00
1583699950,474.00
1583699951,474.00
1583699952,474.00
1583699953,474.00
1583699954,474.00
1583699955,474.00
1583699956,474.00
1583699957,474.00
1583699958,474.00
1583699959,474.00
1583699960,474.00
1583699961,474.00
1583699962,474.00
1583699963,473.00
1583699964,473.00
1583699965,473.00
1583699966,473.00
1583699967,472.00
1583699968,472.00
1583699969,472.00
1583699970,472.00
1583699971,472.00
1583699972,471.00
1583699973,471.00
1583699974,471.00
1583699975,471.00
1583699976,471.00
1583699977,471.00
1583699978,471.00
1583699979,471.00
1583699980,471.00
1583699981,471.00
1583699982,471.00
1583699983,471.00
1583699984,472.00
1583699985,472.00
1583699986,472.00
1583699987,472.00
1583699988,472.00
1583699989,472.00
1583699990,473.00
1583699991,473.00
1583699992,473.00
1583699993,473.00
1583699994,473.00
1583699995,473.00
1583699996,473.00
1583699997,473.00
1583699998,473.00
1583699999,473.00
1583700000,473.00
1583700001,474.00
1583700002,474.00
1583700003,474.00
1583700004,474.00
1583700005,474.00
1583700006,473.00
1583700007,473.00
1583700008,473.00
1583700009,473.00
1583700010,472.00
1583700011,472.00
1583700012,471.00
1583700013,471.00
1583700014,471.00
1583700015,471.00
1583700016,471.00
1583700017,471.00
1583700018,471.00
1583700019,471.00
1583700020,471.00
1583700021,472.00
1583700022,472.00
1583700023,472.00
1583700024,472.00
1583700025,472.00
1583700026,472.00
1583700027,472.00
1583700028,472.00
1583700029,472.00
1583700030,472.00
1583700031,472.00
1583700032,472.00
1583700033,471.00
1583700034,471.00
1583700035,471.00
1583700036,471.00
1583700037,471.00
1583700038,472.00
1583700039,472.00
1583700040,472.00
1583700041,472.00
1583700042,472.00
1583700043,472.00
1583700044,472.00
1583700045,473.00
1583700046,472.00
1583700047,472.00
1583700048,472.00
1583700049,472.00
1583700050,472.00
1583700051,473.00
1583700052,473.00
1583700053,473.00
1583700054,473.00
1583700055,473.00
1583700056,473.00
1583700057,473.00
1583700058,473.00
1583700059,472.00
1583700060,472.00
1583700061,472.00
1583700062,472.00
1583700063,472.00
1583700064,472.00
1583700065,472.00
1583700066,472.00
1583700067,472.00
1583700068,472.00
1583700069,472.00
1583700070,472.00
1583700071,472.00
1583700072,472.00
1583700073,472.00
1583700074,472.00
1583700075,472.00
1583700076,472.00
1583700077,472.00
1583700078,472.00
1583700079,472.00
1583700080,472.00
1583700081,472.00
1583700082,472.00
1583700083,473.00
1583700084,473.00
1583700085,473.00
1583700086,473.00
1583700087,473.00
1583700088,473.00
1583700089,473.00
1583700090,473.00
1583700091,473.00
1583700092,473.00
1583700093,473.00
1583700094,473.00
1583700095,473.00
1583700096,473.00
1583700097,473.00
1583700098,472.00
1583700099,472.00
1583700100,472.00
1583700101,472.00
1583700102,472.00
1583700103,472.00
1583700104,471.00
1583700105,471.00
1583700106,471.00
1583700107,471.00
1583700108,471.00
1583700109,471.00
1583700110,471.00
1583700111,471.00
1583700112,471.00
1583700113,471.00
1583700114,471.00
1583700115,471.00
1583700116,471.00
1583700117,471.00
1583700118,471.00
1583700119,471.00
1583700120,471.00
1583700121,471.00
1583700122,471.00
1583700123,471.00
1583700124,472.00
1583700125,472.00
1583700126,472.00
1583700127,472.00
1583700128,472.00
1583700129,472.00
1583700130,473.00
1583700131,473.00
1583700132,474.00
1583700133,474.00
1583700134,474.00
1583700135,474.00
1583700136,474.00
1583700137,474.00
1583700138,474.00
1583700139,474.00
1583700140,474.00
1583700141,474.00
1583700142,474.00
1583700143,474.00
1583700144,474.00
1583700145,473.00
1583700146,473.00
1583700147,473.00
1583700148,473.00
1583700149,473.00
1583700150,473.00
1583700151,474.00
1583700152,474.00
1583700153,474.00
1583700154,474.00
1583700155,474.00
1583700156,474.00
1583700157,474.00
1583700158,474.00
1583700159,474.00
1583700160,474.00
1583700161,474.00
1583700162,474.00
1583700163,473.00
1583700164,473.00
1583700165,473.00
1583700166,473.00
1583700167,473.00
1583700168,473.00
1583700169,473.00
1583700170,473.00
1583700171,472.00
1583700172,472.00
1583700173,472.00
1583700174,472.00
1583700175,472.00
1583700176,472.00
1583700177,472.00
1583700178,473.00
1583700179,473.00
1583700180,473.00
1583700181,473.00
1583700182,473.00
1583700183,473.00
1583700184,473.00
1583700185,473.00
1583700186,473.00
1583700187,473.00
1583700188,473.00
1583700189,473.00
1583700190,473.00
1583700191,473.00
1583700192,473.00
1583700193,473.00
1583700194,473.00
1583700195,473.00
1583700196,473.00
1583700197,473.00
1583700198,473.00
1583700199,473.00
1583700200,473.00
1583700201,473.00
1583700202,473.00
1583700203,473.00
1583700204,473.00
1583700205,473.00
1583700206,473.00
1583700207,473.00
1583700208,473.00
1583700209,473.00
1583700210,474.00
1583700211,474.00
1583700212,474.00
1583700213,474.00
1583700214,474.00
1583700215,474.00
1583700216,474.00
1583700217,474.00
1583700218,474.00
1583700219,474.00
1583700220,474.00
1583700221,474.00
1583700222,473.00
1583700223,473.00
1583700224,473.00
1583700225,472.00
1583700226,472.00
1583700227,472.00
1583700228,471.00
1583700229,471.00
1583700230,471.00
1583700231,471.00
1583700232,471.00
1583700233,471.00
1583700234,471.00
1583700235,471.00
1583700236,470.00
1583700237,470.00
1583700238,470.00
1583700239,470.00
1583700240,470.00
1583700241,470.00
1583700242,471.00
1583700243,471.00
1583700244,471.00
1583700245,471.00
1583700246,471.00
1583700247,471.00
1583700248,471.00
1583700249,471.00
1583700250,470.00
1583700251,470.00
1583700252,470.00
1583700253,471.00
1583700254,471.00
1583700255,471.00
1583700256,471.00
1583700257,471.00
1583700258,471.00
1583700259,471.00
1583700260,471.00
1583700261,472.00
1583700262,472.00
1583700263,472.00
1583700264,472.00
1583700265,471.00
1583700266,471.00
1583700267,471.00
1583700268,471.00
1583700269,471.00
1583700270,471.00
1583700271,471.00
1583700272,471.00
1583700273,471.00
1583700274,471.00
1583700275,471.00
1583700276,471.00
1583700277,471.00
1583700278,471.00
1583700279,471.00
1583700280,471.00
1583700281,470.00
1583700282,470.00
1583700283,470.00
1583700284,470.00
1583700285,471.00
1583700286,471.00
1583700287,471.00
1583700288,472.00
1583700289,472.00
1583700290,472.00
1583700291,473.00
1583700292,472.00
1583700293,472.00
1583700294,472.00
1583700295,472.00
1583700296,472.00
1583700297,472.00
1583700298,473.00
1583700299,473.00
1583700300,473.00
1583700301,473.00
1583700302,473.00
1583700303,474.00
1583700304,474.00
1583700305,474.00
1583700306,474.00
1583700307,475.00
1583700308,475.00
1583700309,475.00
1583700310,474.00
1583700311,474.00
1583700312,473.00
1583700313,473.00
1583700314,473.00
1583700315,473.00
1583700316,473.00
1583700317,473.00
1583700318,473.00
1583700319,473.00
1583700320,473.00
1583700321,473.00
1583700322,474.00
1583700323,474.00
1583700324,474.00
1583700325,474.00
1583700326,473.00
1583700327,473.00
1583700328,473.00
1583700329,473.00
1583700330,473.00
1583700331,473.00
1583700332,472.00
1583700333,472.00
1583700334,472.00
1583700335,472.00
1583700336,472.00
1583700337,472.00
1583700338,472.00
1583700339,472.00
1583700340,472.00
1583700341,472.00
1583700342,472.00
1583700343,473.00
1583700344,473.00
1583700345,473.00
1583700346,473.00
1583700347,473.00
1583700348,473.00
1583700349,473.00
1583700350,473.00
1583700351,473.00
1583700352,473.00
1583700353,474.00
1583700354,474.00
1583700355,474.00
1583700356,474.00
1583700357,473.00
1583700358,473.00
1583700359,473.00
1583700360,473.00
1583700361,473.00
1583700362,472.00
1583700363,472.00
1583700364,471.00
1583700365,471.00
1583700366,470.00
1583700367,470.00
1583700368,470.00
1583700369,470.00
1583700370,470.00
1583700371,470.00
1583700372,470.00
1583700373,470.00
1583700374,470.00
1583700375,470.00
1583700376,470.00
1583700377,470.00
1583700378,470.00
1583700379,470.00
1583700380,470.00
1583700381,470.00
1583700382,470.00
1583700383,470.00
1583700384,470.00
1583700385,470.00
1583700386,470.00
1583700387,471.00
1583700388,471.00
1583700389,471.00
1583700390,471.00
1583700391,471.00
1583700392,472.00
1583700393,472.00
1583700394,472.00
1583700395,472.00
1583700396,472.00
1583700397,471.00
1583700398,471.00
1583700399,471.00
1583700400,471.00
1583700401,471.00
1583700402,471.00
1583700403,471.00
1583700404,471.00
1583700405,471.00
1583700406,471.00
1583700407,471.00
1583700408,471.00
1583700409,472.00
1583700410,472.00
1583700411,472.00
1583700412,472.00
1583700413,472.00
1583700414,472.00
1583700415,472.00
1583700416,472.00
1583700417,472.00
1583700418,472.00
1583700419,473.00
1583700420,473.00
1583700421,473.00
1583700422,473.00
1583700423,473.00
1583700424,473.00
1583700425,473.00
1583700426,473.00
1583700427,473.00
1583700428,473.00
1583700429,473.00
1583700430,473.00
1583700431,474.00
1583700432,474.00
1583700433,474.00
1583700434,473.00
1583700435,473.00
1583700436,473.00
1583700437,473.00
1583700438,473.00
1583700439,473.00
1583700440,473.00
1583700441,473.00
1583700442,473.00
1583700443,474.00
1583700444,474.00
1583700445,474.00
1583700446,474.00
1583700447,474.00
1583700448,474.00
1583700449,474.00
1583700450,474.00
1583700451,474.00
1583700452,473.00
1583700453,473.00
1583700454,473.00
1583700455,473.00
1583700456,473.00
1583700457,473.00
1583700458,473.00
1583700459,473.00
1583700460,473.00
1583700461,473.00
1583700462,473.00
1583700463,472.00
1583700464,472.00
1583700465,472.00
1583700466,472.00
1583700467,472.00
1583700468,472.00
1583700469,472.00
1583700470,472.00
1583700471,472.00
1583700472,472.00
1583700473,472.00
1583700474,472.00
1583700475,472.00
1583700476,472.00
1583700477,472.00
1583700478,472.00
1583700479,472.00
1583700480,472.00
1583700481,472.00
1583700482,472.00
1583700483,473.00
1583700484,473.00
1583700485,473.00
1583700486,473.00
1583700487,472.00
1583700488,472.00
1583700489,472.00
1583700490,472.00
1583700491,472.00
1583700492,472.00
1583700493,472.00
1583700494,472.00
1583700495,472.00
1583700496,472.00
1583700497,471.00
1583700498,471.00
1583700499,471.00
1583700500,471.00
1583700501,472.00
1583700502,472.00
1583700503,472.00
1583700504,472.00
1583700505,472.00
1583700506,472.00
1583700507,472.00
1583700508,472.00
1583700509,472.00
1583700510,472.00
1583700511,472.00
1583700512,472.00
1583700513,471.00
1583700514,471.00
1583700515,471.00
1583700516,471.00
1583700517,471.00
1583700518,470.00
1583700519,470.00
1583700520,470.00
1583700521,470.00
1583700522,471.00
1583700523,471.00
1583700524,471.00
1583700525,471.00
1583700526,471.00
1583700527,471.00
1583700528,471.00
1583700529,471.00
1583700530,471.00
1583700531,471.00
1583700532,471.00
1583700533,471.00
1583700534,471.00
1583700535,471.00
1583700536,471.00
1583700537,471.00
1583700538,471.00
1583700539,470.00
1583700540,470.00
1583700541,470.00
1583700542,470.00
1583700543,470.00
1583700544,470.00
1583700545,470.00
1583700546,470.00
1583700547,471.00
1583700548,471.00
1583700549,471.00
1583700550,471.00
1583700551,471.00
1583700552,472.00
1583700553,472.00
1583700554,472.00
1583700555,472.00
1583700556,472.00
1583700557,472.00
1583700558,472.00
1583700559,472.00
1583700560,471.00
1583700561,471.00
1583700562,471.00
1583700563,471.00
1583700564,471.00
1583700565,472.00
1583700566,472.00
1583700567,472.00
1583700568,472.00
1583700569,472.00
1583700570,472.00
1583700571,471.00
1583700572,471.00
1583700573,470.00
1583700574,470.00
1583700575,470.00
1583700576,470.00
1583700577,470.00
1583700578,471.00
1583700579,471.00
1583700580,471.00
1583700581,470.00
1583700582,470.00
1583700583,470.00
1583700584,470.00
1583700585,470.00
1583700586,470.00
1583700587,470.00
1583700588,470.00
1583700589,470.00
1583700590,470.00
1583700591,470.00
1583700592,470.00
1583700593,470.00
1583700594,470.00
1583700595,471.00
1583700596,471.00
1583700597,471.00
1583700598,471.00
1583700599,471.00
1583700600,471.00
1583700601,471.00
1583700602,470.00
1583700603,470.00
1583700604,469.00
1583700605,469.00
1583700606,469.00
1583700607,469.00
1583700608,469.00
1583700609,470.00
1583700610,470.00
1583700611,470.00
1583700612,470.00
1583700613,470.00
1583700614,470.00
1583700615,470.00
1583700616,470.00
1583700617,470.00
1583700618,470.00
1583700619,470.00
1583700620,470.00
1583700621,470.00
1583700622,470.00
1583700623,471.00
1583700624,470.00
1583700625,470.00
1583700626,470.00
1583700627,470.00
1583700628,470.00
1583700629,470.00
1583700630,469.00
1583700631,469.00
1583700632,469.00
1583700633,469.00
1583700634,469.00
1583700635,469.00
1583700636,470.00
1583700637,470.00
1583700638,470.00
1583700639,470.00
1583700640,470.00
1583700641,470.00
1583700642,470.00
1583700643,470.00
1583700644,470.00
1583700645,470.00
1583700646,470.00
1583700647,470.00
1583700648,470.00
1583700649,470.00
1583700650,470.00
1583700651,470.00
1583700652,470.00
1583700653,470.00
1583700654,470.00
1583700655,470.00
1583700656,470.00
1583700657,470.00
1583700658,470.00
1583700659,469.00
1583700660,469.00
1583700661,469.00
1583700662,469.00
1583700663,469.00
1583700664,469.00
1583700665,469.00
1583700666,469.00
1583700667,469.00
1583700668,469.00
1583700669,469.00
1583700670,470.00
1583700671,470.00
1583700672,470.00
1583700673,470.00
1583700674,470.00
1583700675,470.00
1583700676,470.00
1583700677,470.00
1583700678,470.00
1583700679,470.00
1583700680,470.00
1583700681,470.00
1583700682,470.00
1583700683,471.00
1583700684,471.00
1583700685,471.00
1583700686,470.00
1583700687,470.00
1583700688,470.00
1583700689,471.00
1583700690,471.00
1583700691,471.00
1583700692,471.00
1583700693,471.00
1583700694,470.00
1583700695,470.00
1583700696,470.00
1583700697,470.00
1583700698,470.00
1583700699,470.00
1583700700,470.00
1583700701,470.00
1583700702,470.00
1583700703,470.00
1583700704,470.00
1583700705,471.00
1583700706,471.00
1583700707,471.00
1583700708,471.00
1583700709,471.00
1583700710,471.00
1583700711,470.00
1583700712,470.00
1583700713,470.00
1583700714,469.00
1583700715,469.00
1583700716,469.00
1583700717,469.00
1583700718,469.00
1583700719,469.00
1583700720,469.00
1583700721,469.00
1583700722,469.00
1583700723,469.00
1583700724,469.00
1583700725,468.00
1583700726,468.00
1583700727,468.00
1583700728,468.00
1583700729,468.00
1583700730,469.00
1583700731,469.00
1583700732,469.00
1583700733,468.00
1583700734,468.00
1583700735,468.00
1583700736,468.00
1583700737,468.00
1583700738,468.00
1583700739,468.00
1583700740,468.00
1583700741,468.00
1583700742,468.00
1583700743,468.00
1583700744,468.00
1583700745,468.00
1583700746,468.00
1583700747,468.00
1583700748,469.00
1583700749,469.00
1583700750,468.00
1583700751,468.00
1583700752,468.00
1583700753,468.00
1583700754,468.00
1583700755,468.00
1583700756,468.00
1583700757,468.00
1583700758,468.00
1583700759,468.00
1583700760,468.00
1583700761,468.00
1583700762,468.00
1583700763,468.00
1583700764,469.00
1583700765,469.00
1583700766,469.00
1583700767,470.00
1583700768,470.00
1583700769,470.00
1583700770,470.00
1583700771,470.00
1583700772,470.00
1583700773,470.00
1583700774,470.00
1583700775,470.00
1583700776,469.00
1583700777,469.00
1583700778,469.00
1583700779,469.00
1583700780,468.00
1583700781,468.00
1583700782,468.00
1583700783,468.00
1583700784,468.00
1583700785,469.00
1583700786,469.00
1583700787,469.00
1583700788,469.00
1583700789,470.00
1583700790,470.00
1583700791,470.00
1583700792,470.00
1583700793,471.00
1583700794,471.00
1583700795,471.00
1583700796,471.00
1583700797,470.00
1583700798,470.00
1583700799,470.00
1583700800,470.00
1583700801,470.00
1583700802,470.00
1583700803,470.00
1583700804,470.00
1583700805,470.00
1583700806,470.00
1583700807,470.00
1583700808,471.00
1583700809,471.00
1583700810,471.00
1583700811,470.00
1583700812,470.00
1583700813,470.00
1583700814,470.00
1583700815,470.00
1583700816,470.00
1583700817,471.00
1583700818,471.00
1583700819,471.00
1583700820,471.00
1583700821,471.00
1583700822,471.00
1583700823,471.00
1583700824,472.00
1583700825,472.00
1583700826,472.00
1583700827,471.00
1583700828,471.00
1583700829,471.00
1583700830,471.00
1583700831,471.00
1583700832,471.00
1583700833,471.00
1583700834,471.00
1583700835,470.00
1583700836,470.00
1583700837,470.00
1583700838,470.00
1583700839,470.00
1583700840,470.00
1583700841,470.00
1583700842,470.00
1583700843,470.00
1583700844,470.00
1583700845,470.00
1583700846,470.00
1583700847,470.00
1583700848,471.00
1583700849,471.00
1583700850,471.00
1583700851,472.00
1583700852,472.00
1583700853,472.00
1583700854,472.00
1583700855,473.00
1583700856,473.00
1583700857,472.00
1583700858,472.00
1583700859,472.00
1583700860,472.00
1583700861,472.00
1583700862,472.00
1583700863,472.00
1583700864,472.00
1583700865,472.00
1583700866,472.00
1583700867,472.00
1583700868,472.00
1583700869,472.00
1583700870,472.00
1583700871,472.00
1583700872,471.00
1583700873,471.00
1583700874,471.00
1583700875,471.00
1583700876,470.00
1583700877,470.00
1583700878,470.00
1583700879,470.00
1583700880,470.00
1583700881,470.00
1583700882,470.00
1583700883,470.00
1583700884,470.00
1583700885,470.00
1583700886,471.00
1583700887,471.00
1583700888,471.00
1583700889,471.00
1583700890,471.00
1583700891,471.00
1583700892,472.00
1583700893,472.00
1583700894,472.00
1583700895,472.00
1583700896,472.00
1583700897,472.00
1583700898,472.00
1583700899,473.00
1583700900,472.00
1583700901,472.00
1583700902,472.00
1583700903,471.00
1583700904,471.00
1583700905,471.00
1583700906,471.00
1583700907,471.00
1583700908,471.00
1583700909,471.00
1583700910,471.00
1583700911,471.00
1583700912,471.00
1583700913,471.00
1583700914,471.00
1583700915,471.00
1583700916,471.00
1583700917,471.00
1583700918,471.00
1583700919,471.00
1583700920,471.00
1583700921,471.00
1583700922,471.00
1583700923,471.00
1583700924,471.00
1583700925,471.00
1583700926,471.00
1583700927,471.00
1583700928,471.00
1583700929,470.00
1583700930,470.00
1583700931,470.00
1583700932,470.00
1583700933,470.00
1583700934,470.00
1583700935,470.00
1583700936,470.00
1583700937,470.00
1583700938,470.00
1583700939,470.00
1583700940,470.00
1583700941,470.00
1583700942,470.00
1583700943,470.00
1583700944,470.00
1583700945,470.00
1583700946,470.00
1583700947,470.00
1583700948,470.00
1583700949,470.00
1583700950,470.00
1583700951,470.00
1583700952,470.00
1583700953,470.00
1583700954,470.00
1583700955,470.00
1583700956,470.00
1583700957,470.00
1583700958,469.00
1583700959,469.00
1583700960,469.00
1583700961,469.00
1583700962,469.00
1583700963,469.00
1583700964,469.00
1583700965,470.00
1583700966,470.00
1583700967,470.00
1583700968,470.00
1583700969,470.00
1583700970,470.00
1583700971,470.00
1583700972,470.00
1583700973,470.00
1583700974,470.00
1583700975,470.00
1583700976,470.00
1583700977,470.00
1583700978,470.00
1583700979,470.00
1583700980,470.00
1583700981,470.00
1583700982,470.00
1583700983,470.00
1583700984,471.00
1583700985,471.00
1583700986,471.00
1583700987,471.00
1583700988,471.00
1583700989,471.00
1583700990,470.00
1583700991,470.00
1583700992,470.00
1583700993,470.00
1583700994,470.00
1583700995,470.00
1583700996,470.00
1583700997,470.00
1583700998,470.00
1583700999,470.00
1583701000,470.00
1583701001,471.00
1583701002,471.00
1583701003,471.00
1583701004,471.00
1583701005,471.00
1583701006,471.00
1583701007,471.00
1583701008,471.00
1583701009,471.00
1583701010,471.00
1583701011,471.00
1583701012,471.00
1583701013,471.00
1583701014,471.00
1583701015,471.00
1583701016,471.00
1583701017,471.00
1583701018,471.00
1583701019,470.00
1583701020,470.00
1583701021,470.00
1583701022,469.00
1583701023,469.00
1583701024,469.00
1583701025,469.00
1583701026,469.00
1583701027,470.00
1583701028,470.00
1583701029,470.00
1583701030,470.00
1583701031,470.00
1583701032,470.00
1583701033,470.00
1583701034,470.00
1583701035,470.00
1583701036,470.00
1583701037,470.00
1583701038,470.00
1583701039,470.00
1583701040,470.00
1583701041,470.00
1583701042,470.00
1583701043,470.00
1583701044,470.00
1583701045,470.00
1583701046,470.00
1583701047,470.00
1583701048,470.00
1583701049,470.00
1583701050,470.00
1583701051,470.00
1583701052,470.00
1583701053,470.00
1583701054,470.00
1583701055,470.00
1583701056,470.00
1583701057,470.00
1583701058,471.00
1583701059,471.00
1583701060,470.00
1583701061,470.00
1583701062,470.00
1583701063,470.00
1583701064,470.00
1583701065,470.00
1583701066,470.00
1583701067,470.00
1583701068,470.00
1583701069,470.00
1583701070,471.00
1583701071,471.00
1583701072,471.00
1583701073,471.00
1583701074,471.00
1583701075,471.00
1583701076,471.00
1583701077,471.00
1583701078,472.00
1583701079,472.00
1583701080,472.00
1583701081,473.00
1583701082,473.00
1583701083,473.00
1583701084,473.00
1583701085,473.00
1583701086,473.00
1583701087,472.00
1583701088,472.00
1583701089,472.00
1583701090,471.00
1583701091,471.00
1583701092,471.00
1583701093,470.00
1583701094,470.00
1583701095,470.00
1583701096,470.00
1583701097,470.00
1583701098,470.00
1583701099,470.00
1583701100,470.00
1583701101,470.00
1583701102,470.00
1583701103,470.00
1583701104,470.00
1583701105,470.00
1583701106,470.00
1583701107,470.00
1583701108,470.00
1583701109,470.00
1583701110,470.00
1583701111,470.00
1583701112,470.00
1583701113,470.00
1583701114,470.00
1583701115,470.00
1583701116,470.00
1583701117,470.00
1583701118,471.00
1583701119,471.00
1583701120,471.00
1583701121,471.00
1583701122,471.00
1583701123,470.00
1583701124,470.00
1583701125,470.00
1583701126,470.00
1583701127,469.00
1583701128,469.00
1583701129,469.00
1583701130,469.00
1583701131,469.00
1583701132,469.00
1583701133,469.00
1583701134,469.00
1583701135,469.00
1583701136,469.00
1583701137,469.00
1583701138,469.00
1583701139,469.00
1583701140,469.00
1583701141,469.00
1583701142,469.00
1583701143,469.00
1583701144,469.00
1583701145,469.00
1583701146,469.00
1583701147,468.00
1583701148,468.00
1583701149,468.00
1583701150,468.00
1583701151,468.00
1583701152,468.00
1583701153,469.00
1583701154,469.00
1583701155,469.00
1583701156,469.00
1583701157,469.00
1583701158,469.00
1583701159,470.00
1583701160,470.00
1583701161,470.00
1583701162,470.00
1583701163,471.00
1583701164,471.00
1583701165,471.00
1583701166,471.00
1583701167,470.00
1583701168,470.00
1583701169,470.00
1583701170,470.00
1583701171,470.00
1583701172,470.00
1583701173,470.00
1583701174,470.00
1583701175,470.00
1583701176,470.00
1583701177,470.00
1583701178,470.00
1583701179,470.00
1583701180,470.00
1583701181,470.00
1583701182,470.00
1583701183,470.00
1583701184,470.00
1583701185,470.00
1583701186,470.00
1583701187,470.00
1583701188,470.00
1583701189,470.00
1583701190,470.00
1583701191,470.00
1583701192,470.00
1583701193,470.00
1583701194,470.00
1583701195,470.00
1583701196,470.00
1583701197,470.00
1583701198,470.00
1583701199,471.00
1583701200,471.00
1583701201,471.00
1583701202,471.00
