Licor unixtime,LiCor time (Sec),LiCor conc (ppm),SCD unixtime,SCD time (sec),SCD 1 (ppm),SCD 2 (ppm),SCD 3 (ppm),SCD 4 (ppm)
1635306276,0,458,1635306276,0,442,440,458,457
1635306277,1,460,1635306279,3,457,457,458,457
1635306278,2,460,1635306282,6,457,458,458,456
1635306279,3,456,1635306285,9,457,457,458,456
1635306280,4,458,1635306288,12,458,458,457,456
1635306281,5,456,1635306291,15,457,457,458,457
1635306282,6,460,1635306294,18,458,457,458,456
1635306283,7,458,1635306297,21,458,457,457,456
1635306284,8,458,1635306300,24,458,456,457,457
1635306285,9,460,1635306303,27,457,456,457,457
1635306286,10,456,1635306306,30,458,456,457,457
1635306287,11,460,1635306309,33,458,455,457,458
1635306288,12,454,1635306312,36,458,455,457,458
1635306289,13,456,1635306315,39,458,455,457,459
1635306290,14,456,1635306318,42,457,455,457,459
1635306291,15,454,1635306321,45,458,454,457,460
1635306292,16,458,1635306324,48,458,455,457,460
1635306293,17,456,1635306327,51,458,455,457,460
1635306294,18,458,1635306330,54,458,455,456,460
1635306295,19,456,1635306333,57,458,455,456,460
1635306296,20,456,1635306336,60,458,454,456,459
1635306297,21,458,1635306339,63,458,453,456,460
1635306298,22,454,1635306342,66,457,453,455,459
1635306299,23,456,1635306345,69,457,453,454,459
1635306300,24,456,1635306348,72,457,452,454,458
1635306301,25,454,1635306351,75,458,453,455,458
1635306302,26,460,1635306354,78,458,453,454,458
1635306303,27,456,1635306357,81,458,453,455,458
1635306304,28,456,1635306360,84,458,453,455,458
1635306305,29,454,1635306363,87,457,453,454,458
1635306306,30,454,1635306366,90,457,453,455,457
1635306307,31,454,1635306369,93,457,453,455,458
1635306308,32,454,1635306372,96,456,453,454,458
1635306309,33,456,1635306375,99,456,452,453,458
1635306310,34,454,1635306378,102,456,453,453,458
1635306311,35,456,1635306381,105,456,452,453,459
1635306312,36,456,1635306384,108,456,453,453,460
1635306313,37,456,1635306387,111,456,453,454,459
1635306314,38,456,1635306390,114,455,453,454,459
1635306315,39,456,1635306393,117,455,452,453,459
1635306316,40,458,1635306396,120,454,452,453,459
1635306317,41,458,1635306399,123,454,452,453,458
1635306318,42,458,1635306402,126,454,452,453,459
1635306319,43,456,1635306405,129,454,451,453,459
1635306320,44,458,1635306408,132,455,451,453,459
1635306321,45,456,1635306411,135,455,451,453,458
1635306322,46,454,1635306414,138,455,450,454,458
1635306323,47,454,1635306417,141,455,450,454,459
1635306324,48,456,1635306420,144,454,450,457,460
1635306325,49,456,1635306423,147,454,451,457,460
1635306326,50,454,1635306426,150,454,451,457,460
1635306327,51,460,1635306429,153,453,450,458,460
1635306328,52,454,1635306432,156,454,450,458,461
1635306329,53,458,1635306435,159,454,450,458,461
1635306330,54,454,1635306438,162,454,449,458,462
1635306331,55,452,1635306441,165,455,449,459,460
1635306332,56,454,1635306444,168,455,448,459,461
1635306333,57,456,1635306447,171,455,447,459,460
1635306334,58,456,1635306450,174,454,448,459,460
1635306335,59,452,1635306453,177,454,448,458,460
1635306336,60,456,1635306456,180,454,448,459,461
1635306337,61,454,1635306459,183,454,447,458,461
1635306338,62,454,1635306462,186,453,448,458,461
1635306339,63,452,1635306465,189,453,448,458,461
1635306340,64,454,1635306468,192,453,449,457,461
1635306341,65,456,1635306471,195,453,448,457,461
1635306342,66,454,1635306474,198,453,449,457,461
1635306343,67,454,1635306477,201,452,449,457,461
1635306344,68,456,1635306480,204,452,449,458,461
1635306345,69,454,1635306483,207,451,450,458,462
1635306346,70,452,1635306486,210,452,450,457,462
1635306347,71,456,1635306489,213,452,449,457,462
1635306348,72,452,1635306492,216,452,449,457,461
1635306349,73,452,1635306495,219,452,449,458,461
1635306350,74,452,1635306498,222,451,449,458,461
1635306351,75,452,1635306501,225,450,449,457,461
1635306352,76,450,1635306504,228,451,448,458,461
1635306353,77,454,1635306507,231,450,448,459,461
1635306354,78,454,1635306510,234,451,448,459,460
1635306355,79,454,1635306513,237,451,448,458,461
1635306356,80,454,1635306516,240,451,447,459,461
1635306357,81,452,1635306519,243,451,448,459,461
1635306358,82,456,1635306522,246,452,448,459,461
1635306359,83,456,1635306525,249,451,448,458,462
1635306360,84,456,1635306528,252,451,447,458,463
1635306361,85,454,1635306531,255,451,447,457,463
1635306362,86,454,1635306534,258,451,447,456,463
1635306363,87,452,1635306537,261,450,446,457,463
1635306364,88,454,1635306540,264,450,447,457,462
1635306365,89,454,1635306543,267,450,446,456,463
1635306366,90,452,1635306546,270,450,447,457,463
1635306367,91,450,1635306549,273,450,446,457,463
1635306368,92,452,1635306552,276,450,447,457,463
1635306369,93,456,1635306555,279,449,446,456,464
1635306370,94,452,1635306558,282,449,447,456,464
1635306371,95,454,1635306561,285,450,447,456,465
1635306372,96,454,1635306564,288,450,447,456,465
1635306373,97,452,1635306567,291,450,449,456,465
1635306374,98,454,1635306570,294,450,449,457,465
1635306375,99,454,1635306573,297,450,448,457,465
1635306376,100,454,1635306576,300,450,448,458,465
1635306377,101,454,1635306579,303,451,447,458,465
1635306378,102,452,1635306582,306,451,447,459,464
1635306379,103,452,1635306585,309,452,446,459,464
1635306380,104,456,1635306588,312,451,446,458,464
1635306381,105,456,1635306591,315,451,446,458,464
1635306382,106,454,1635306594,318,451,446,459,464
1635306383,107,452,1635306597,321,451,446,458,464
1635306384,108,454,1635306600,324,450,446,458,465
1635306385,109,454,1635306603,327,451,446,458,464
1635306386,110,452,1635306606,330,451,447,458,465
1635306387,111,456,1635306609,333,451,447,458,465
1635306388,112,452,1635306612,336,452,446,458,465
1635306389,113,456,1635306615,339,452,447,458,465
1635306390,114,452,1635306618,342,452,446,458,465
1635306391,115,454,1635306621,345,452,446,459,465
1635306392,116,452,1635306624,348,452,446,459,466
1635306393,117,456,1635306627,351,452,448,458,465
1635306394,118,452,1635306630,354,451,448,458,465
1635306395,119,456,1635306633,357,452,448,457,464
1635306396,120,454,1635306636,360,451,455,464,464
1635306397,121,452,1635306639,363,466,464,481,474
1635306398,122,454,1635306642,366,478,500,511,485
1635306399,123,454,1635306645,369,504,566,810,520
1635306400,124,454,1635306648,372,777,872,1016,587
1635306401,125,454,1635306651,375,981,872,1018,756
1635306402,126,454,1635306654,378,958,875,987,909
1635306403,127,454,1635306657,381,903,857,970,885
1635306404,128,454,1635306660,384,882,840,868,844
1635306405,129,454,1635306663,387,860,820,780,819
1635306406,130,456,1635306666,390,759,806,720,791
1635306407,131,452,1635306669,393,702,793,692,647
1635306408,132,452,1635306672,396,675,701,611,625
1635306409,133,454,1635306675,399,644,650,588,576
1635306410,134,454,1635306678,402,621,602,554,559
1635306411,135,452,1635306681,405,577,594,541,544
1635306412,136,454,1635306684,408,560,590,522,531
1635306413,137,452,1635306687,411,544,568,521,524
1635306414,138,452,1635306690,414,532,568,511,507
1635306415,139,456,1635306693,417,524,558,509,502
1635306416,140,454,1635306696,420,518,549,502,502
1635306417,141,456,1635306699,423,512,541,497,499
1635306418,142,454,1635306702,426,509,531,495,499
1635306419,143,454,1635306705,429,506,526,489,494
1635306420,144,456,1635306708,432,500,511,487,493
1635306421,145,454,1635306711,435,499,506,484,492
1635306422,146,454,1635306714,438,497,504,482,490
1635306423,147,454,1635306717,441,492,493,480,489
1635306424,148,452,1635306720,444,490,489,479,485
1635306425,149,456,1635306723,447,489,482,477,487
1635306426,150,454,1635306726,450,487,478,476,486
1635306427,151,458,1635306729,453,485,474,475,486
1635306428,152,458,1635306732,456,480,471,474,486
1635306429,153,456,1635306735,459,478,469,474,484
1635306430,154,454,1635306738,462,477,469,474,483
1635306431,155,452,1635306741,465,474,468,473,484
1635306432,156,452,1635306744,468,473,468,470,481
1635306433,157,456,1635306747,471,472,470,469,480
1635306434,158,456,1635306750,474,470,470,468,478
1635306435,159,452,1635306753,477,467,469,467,480
1635306436,160,456,1635306756,480,466,468,465,478
1635306437,161,454,1635306759,483,464,469,465,476
1635306438,162,452,1635306762,486,463,469,465,475
1635306439,163,456,1635306765,489,463,469,465,474
1635306440,164,452,1635306768,492,462,467,465,474
1635306441,165,454,1635306771,495,462,466,464,475
1635306442,166,452,1635306774,498,461,467,463,474
1635306443,167,456,1635306777,501,461,465,463,473
1635306444,168,452,1635306780,504,461,464,462,473
1635306445,169,452,1635306783,507,461,464,463,473
1635306446,170,452,1635306786,510,461,462,462,473
1635306447,171,454,1635306789,513,461,461,462,471
1635306448,172,454,1635306792,516,461,459,462,470
1635306449,173,452,1635306795,519,461,458,463,469
1635306450,174,454,1635306798,522,460,458,462,468
1635306451,175,452,1635306801,525,460,458,461,467
1635306452,176,454,1635306804,528,461,458,461,467
1635306453,177,452,1635306807,531,460,458,460,467
1635306454,178,452,1635306810,534,460,458,459,466
1635306455,179,454,1635306813,537,459,458,459,466
1635306456,180,450,1635306816,540,458,458,458,466
1635306457,181,452,1635306819,543,458,458,458,466
1635306458,182,450,1635306822,546,458,457,458,465
1635306459,183,452,1635306825,549,458,458,458,464
1635306460,184,450,1635306828,552,457,458,457,465
1635306461,185,454,1635306831,555,457,458,458,465
1635306462,186,450,1635306834,558,457,457,457,466
1635306463,187,454,1635306837,561,456,457,457,466
1635306464,188,452,1635306840,564,456,457,457,466
1635306465,189,456,1635306843,567,456,457,456,467
1635306466,190,452,1635306846,570,456,458,457,467
1635306467,191,450,1635306849,573,456,458,456,467
1635306468,192,452,1635306852,576,455,457,456,467
1635306469,193,452,1635306855,579,455,457,456,467
1635306470,194,454,1635306858,582,454,458,457,467
1635306471,195,452,1635306861,585,455,457,457,466
1635306472,196,452,1635306864,588,455,458,458,466
1635306473,197,454,1635306867,591,454,459,458,466
1635306474,198,454,1635306870,594,454,458,458,466
1635306475,199,452,1635306873,597,454,458,458,466
1635306476,200,454,1635306876,600,453,457,458,467
1635306477,201,452,1635306879,603,453,458,457,467
1635306478,202,452,1635306882,606,452,457,457,466
1635306479,203,452,1635306885,609,452,457,457,467
1635306480,204,454,1635306888,612,453,458,458,466
1635306481,205,454,1635306891,615,453,457,458,465
1635306482,206,452,1635306894,618,452,458,457,465
1635306483,207,452,1635306897,621,452,458,457,465
1635306484,208,450,1635306900,624,451,457,458,465
1635306485,209,452,1635306903,627,452,458,459,465
1635306486,210,452,1635306906,630,452,458,459,465
1635306487,211,452,1635306909,633,452,458,459,465
1635306488,212,450,1635306912,636,452,457,459,465
1635306489,213,454,1635306915,639,452,457,458,465
1635306490,214,452,1635306918,642,452,457,458,464
1635306491,215,452,1635306921,645,452,456,459,464
1635306492,216,452,1635306924,648,453,456,457,463
1635306493,217,454,1635306927,651,453,456,458,462
1635306494,218,456,1635306930,654,453,455,458,462
1635306495,219,452,1635306933,657,453,455,458,462
1635306496,220,456,1635306936,660,453,455,458,462
1635306497,221,454,1635306939,663,452,456,458,462
1635306498,222,454,1635306942,666,454,454,458,473
1635306499,223,454,1635306945,669,463,473,467,483
1635306500,224,454,1635306948,672,498,499,486,520
1635306501,225,454,1635306951,675,555,692,508,589
1635306502,226,454,1635306954,678,741,811,741,963
1635306503,227,452,1635306957,681,884,843,903,973
1635306504,228,454,1635306960,684,880,825,935,960
1635306505,229,456,1635306963,687,871,817,910,925
1635306506,230,454,1635306966,690,845,797,883,910
1635306507,231,452,1635306969,693,826,788,820,767
1635306508,232,452,1635306972,696,799,773,785,652
1635306509,233,454,1635306975,699,713,750,595,626
1635306510,234,452,1635306978,702,618,738,595,560
1635306511,235,456,1635306981,705,608,651,573,559
1635306512,236,450,1635306984,708,583,618,567,550
1635306513,237,454,1635306987,711,568,589,553,541
1635306514,238,452,1635306990,714,552,552,549,528
1635306515,239,452,1635306993,717,542,549,542,518
1635306516,240,452,1635306996,720,540,533,541,511
1635306517,241,450,1635306999,723,531,529,529,508
1635306518,242,450,1635307002,726,526,527,527,503
1635306519,243,454,1635307005,729,518,520,516,501
1635306520,244,454,1635307008,732,513,517,511,499
1635306521,245,452,1635307011,735,510,506,506,497
1635306522,246,450,1635307014,738,508,500,492,495
1635306523,247,454,1635307017,741,503,496,486,490
1635306524,248,452,1635307020,744,501,491,478,488
1635306525,249,452,1635307023,747,501,486,477,483
1635306526,250,452,1635307026,750,494,481,467,483
1635306527,251,452,1635307029,753,491,480,464,481
1635306528,252,452,1635307032,756,488,476,462,477
1635306529,253,454,1635307035,759,486,471,460,476
1635306530,254,452,1635307038,762,485,470,463,474
1635306531,255,454,1635307041,765,482,470,462,472
1635306532,256,452,1635307044,768,479,471,463,473
1635306533,257,452,1635307047,771,478,469,464,473
1635306534,258,452,1635307050,774,475,468,463,471
1635306535,259,454,1635307053,777,474,467,462,471
1635306536,260,450,1635307056,780,473,467,463,470
1635306537,261,450,1635307059,783,468,468,466,470
1635306538,262,456,1635307062,786,466,469,466,470
1635306539,263,452,1635307065,789,464,468,465,468
1635306540,264,454,1635307068,792,459,468,464,469
1635306541,265,458,1635307071,795,459,467,464,469
1635306542,266,456,1635307074,798,458,466,464,469
1635306543,267,452,1635307077,801,458,464,465,467
1635306544,268,454,1635307080,804,457,462,465,467
1635306545,269,454,1635307083,807,457,462,464,467
1635306546,270,454,1635307086,810,456,461,465,467
1635306547,271,454,1635307089,813,456,461,467,467
1635306548,272,454,1635307092,816,457,461,466,467
1635306549,273,454,1635307095,819,456,462,465,466
1635306550,274,454,1635307098,822,456,461,464,465
1635306551,275,454,1635307101,825,455,461,463,465
1635306552,276,450,1635307104,828,456,460,464,465
1635306553,277,454,1635307107,831,456,460,464,464
1635306554,278,456,1635307110,834,456,460,463,463
1635306555,279,452,1635307113,837,455,458,463,461
1635306556,280,454,1635307116,840,455,459,464,460
1635306557,281,454,1635307119,843,455,458,465,461
1635306558,282,603,1635307122,846,455,457,464,463
1635306559,283,503,1635307125,849,454,457,464,463
1635306560,284,464,1635307128,852,455,457,463,462
1635306561,285,458,1635307131,855,455,456,463,461
1635306562,286,452,1635307134,858,455,456,461,461
1635306563,287,452,1635307137,861,455,456,461,460
1635306564,288,452,1635307140,864,456,457,462,460
1635306565,289,452,1635307143,867,455,458,462,460
1635306566,290,454,1635307146,870,455,458,462,459
1635306567,291,450,1635307149,873,454,459,462,458
1635306568,292,454,1635307152,876,454,458,462,458
1635306569,293,450,1635307155,879,454,458,463,458
1635306570,294,452,1635307158,882,453,459,462,459
1635306571,295,452,1635307161,885,453,459,461,458
1635306572,296,452,1635307164,888,454,458,460,457
1635306573,297,454,1635307167,891,453,459,459,456
1635306574,298,452,1635307170,894,453,459,459,456
1635306575,299,456,1635307173,897,453,459,459,457
1635306576,300,452,1635307176,900,453,459,459,456
1635306577,301,454,1635307179,903,452,459,460,456
1635306578,302,452,1635307182,906,452,458,460,456
1635306579,303,452,1635307185,909,452,459,460,456
1635306580,304,452,1635307188,912,452,459,460,456
1635306581,305,454,1635307191,915,452,459,460,457
1635306582,306,454,1635307194,918,452,460,460,457
1635306583,307,452,1635307197,921,451,460,461,458
1635306584,308,454,1635307200,924,451,460,460,458
1635306585,309,454,1635307203,927,451,460,460,457
1635306586,310,452,1635307206,930,451,460,459,456
1635306587,311,450,1635307209,933,452,460,460,456
1635306588,312,452,1635307212,936,452,460,459,456
1635306589,313,450,1635307215,939,452,459,459,456
1635306590,314,450,1635307218,942,452,459,458,457
1635306591,315,452,1635307221,945,452,459,457,455
1635306592,316,454,1635307224,948,452,460,457,455
1635306593,317,452,1635307227,951,452,460,458,456
1635306594,318,454,1635307230,954,452,461,467,457
1635306595,319,452,1635307233,957,476,490,514,475
1635306596,320,454,1635307236,960,497,528,563,553
1635306597,321,452,1635307239,963,533,919,998,685
1635306598,322,448,1635307242,966,903,1150,1264,1201
1635306599,323,454,1635307245,969,1137,1158,1174,1177
1635306600,324,454,1635307248,972,1095,1125,1101,1129
1635306601,325,452,1635307251,975,1067,1102,933,1029
1635306602,326,452,1635307254,978,1024,1040,907,928
1635306603,327,452,1635307257,981,838,953,821,733
1635306604,328,452,1635307260,984,795,738,766,701
1635306605,329,450,1635307263,987,746,669,663,671
1635306606,330,454,1635307266,990,630,650,634,611
1635306607,331,456,1635307269,993,589,626,600,590
1635306608,332,450,1635307272,996,556,616,577,577
1635306609,333,450,1635307275,999,532,605,543,565
1635306610,334,454,1635307278,1002,521,575,519,553
1635306611,335,450,1635307281,1005,515,550,511,530
1635306612,336,450,1635307284,1008,500,478,497,517
1635306613,337,452,1635307287,1011,497,483,488,507
1635306614,338,452,1635307290,1014,493,473,480,507
1635306615,339,452,1635307293,1017,485,461,481,505
1635306616,340,454,1635307296,1020,479,458,475,490
1635306617,341,454,1635307299,1023,477,455,475,482
1635306618,342,452,1635307302,1026,476,455,473,476
1635306619,343,450,1635307305,1029,475,458,468,471
1635306620,344,452,1635307308,1032,476,456,466,470
1635306621,345,452,1635307311,1035,475,457,467,472
1635306622,346,452,1635307314,1038,472,453,469,471
1635306623,347,454,1635307317,1041,470,451,469,467
1635306624,348,454,1635307320,1044,470,450,470,465
1635306625,349,452,1635307323,1047,470,448,470,464
1635306626,350,450,1635307326,1050,468,451,469,462
1635306627,351,448,1635307329,1053,469,450,469,464
1635306628,352,454,1635307332,1056,468,451,470,464
1635306629,353,452,1635307335,1059,469,451,470,463
1635306630,354,454,1635307338,1062,468,446,469,461
1635306631,355,450,1635307341,1065,466,445,467,459
1635306632,356,450,1635307344,1068,465,445,467,459
1635306633,357,454,1635307347,1071,464,444,467,458
1635306634,358,452,1635307350,1074,464,443,465,457
1635306635,359,1400,1635307353,1077,463,441,465,455
1635306636,360,1193,1635307356,1080,464,442,467,456
1635306637,361,1130,1635307359,1083,464,444,467,456
1635306638,362,908,1635307362,1086,462,444,467,457
1635306639,363,1080,1635307365,1089,461,444,463,457
1635306640,364,1101,1635307368,1092,460,445,462,458
1635306641,365,974,1635307371,1095,461,446,463,457
1635306642,366,706,1635307374,1098,461,445,466,458
1635306643,367,849,1635307377,1101,461,446,463,457
1635306644,368,788,1635307380,1104,460,447,465,458
1635306645,369,704,1635307383,1107,461,447,467,459
1635306646,370,628,1635307386,1110,462,447,468,459
1635306647,371,577,1635307389,1113,463,446,468,459
1635306648,372,581,1635307392,1116,464,447,469,459
1635306649,373,544,1635307395,1119,461,447,468,460
1635306650,374,552,1635307398,1122,458,449,467,461
1635306651,375,546,1635307401,1125,460,450,470,462
1635306652,376,546,1635307404,1128,462,449,470,463
1635306653,377,528,1635307407,1131,491,459,464,451
1635306654,378,528,1635307410,1134,737,490,507,495
1635306655,379,540,1635307413,1137,1065,570,765,556
1635306656,380,503,1635307416,1140,1366,699,1174,1069
1635306657,381,487,1635307419,1143,1509,1160,1454,1321
1635306658,382,487,1635307422,1146,1327,1117,1385,1296
1635306659,383,489,1635307425,1149,1223,1070,1071,1110
1635306660,384,495,1635307428,1152,1055,970,984,902
1635306661,385,487,1635307431,1155,812,891,858,832
1635306662,386,487,1635307434,1158,777,753,819,786
1635306663,387,483,1635307437,1161,719,655,720,741
1635306664,388,481,1635307440,1164,657,634,673,654
1635306665,389,475,1635307443,1167,629,609,621,619
1635306666,390,472,1635307446,1170,608,603,592,562
1635306667,391,468,1635307449,1173,568,591,557,535
1635306668,392,462,1635307452,1176,561,564,535,544
1635306669,393,466,1635307455,1179,526,543,543,539
1635306670,394,460,1635307458,1182,513,485,534,532
1635306671,395,466,1635307461,1185,501,478,521,519
1635306672,396,458,1635307464,1188,494,477,520,513
1635306673,397,460,1635307467,1191,487,472,517,512
1635306674,398,460,1635307470,1194,483,475,511,507
1635306675,399,462,1635307473,1197,480,467,506,501
1635306676,400,460,1635307476,1200,473,466,503,502
1635306677,401,458,1635307479,1203,475,464,503,500
1635306678,402,456,1635307482,1206,472,468,497,495
1635306679,403,460,1635307485,1209,471,466,498,496
1635306680,404,458,1635307488,1212,470,457,497,492
1635306681,405,458,1635307491,1215,465,458,497,487
1635306682,406,454,1635307494,1218,465,456,491,487
1635306683,407,456,1635307497,1221,465,455,491,487
1635306684,408,456,1635307500,1224,464,455,490,487
1635306685,409,456,1635307503,1227,461,454,486,486
1635306686,410,454,1635307506,1230,460,454,486,484
1635306687,411,456,1635307509,1233,459,454,485,484
1635306688,412,456,1635307512,1236,460,453,484,482
1635306689,413,456,1635307515,1239,460,453,483,483
1635306690,414,456,1635307518,1242,459,455,482,482
1635306691,415,454,1635307521,1245,457,454,478,479
1635306692,416,454,1635307524,1248,456,456,478,479
1635306693,417,458,1635307527,1251,457,458,478,479
1635306694,418,456,1635307530,1254,457,459,479,479
1635306695,419,454,1635307533,1257,457,460,477,479
1635306696,420,454,1635307536,1260,457,460,477,479
1635306697,421,454,1635307539,1263,458,459,477,479
1635306698,422,450,1635307542,1266,458,459,477,478
1635306699,423,456,1635307545,1269,459,458,478,479
1635306700,424,452,1635307548,1272,458,457,479,479
1635306701,425,454,1635307551,1275,458,456,480,479
1635306702,426,452,1635307554,1278,458,455,478,478
1635306703,427,450,1635307557,1281,458,456,476,478
1635306704,428,452,1635307560,1284,458,455,476,480
1635306705,429,452,1635307563,1287,458,454,479,481
1635306706,430,450,1635307566,1290,457,454,478,481
1635306707,431,452,1635307569,1293,457,454,479,480
1635306708,432,454,1635307572,1296,458,453,480,480
1635306709,433,454,1635307575,1299,458,452,480,479
1635306710,434,452,1635307578,1302,459,452,478,478
1635306711,435,450,1635307581,1305,459,452,478,477
1635306712,436,452,1635307584,1308,457,452,476,476
1635306713,437,454,1635307587,1311,458,452,475,476
1635306714,438,454,1635307590,1314,458,453,473,475
1635306715,439,450,1635307593,1317,458,452,473,475
1635306716,440,454,1635307596,1320,458,453,473,474
1635306717,441,450,1635307599,1323,458,453,473,474
1635306718,442,454,1635307602,1326,457,453,473,474
1635306719,443,454,1635307605,1329,456,453,475,473
1635306720,444,452,1635307608,1332,457,452,475,472
1635306721,445,452,1635307611,1335,456,452,474,472
1635306722,446,452,1635307614,1338,456,452,472,472
1635306723,447,452,1635307617,1341,456,452,471,472
1635306724,448,452,1635307620,1344,456,453,470,472
1635306725,449,454,1635307623,1347,457,453,471,472
1635306726,450,454,1635307626,1350,457,452,470,472
1635306727,451,450,1635307629,1353,457,452,470,472
1635306728,452,450,1635307632,1356,456,451,469,472
1635306729,453,450,1635307635,1359,457,451,468,472
1635306730,454,452,1635307638,1362,457,451,467,471
1635306731,455,452,1635307641,1365,458,452,466,472
1635306732,456,454,1635307644,1368,459,452,466,473
1635306733,457,452,1635307647,1371,458,451,466,472
1635306734,458,450,1635307650,1374,458,451,465,472
1635306735,459,452,1635307653,1377,456,451,465,472
1635306736,460,452,1635307656,1380,456,451,465,472
1635306737,461,454,1635307659,1383,457,452,464,472
1635306738,462,450,1635307662,1386,456,452,462,472
1635306739,463,452,1635307665,1389,456,451,462,473
1635306740,464,450,1635307668,1392,456,452,461,473
1635306741,465,448,1635307671,1395,456,452,461,473
1635306742,466,452,1635307674,1398,457,452,462,473
1635306743,467,452,1635307677,1401,459,451,462,473
1635306744,468,452,1635307680,1404,460,451,462,473
1635306745,469,452,1635307683,1407,459,451,462,474
1635306746,470,452,1635307686,1410,459,450,462,473
1635306747,471,452,1635307689,1413,457,450,462,473
1635306748,472,452,1635307692,1416,458,449,462,473
1635306749,473,450,1635307695,1419,458,449,462,473
1635306750,474,452,1635307698,1422,456,449,461,472
1635306751,475,452,1635307701,1425,456,450,460,473
1635306752,476,452,1635307704,1428,455,450,460,472
1635306753,477,448,1635307707,1431,454,450,460,471
1635306754,478,452,1635307710,1434,454,450,459,470
1635306755,479,452,1635307713,1437,454,450,457,470
1635306756,480,450,1635307716,1440,454,449,456,470
1635306757,481,454,1635307719,1443,453,449,454,468
1635306758,482,452,1635307722,1446,452,450,455,468
1635306759,483,452,1635307725,1449,452,449,455,467
1635306760,484,448,1635307728,1452,452,449,454,467
1635306761,485,452,1635307731,1455,451,449,454,467
1635306762,486,450,1635307734,1458,450,449,455,467
1635306763,487,454,1635307737,1461,450,448,454,467
1635306764,488,450,1635307740,1464,451,447,456,467
1635306765,489,452,1635307743,1467,451,447,456,467
1635306766,490,452,1635307746,1470,450,448,455,467
1635306767,491,452,1635307749,1473,450,448,455,467
1635306768,492,452,1635307752,1476,450,447,455,467
1635306769,493,450,1635307755,1479,450,447,455,467
1635306770,494,452,1635307758,1482,450,448,454,467
1635306771,495,452,1635307761,1485,450,447,454,466
1635306772,496,452,1635307764,1488,449,447,454,467
1635306773,497,450,1635307767,1491,449,446,454,467
1635306774,498,456,1635307770,1494,450,445,455,466
1635306775,499,450,1635307773,1497,452,445,455,466
1635306776,500,452,1635307776,1500,451,445,455,466
1635306777,501,450,1635307779,1503,450,447,453,466
1635306778,502,452,1635307782,1506,449,446,453,465
1635306779,503,452,1635307785,1509,450,446,454,466
1635306780,504,452,1635307788,1512,451,446,454,465
1635306781,505,450,1635307791,1515,451,446,452,465
1635306782,506,452,1635307794,1518,451,445,452,465
1635306783,507,450,1635307797,1521,451,445,453,465
1635306784,508,450,1635307800,1524,451,445,453,465
1635306785,509,448,1635307803,1527,452,445,453,464
1635306786,510,452,1635307806,1530,451,445,454,463
1635306787,511,450,1635307809,1533,451,444,454,463
1635306788,512,452,1635307812,1536,451,444,453,462
1635306789,513,450,1635307815,1539,450,445,452,461
1635306790,514,452,1635307818,1542,450,445,452,461
1635306791,515,448,1635307821,1545,450,445,452,462
1635306792,516,454,1635307824,1548,449,445,451,461
1635306793,517,450,1635307827,1551,449,445,451,461
1635306794,518,452,1635307830,1554,449,444,451,461
1635306795,519,452,1635307833,1557,449,444,450,462
1635306796,520,450,1635307836,1560,450,444,449,462
1635306797,521,454,1635307839,1563,449,444,450,462
1635306798,522,454,1635307842,1566,450,443,451,462
1635306799,523,450,1635307845,1569,450,443,451,462
1635306800,524,450,1635307848,1572,449,443,451,462
1635306801,525,452,1635307851,1575,450,443,451,462
1635306802,526,450,1635307854,1578,450,444,450,461
1635306803,527,452,1635307857,1581,449,443,449,461
1635306804,528,448,1635307860,1584,448,443,450,461
1635306805,529,452,1635307863,1587,448,443,450,460
1635306806,530,448,1635307866,1590,449,443,450,460
1635306807,531,454,1635307869,1593,447,443,449,459
1635306808,532,450,1635307872,1596,447,443,448,459
1635306809,533,452,1635307875,1599,448,442,448,459
1635306810,534,450,1635307878,1602,448,443,448,458
1635306811,535,454,1635307881,1605,447,443,447,459
1635306812,536,456,1635307884,1608,447,442,446,458
1635306813,537,452,1635307887,1611,447,443,446,458
1635306814,538,450,1635307890,1614,446,443,446,458
1635306815,539,450,1635307893,1617,446,442,446,457
1635306816,540,452,1635307896,1620,446,441,446,458
1635306817,541,450,1635307899,1623,447,442,444,458
1635306818,542,450,1635307902,1626,446,442,442,458
1635306819,543,450,1635307905,1629,446,443,443,457
1635306820,544,452,1635307908,1632,445,444,442,458
1635306821,545,448,1635307911,1635,446,444,444,459
1635306822,546,450,1635307914,1638,446,443,449,459
1635306823,547,450,1635307917,1641,446,443,451,459
1635306824,548,448,1635307920,1644,445,442,452,460
1635306825,549,452,1635307923,1647,445,442,452,460
1635306826,550,452,1635307926,1650,445,443,451,460
1635306827,551,450,1635307929,1653,445,442,452,459
1635306828,552,448,1635307932,1656,445,442,450,459
1635306829,553,452,1635307935,1659,444,441,450,459
1635306830,554,446,1635307938,1662,445,440,450,459
1635306831,555,450,1635307941,1665,445,440,450,458
1635306832,556,448,1635307944,1668,444,440,449,458
1635306833,557,450,1635307947,1671,444,439,449,458
1635306834,558,452,1635307950,1674,444,439,450,457
1635306835,559,452,1635307953,1677,444,439,449,457
1635306836,560,452,1635307956,1680,444,440,449,457
1635306837,561,452,1635307959,1683,444,440,446,455
1635306838,562,452,1635307962,1686,444,440,446,455
1635306839,563,450,1635307965,1689,444,440,447,454
1635306840,564,450,1635307968,1692,444,440,447,455
1635306841,565,448,1635307971,1695,444,440,446,455
1635306842,566,452,1635307974,1698,444,440,445,454
1635306843,567,450,1635307977,1701,445,439,445,454
1635306844,568,450,1635307980,1704,444,441,445,453
1635306845,569,448,1635307983,1707,443,441,444,453
1635306846,570,450,1635307986,1710,443,442,443,453
1635306847,571,450,1635307989,1713,442,442,443,453
1635306848,572,450,1635307992,1716,442,442,442,453
1635306849,573,450,1635307995,1719,442,442,442,453
1635306850,574,452,1635307998,1722,441,442,442,453
1635306851,575,452,1635308001,1725,441,441,443,454
1635306852,576,452,1635308004,1728,441,441,441,454
1635306853,577,450,1635308007,1731,441,440,441,454
1635306854,578,448,1635308010,1734,441,441,442,455
1635306855,579,452,1635308013,1737,441,439,442,454
1635306856,580,450,1635308016,1740,439,440,441,454
1635306857,581,450,1635308019,1743,440,440,440,455
1635306858,582,450,1635308022,1746,440,440,440,455
1635306859,583,450,1635308025,1749,440,440,439,455
1635306860,584,452,1635308028,1752,440,440,441,455
1635306861,585,452,1635308031,1755,440,439,440,455
1635306862,586,450,1635308034,1758,441,437,441,456
1635306863,587,450,1635308037,1761,440,437,441,455
1635306864,588,450,1635308040,1764,440,438,440,455
1635306865,589,452,1635308043,1767,439,438,439,455
1635306866,590,452,1635308046,1770,439,437,440,455
1635306867,591,452,1635308049,1773,439,438,440,455
1635306868,592,452,1635308052,1776,439,438,440,456
1635306869,593,450,1635308055,1779,439,437,440,456
1635306870,594,450,1635308058,1782,438,437,440,456
1635306871,595,452,1635308061,1785,438,437,438,456
1635306872,596,448,1635308064,1788,439,437,438,456
1635306873,597,452,1635308067,1791,439,437,440,456
1635306874,598,448,1635308070,1794,439,435,439,456
1635306875,599,452,1635308073,1797,439,435,440,455
1635306876,600,448,1635308076,1800,439,435,440,456
1635306877,601,450,1635308079,1803,439,435,439,456
1635306878,602,450,1635308082,1806,440,435,439,455
1635306879,603,452,1635308085,1809,439,435,439,454
1635306880,604,448,1635308088,1812,440,435,439,454
1635306881,605,450,1635308091,1815,440,434,439,454
1635306882,606,452,1635308094,1818,439,434,440,453
1635306883,607,450,1635308097,1821,439,434,440,452
1635306884,608,452,1635308100,1824,439,434,441,452
1635306885,609,452,1635308103,1827,438,434,440,452
1635306886,610,450,1635308106,1830,438,435,440,451
1635306887,611,450,1635308109,1833,438,434,440,451
1635306888,612,450,1635308112,1836,439,435,440,450
1635306889,613,452,1635308115,1839,439,435,439,449
1635306890,614,450,1635308118,1842,439,435,438,449
1635306891,615,452,1635308121,1845,439,435,438,449
1635306892,616,448,1635308124,1848,439,436,438,449
1635306893,617,448,1635308127,1851,438,436,437,450
1635306894,618,450,1635308130,1854,438,436,437,449
1635306895,619,450,1635308133,1857,438,436,438,449
1635306896,620,450,1635308136,1860,438,436,439,448
1635306897,621,452,1635308139,1863,438,436,439,449
1635306898,622,450,1635308142,1866,438,435,440,449
1635306899,623,452,1635308145,1869,438,435,439,448
1635306900,624,452,1635308148,1872,438,436,439,447
1635306901,625,450,1635308151,1875,438,437,440,447
1635306902,626,450,1635308154,1878,439,436,440,447
1635306903,627,448,1635308157,1881,439,437,441,447
1635306904,628,454,1635308160,1884,439,436,441,447
1635306905,629,450,1635308163,1887,440,437,443,447
1635306906,630,452,1635308166,1890,440,436,442,446
1635306907,631,450,1635308169,1893,440,436,441,446
1635306908,632,450,1635308172,1896,439,436,441,445
1635306909,633,450,1635308175,1899,439,436,441,445
1635306910,634,450,1635308178,1902,438,436,440,445
1635306911,635,448,1635308181,1905,438,437,440,446
1635306912,636,450,1635308184,1908,438,436,440,446
1635306913,637,454,1635308187,1911,437,436,439,445
1635306914,638,452,1635308190,1914,437,438,439,446
1635306915,639,454,1635308193,1917,437,439,439,446
1635306916,640,452,1635308196,1920,437,439,439,446
1635306917,641,450,1635308199,1923,436,440,438,446
1635306918,642,452,1635308202,1926,437,440,439,446
1635306919,643,450,1635308205,1929,437,441,440,446
1635306920,644,452,1635308208,1932,437,441,442,447
1635306921,645,452,1635308211,1935,438,441,445,447
1635306922,646,452,1635308214,1938,439,442,449,448
1635306923,647,452,1635308217,1941,440,442,445,448
1635306924,648,452,1635308220,1944,441,441,453,450
1635306925,649,452,1635308223,1947,442,441,460,450
1635306926,650,448,1635308226,1950,442,442,463,451
1635306927,651,452,1635308229,1953,443,441,463,450
1635306928,652,450,1635308232,1956,443,440,464,449
1635306929,653,450,1635308235,1959,443,439,461,450
1635306930,654,450,1635308238,1962,443,438,458,450
1635306931,655,452,1635308241,1965,444,439,453,450
1635306932,656,450,1635308244,1968,444,438,452,449
1635306933,657,452,1635308247,1971,444,438,451,449
1635306934,658,450,1635308250,1974,442,439,448,448
1635306935,659,450,1635308253,1977,442,439,445,449
1635306936,660,452,1635308256,1980,442,439,448,449
1635306937,661,450,1635308259,1983,442,439,450,449
1635306938,662,452,1635308262,1986,441,440,449,449
1635306939,663,450,1635308265,1989,442,440,449,448
1635306940,664,450,1635308268,1992,442,439,450,448
1635306941,665,448,1635308271,1995,442,439,449,448
1635306942,666,1381,1635308274,1998,442,438,449,448
1635306943,667,1328,1635308277,2001,442,440,447,447
1635306944,668,1336,1635308280,2004,443,440,447,447
1635306945,669,1224,1635308283,2007,437,441,446,447
1635306946,670,1170,1635308286,2010,451,460,477,473
1635306947,671,1154,1635308289,2013,476,513,509,492
1635306948,672,986,1635308292,2016,644,564,696,652
1635306949,673,900,1635308295,2019,913,691,965,882
1635306950,674,837,1635308298,2022,1148,1089,1160,1043
1635306951,675,732,1635308301,2025,1015,1073,982,952
1635306952,676,728,1635308304,2028,962,935,870,898
1635306953,677,780,1635308307,2031,916,795,822,792
1635306954,678,771,1635308310,2034,697,739,784,688
1635306955,679,753,1635308313,2037,639,676,660,656
1635306956,680,648,1635308316,2040,596,653,586,608
1635306957,681,589,1635308319,2043,561,592,545,594
1635306958,682,577,1635308322,2046,542,551,540,573
1635306959,683,689,1635308325,2049,505,526,522,559
1635306960,684,644,1635308328,2052,499,511,513,548
1635306961,685,573,1635308331,2055,485,501,509,535
1635306962,686,540,1635308334,2058,456,492,503,524
1635306963,687,509,1635308337,2061,456,485,496,478
1635306964,688,503,1635308340,2064,453,484,493,474
1635306965,689,505,1635308343,2067,447,478,489,478
1635306966,690,505,1635308346,2070,450,479,487,465
1635306967,691,499,1635308349,2073,450,470,486,471
1635306968,692,491,1635308352,2076,451,465,483,472
1635306969,693,474,1635308355,2079,451,461,482,470
1635306970,694,470,1635308358,2082,453,458,480,469
1635306971,695,468,1635308361,2085,449,462,477,464
1635306972,696,470,1635308364,2088,448,458,476,465
1635306973,697,468,1635308367,2091,451,458,474,467
1635306974,698,460,1635308370,2094,447,457,470,463
1635306975,699,460,1635308373,2097,448,455,468,462
1635306976,700,460,1635308376,2100,447,456,467,458
1635306977,701,458,1635308379,2103,444,456,469,458
1635306978,702,460,1635308382,2106,444,457,468,457
1635306979,703,460,1635308385,2109,444,456,467,457
1635306980,704,460,1635308388,2112,446,454,468,457
1635306981,705,462,1635308391,2115,448,451,469,458
1635306982,706,458,1635308394,2118,451,451,469,459
1635306983,707,456,1635308397,2121,451,450,469,459
1635306984,708,458,1635308400,2124,449,449,470,458
1635306985,709,458,1635308403,2127,451,449,468,458
1635306986,710,460,1635308406,2130,451,449,467,456
1635306987,711,456,1635308409,2133,450,448,465,455
1635306988,712,458,1635308412,2136,449,447,465,454
1635306989,713,454,1635308415,2139,449,446,464,453
1635306990,714,452,1635308418,2142,449,446,462,453
1635306991,715,452,1635308421,2145,449,446,461,453
1635306992,716,452,1635308424,2148,449,445,460,453
1635306993,717,452,1635308427,2151,449,445,460,453
1635306994,718,454,1635308430,2154,448,445,459,454
1635306995,719,454,1635308433,2157,449,444,460,454
1635306996,720,452,1635308436,2160,449,443,458,453
1635306997,721,456,1635308439,2163,450,443,458,453
1635306998,722,452,1635308442,2166,450,444,459,453
1635306999,723,454,1635308445,2169,451,444,459,453
1635307000,724,448,1635308448,2172,452,446,460,452
1635307001,725,454,1635308451,2175,452,446,459,452
1635307002,726,452,1635308454,2178,452,447,458,452
1635307003,727,456,1635308457,2181,453,445,458,452
1635307004,728,450,1635308460,2184,453,445,456,452
1635307005,729,454,1635308463,2187,455,444,455,452
1635307006,730,452,1635308466,2190,455,444,455,453
1635307007,731,450,1635308469,2193,455,444,455,452
1635307008,732,450,1635308472,2196,454,444,455,452
1635307009,733,448,1635308475,2199,454,443,455,450
1635307010,734,454,1635308478,2202,453,443,455,450
1635307011,735,450,1635308481,2205,454,443,455,450
1635307012,736,452,1635308484,2208,453,442,455,450
1635307013,737,448,1635308487,2211,454,442,452,451
1635307014,738,452,1635308490,2214,482,496,466,483
1635307015,739,452,1635308493,2217,500,533,527,507
1635307016,740,452,1635308496,2220,532,565,641,660
1635307017,741,452,1635308499,2223,833,651,1153,932
1635307018,742,454,1635308502,2226,1005,978,1131,1122
1635307019,743,452,1635308505,2229,1018,954,1079,1057
1635307020,744,456,1635308508,2232,921,842,1027,979
1635307021,745,456,1635308511,2235,867,787,774,793
1635307022,746,454,1635308514,2238,781,746,714,755
1635307023,747,454,1635308517,2241,621,693,674,741
1635307024,748,452,1635308520,2244,601,651,644,679
1635307025,749,454,1635308523,2247,594,556,601,654
1635307026,750,452,1635308526,2250,574,536,598,538
1635307027,751,454,1635308529,2253,558,520,566,542
1635307028,752,452,1635308532,2256,531,501,536,519
1635307029,753,450,1635308535,2259,511,485,518,498
1635307030,754,452,1635308538,2262,495,479,478,490
1635307031,755,450,1635308541,2265,476,482,472,478
1635307032,756,452,1635308544,2268,477,483,465,478
1635307033,757,452,1635308547,2271,472,487,465,476
1635307034,758,450,1635308550,2274,471,484,475,482
1635307035,759,450,1635308553,2277,472,477,483,479
1635307036,760,450,1635308556,2280,472,473,486,478
1635307037,761,452,1635308559,2283,469,472,487,476
1635307038,762,452,1635308562,2286,468,467,482,474
1635307039,763,448,1635308565,2289,466,465,480,470
1635307040,764,452,1635308568,2292,466,464,474,468
1635307041,765,454,1635308571,2295,466,461,473,467
1635307042,766,454,1635308574,2298,466,461,476,466
1635307043,767,452,1635308577,2301,468,458,475,466
1635307044,768,452,1635308580,2304,469,460,474,467
1635307045,769,452,1635308583,2307,471,455,474,465
1635307046,770,450,1635308586,2310,465,454,475,466
1635307047,771,452,1635308589,2313,465,453,473,466
1635307048,772,454,1635308592,2316,464,454,473,463
1635307049,773,452,1635308595,2319,464,453,473,463
1635307050,774,450,1635308598,2322,463,453,472,463
1635307051,775,452,1635308601,2325,462,450,472,463
1635307052,776,452,1635308604,2328,462,450,472,463
1635307053,777,454,1635308607,2331,461,447,472,464
1635307054,778,452,1635308610,2334,461,447,472,463
1635307055,779,454,1635308613,2337,460,446,470,462
1635307056,780,452,1635308616,2340,460,446,469,462
1635307057,781,454,1635308619,2343,459,445,466,461
1635307058,782,452,1635308622,2346,459,445,466,461
1635307059,783,454,1635308625,2349,459,444,466,462
1635307060,784,452,1635308628,2352,460,443,467,460
1635307061,785,454,1635308631,2355,460,443,466,459
1635307062,786,450,1635308634,2358,461,443,466,460
1635307063,787,452,1635308637,2361,461,443,466,460
1635307064,788,454,1635308640,2364,459,442,466,461
1635307065,789,450,1635308643,2367,459,442,465,461
1635307066,790,454,1635308646,2370,459,441,466,460
1635307067,791,450,1635308649,2373,458,441,465,459
1635307068,792,452,1635308652,2376,458,442,465,458
1635307069,793,452,1635308655,2379,458,441,465,459
1635307070,794,452,1635308658,2382,458,441,464,460
1635307071,795,452,1635308661,2385,457,440,465,460
1635307072,796,454,1635308664,2388,457,440,464,461
1635307073,797,452,1635308667,2391,457,440,464,461
1635307074,798,456,1635308670,2394,456,439,464,461
1635307075,799,452,1635308673,2397,455,440,464,461
1635307076,800,452,1635308676,2400,455,440,464,461
1635307077,801,452,1635308679,2403,455,440,463,460
1635307078,802,452,1635308682,2406,457,440,463,459
1635307079,803,454,1635308685,2409,456,441,463,458
1635307080,804,450,1635308688,2412,457,442,464,458
1635307081,805,454,1635308691,2415,456,441,463,458
1635307082,806,450,1635308694,2418,456,442,463,459
1635307083,807,450,1635308697,2421,456,442,463,458
1635307084,808,450,1635308700,2424,455,442,462,458
1635307085,809,454,1635308703,2427,456,441,462,458
1635307086,810,517,1635308706,2430,456,441,462,458
1635307087,811,452,1635308709,2433,456,441,462,457
1635307088,812,468,1635308712,2436,455,440,464,458
1635307089,813,460,1635308715,2439,454,439,463,457
1635307090,814,462,1635308718,2442,454,439,463,457
1635307091,815,454,1635308721,2445,454,439,463,457
1635307092,816,458,1635308724,2448,453,440,464,456
1635307093,817,456,1635308727,2451,454,440,464,456
1635307094,818,458,1635308730,2454,454,441,463,455
1635307095,819,454,1635308733,2457,454,440,463,454
1635307096,820,456,1635308736,2460,454,440,462,454
1635307097,821,454,1635308739,2463,454,439,462,456
1635307098,822,452,1635308742,2466,454,439,462,456
1635307099,823,454,1635308745,2469,454,439,462,455
1635307100,824,456,1635308748,2472,455,438,461,456
1635307101,825,452,1635308751,2475,455,437,462,456
1635307102,826,454,1635308754,2478,455,438,461,454
1635307103,827,450,,,,,,
1635307104,828,454,,,,,,
1635307105,829,450,,,,,,
1635307106,830,452,,,,,,
1635307107,831,452,,,,,,
1635307108,832,454,,,,,,
1635307109,833,452,,,,,,
1635307110,834,454,,,,,,
1635307111,835,452,,,,,,
1635307112,836,452,,,,,,
1635307113,837,450,,,,,,
1635307114,838,454,,,,,,
1635307115,839,454,,,,,,
1635307116,840,452,,,,,,
1635307117,841,454,,,,,,
1635307118,842,454,,,,,,
1635307119,843,452,,,,,,
1635307120,844,452,,,,,,
1635307121,845,452,,,,,,
1635307122,846,452,,,,,,
1635307123,847,450,,,,,,
1635307124,848,452,,,,,,
1635307125,849,454,,,,,,
1635307126,850,460,,,,,,
1635307127,851,464,,,,,,
1635307128,852,464,,,,,,
1635307129,853,462,,,,,,
1635307130,854,466,,,,,,
1635307131,855,464,,,,,,
1635307132,856,462,,,,,,
1635307133,857,458,,,,,,
1635307134,858,462,,,,,,
1635307135,859,460,,,,,,
1635307136,860,470,,,,,,
1635307137,861,468,,,,,,
1635307138,862,475,,,,,,
1635307139,863,474,,,,,,
1635307140,864,470,,,,,,
1635307141,865,468,,,,,,
1635307142,866,468,,,,,,
1635307143,867,464,,,,,,
1635307144,868,462,,,,,,
1635307145,869,460,,,,,,
1635307146,870,456,,,,,,
1635307147,871,458,,,,,,
1635307148,872,464,,,,,,
1635307149,873,464,,,,,,
1635307150,874,464,,,,,,
1635307151,875,464,,,,,,
1635307152,876,460,,,,,,
1635307153,877,456,,,,,,
1635307154,878,454,,,,,,
1635307155,879,454,,,,,,
1635307156,880,456,,,,,,
1635307157,881,454,,,,,,
1635307158,882,456,,,,,,
1635307159,883,454,,,,,,
1635307160,884,452,,,,,,
1635307161,885,452,,,,,,
1635307162,886,454,,,,,,
1635307163,887,456,,,,,,
1635307164,888,454,,,,,,
1635307165,889,454,,,,,,
1635307166,890,450,,,,,,
1635307167,891,452,,,,,,
1635307168,892,452,,,,,,
1635307169,893,458,,,,,,
1635307170,894,454,,,,,,
1635307171,895,456,,,,,,
1635307172,896,454,,,,,,
1635307173,897,454,,,,,,
1635307174,898,454,,,,,,
1635307175,899,456,,,,,,
1635307176,900,458,,,,,,
1635307177,901,456,,,,,,
1635307178,902,454,,,,,,
1635307179,903,452,,,,,,
1635307180,904,454,,,,,,
1635307181,905,454,,,,,,
1635307182,906,454,,,,,,
1635307183,907,456,,,,,,
1635307184,908,452,,,,,,
1635307185,909,452,,,,,,
1635307186,910,456,,,,,,
1635307187,911,454,,,,,,
1635307188,912,456,,,,,,
1635307189,913,454,,,,,,
1635307190,914,456,,,,,,
1635307191,915,452,,,,,,
1635307192,916,456,,,,,,
1635307193,917,452,,,,,,
1635307194,918,452,,,,,,
1635307195,919,454,,,,,,
1635307196,920,452,,,,,,
1635307197,921,454,,,,,,
1635307198,922,454,,,,,,
1635307199,923,452,,,,,,
1635307200,924,452,,,,,,
1635307201,925,454,,,,,,
1635307202,926,454,,,,,,
1635307203,927,452,,,,,,
1635307204,928,454,,,,,,
1635307205,929,454,,,,,,
1635307206,930,452,,,,,,
1635307207,931,452,,,,,,
1635307208,932,454,,,,,,
1635307209,933,452,,,,,,
1635307210,934,454,,,,,,
1635307211,935,454,,,,,,
1635307212,936,454,,,,,,
1635307213,937,454,,,,,,
1635307214,938,454,,,,,,
1635307215,939,450,,,,,,
1635307216,940,452,,,,,,
1635307217,941,452,,,,,,
1635307218,942,452,,,,,,
1635307219,943,456,,,,,,
1635307220,944,452,,,,,,
1635307221,945,456,,,,,,
1635307222,946,452,,,,,,
1635307223,947,456,,,,,,
1635307224,948,452,,,,,,
1635307225,949,456,,,,,,
1635307226,950,456,,,,,,
1635307227,951,456,,,,,,
1635307228,952,454,,,,,,
1635307229,953,452,,,,,,
1635307230,954,1807,,,,,,
1635307231,955,1181,,,,,,
1635307232,956,1218,,,,,,
1635307233,957,1015,,,,,,
1635307234,958,1064,,,,,,
1635307235,959,1029,,,,,,
1635307236,960,1074,,,,,,
1635307237,961,845,,,,,,
1635307238,962,876,,,,,,
1635307239,963,919,,,,,,
1635307240,964,765,,,,,,
1635307241,965,800,,,,,,
1635307242,966,745,,,,,,
1635307243,967,736,,,,,,
1635307244,968,704,,,,,,
1635307245,969,706,,,,,,
1635307246,970,655,,,,,,
1635307247,971,620,,,,,,
1635307248,972,634,,,,,,
1635307249,973,612,,,,,,
1635307250,974,509,,,,,,
1635307251,975,522,,,,,,
1635307252,976,491,,,,,,
1635307253,977,485,,,,,,
1635307254,978,544,,,,,,
1635307255,979,487,,,,,,
1635307256,980,483,,,,,,
1635307257,981,475,,,,,,
1635307258,982,470,,,,,,
1635307259,983,456,,,,,,
1635307260,984,460,,,,,,
1635307261,985,462,,,,,,
1635307262,986,456,,,,,,
1635307263,987,456,,,,,,
1635307264,988,460,,,,,,
1635307265,989,458,,,,,,
1635307266,990,460,,,,,,
1635307267,991,456,,,,,,
1635307268,992,460,,,,,,
1635307269,993,460,,,,,,
1635307270,994,464,,,,,,
1635307271,995,458,,,,,,
1635307272,996,466,,,,,,
1635307273,997,456,,,,,,
1635307274,998,466,,,,,,
1635307275,999,458,,,,,,
1635307276,1000,462,,,,,,
1635307277,1001,466,,,,,,
1635307278,1002,464,,,,,,
1635307279,1003,468,,,,,,
1635307280,1004,466,,,,,,
1635307281,1005,462,,,,,,
1635307282,1006,460,,,,,,
1635307283,1007,466,,,,,,
1635307284,1008,458,,,,,,
1635307285,1009,464,,,,,,
1635307286,1010,454,,,,,,
1635307287,1011,462,,,,,,
1635307288,1012,458,,,,,,
1635307289,1013,462,,,,,,
1635307290,1014,456,,,,,,
1635307291,1015,458,,,,,,
1635307292,1016,456,,,,,,
1635307293,1017,460,,,,,,
1635307294,1018,454,,,,,,
1635307295,1019,458,,,,,,
1635307296,1020,456,,,,,,
1635307297,1021,460,,,,,,
1635307298,1022,462,,,,,,
1635307299,1023,462,,,,,,
1635307300,1024,456,,,,,,
1635307301,1025,454,,,,,,
1635307302,1026,454,,,,,,
1635307303,1027,460,,,,,,
1635307304,1028,456,,,,,,
1635307305,1029,456,,,,,,
1635307306,1030,454,,,,,,
1635307307,1031,456,,,,,,
1635307308,1032,460,,,,,,
1635307309,1033,458,,,,,,
1635307310,1034,460,,,,,,
1635307311,1035,462,,,,,,
1635307312,1036,454,,,,,,
1635307313,1037,462,,,,,,
1635307314,1038,456,,,,,,
1635307315,1039,460,,,,,,
1635307316,1040,454,,,,,,
1635307317,1041,462,,,,,,
1635307318,1042,454,,,,,,
1635307319,1043,456,,,,,,
1635307320,1044,456,,,,,,
1635307321,1045,460,,,,,,
1635307322,1046,454,,,,,,
1635307323,1047,456,,,,,,
1635307324,1048,454,,,,,,
1635307325,1049,460,,,,,,
1635307326,1050,454,,,,,,
1635307327,1051,458,,,,,,
1635307328,1052,456,,,,,,
1635307329,1053,464,,,,,,
1635307330,1054,456,,,,,,
1635307331,1055,462,,,,,,
1635307332,1056,462,,,,,,
1635307333,1057,466,,,,,,
1635307334,1058,464,,,,,,
1635307335,1059,464,,,,,,
1635307336,1060,464,,,,,,
1635307337,1061,462,,,,,,
1635307338,1062,458,,,,,,
1635307339,1063,462,,,,,,
1635307340,1064,458,,,,,,
1635307341,1065,466,,,,,,
1635307342,1066,462,,,,,,
1635307343,1067,454,,,,,,
1635307344,1068,462,,,,,,
1635307345,1069,454,,,,,,
1635307346,1070,460,,,,,,
1635307347,1071,458,,,,,,
1635307348,1072,462,,,,,,
1635307349,1073,458,,,,,,
1635307350,1074,464,,,,,,
1635307351,1075,460,,,,,,
1635307352,1076,460,,,,,,
1635307353,1077,466,,,,,,
1635307354,1078,464,,,,,,
1635307355,1079,466,,,,,,
1635307356,1080,460,,,,,,
1635307357,1081,468,,,,,,
1635307358,1082,456,,,,,,
1635307359,1083,460,,,,,,
1635307360,1084,460,,,,,,
1635307361,1085,458,,,,,,
1635307362,1086,458,,,,,,
1635307363,1087,464,,,,,,
1635307364,1088,460,,,,,,
1635307365,1089,466,,,,,,
1635307366,1090,460,,,,,,
1635307367,1091,460,,,,,,
1635307368,1092,464,,,,,,
1635307369,1093,462,,,,,,
1635307370,1094,466,,,,,,
1635307371,1095,460,,,,,,
1635307372,1096,466,,,,,,
1635307373,1097,464,,,,,,
1635307374,1098,468,,,,,,
1635307375,1099,470,,,,,,
1635307376,1100,470,,,,,,
1635307377,1101,466,,,,,,
1635307378,1102,464,,,,,,
1635307379,1103,474,,,,,,
1635307380,1104,472,,,,,,
1635307381,1105,470,,,,,,
1635307382,1106,466,,,,,,
1635307383,1107,468,,,,,,
1635307384,1108,468,,,,,,
1635307385,1109,472,,,,,,
1635307386,1110,468,,,,,,
1635307387,1111,472,,,,,,
1635307388,1112,468,,,,,,
1635307389,1113,472,,,,,,
1635307390,1114,466,,,,,,
1635307391,1115,458,,,,,,
1635307392,1116,464,,,,,,
1635307393,1117,458,,,,,,
1635307394,1118,466,,,,,,
1635307395,1119,458,,,,,,
1635307396,1120,462,,,,,,
1635307397,1121,468,,,,,,
1635307398,1122,462,,,,,,
1635307399,1123,466,,,,,,
1635307400,1124,468,,,,,,
1635307401,1125,466,,,,,,
1635307402,1126,462,,,,,,
1635307403,1127,460,,,,,,
1635307404,1128,470,,,,,,
1635307405,1129,462,,,,,,
1635307406,1130,487,,,,,,
1635307407,1131,1975,,,,,,
1635307408,1132,1975,,,,,,
1635307409,1133,1975,,,,,,
1635307410,1134,1338,,,,,,
1635307411,1135,1383,,,,,,
1635307412,1136,1183,,,,,,
1635307413,1137,984,,,,,,
1635307414,1138,823,,,,,,
1635307415,1139,675,,,,,,
1635307416,1140,655,,,,,,
1635307417,1141,622,,,,,,
1635307418,1142,540,,,,,,
1635307419,1143,517,,,,,,
1635307420,1144,509,,,,,,
1635307421,1145,526,,,,,,
1635307422,1146,575,,,,,,
1635307423,1147,562,,,,,,
1635307424,1148,526,,,,,,
1635307425,1149,520,,,,,,
1635307426,1150,517,,,,,,
1635307427,1151,493,,,,,,
1635307428,1152,489,,,,,,
1635307429,1153,501,,,,,,
1635307430,1154,493,,,,,,
1635307431,1155,491,,,,,,
1635307432,1156,487,,,,,,
1635307433,1157,491,,,,,,
1635307434,1158,481,,,,,,
1635307435,1159,475,,,,,,
1635307436,1160,481,,,,,,
1635307437,1161,477,,,,,,
1635307438,1162,475,,,,,,
1635307439,1163,475,,,,,,
1635307440,1164,472,,,,,,
1635307441,1165,468,,,,,,
1635307442,1166,466,,,,,,
1635307443,1167,470,,,,,,
1635307444,1168,466,,,,,,
1635307445,1169,464,,,,,,
1635307446,1170,470,,,,,,
1635307447,1171,462,,,,,,
1635307448,1172,468,,,,,,
1635307449,1173,460,,,,,,
1635307450,1174,470,,,,,,
1635307451,1175,460,,,,,,
1635307452,1176,462,,,,,,
1635307453,1177,468,,,,,,
1635307454,1178,460,,,,,,
1635307455,1179,468,,,,,,
1635307456,1180,462,,,,,,
1635307457,1181,466,,,,,,
1635307458,1182,464,,,,,,
1635307459,1183,464,,,,,,
1635307460,1184,466,,,,,,
1635307461,1185,460,,,,,,
1635307462,1186,464,,,,,,
1635307463,1187,468,,,,,,
1635307464,1188,462,,,,,,
1635307465,1189,466,,,,,,
1635307466,1190,460,,,,,,
1635307467,1191,468,,,,,,
1635307468,1192,460,,,,,,
1635307469,1193,460,,,,,,
1635307470,1194,464,,,,,,
1635307471,1195,460,,,,,,
1635307472,1196,470,,,,,,
1635307473,1197,464,,,,,,
1635307474,1198,464,,,,,,
1635307475,1199,464,,,,,,
1635307476,1200,468,,,,,,
1635307477,1201,458,,,,,,
1635307478,1202,462,,,,,,
1635307479,1203,468,,,,,,
1635307480,1204,460,,,,,,
1635307481,1205,460,,,,,,
1635307482,1206,462,,,,,,
1635307483,1207,464,,,,,,
1635307484,1208,464,,,,,,
1635307485,1209,464,,,,,,
1635307486,1210,464,,,,,,
1635307487,1211,462,,,,,,
1635307488,1212,462,,,,,,
1635307489,1213,466,,,,,,
1635307490,1214,458,,,,,,
1635307491,1215,458,,,,,,
1635307492,1216,458,,,,,,
1635307493,1217,464,,,,,,
1635307494,1218,458,,,,,,
1635307495,1219,460,,,,,,
1635307496,1220,456,,,,,,
1635307497,1221,464,,,,,,
1635307498,1222,464,,,,,,
1635307499,1223,464,,,,,,
1635307500,1224,462,,,,,,
1635307501,1225,462,,,,,,
1635307502,1226,462,,,,,,
1635307503,1227,460,,,,,,
1635307504,1228,460,,,,,,
1635307505,1229,491,,,,,,
1635307506,1230,481,,,,,,
1635307507,1231,485,,,,,,
1635307508,1232,479,,,,,,
1635307509,1233,475,,,,,,
1635307510,1234,481,,,,,,
1635307511,1235,470,,,,,,
1635307512,1236,475,,,,,,
1635307513,1237,474,,,,,,
1635307514,1238,468,,,,,,
1635307515,1239,474,,,,,,
1635307516,1240,470,,,,,,
1635307517,1241,470,,,,,,
1635307518,1242,470,,,,,,
1635307519,1243,464,,,,,,
1635307520,1244,470,,,,,,
1635307521,1245,464,,,,,,
1635307522,1246,464,,,,,,
1635307523,1247,470,,,,,,
1635307524,1248,460,,,,,,
1635307525,1249,468,,,,,,
1635307526,1250,468,,,,,,
1635307527,1251,464,,,,,,
1635307528,1252,468,,,,,,
1635307529,1253,462,,,,,,
1635307530,1254,468,,,,,,
1635307531,1255,462,,,,,,
1635307532,1256,466,,,,,,
1635307533,1257,466,,,,,,
1635307534,1258,458,,,,,,
1635307535,1259,468,,,,,,
1635307536,1260,456,,,,,,
1635307537,1261,464,,,,,,
1635307538,1262,460,,,,,,
1635307539,1263,458,,,,,,
1635307540,1264,466,,,,,,
1635307541,1265,456,,,,,,
1635307542,1266,466,,,,,,
1635307543,1267,464,,,,,,
1635307544,1268,466,,,,,,
1635307545,1269,460,,,,,,
1635307546,1270,458,,,,,,
1635307547,1271,462,,,,,,
1635307548,1272,460,,,,,,
1635307549,1273,458,,,,,,
1635307550,1274,464,,,,,,
1635307551,1275,458,,,,,,
1635307552,1276,464,,,,,,
1635307553,1277,462,,,,,,
1635307554,1278,468,,,,,,
1635307555,1279,462,,,,,,
1635307556,1280,460,,,,,,
1635307557,1281,466,,,,,,
1635307558,1282,464,,,,,,
1635307559,1283,458,,,,,,
1635307560,1284,464,,,,,,
1635307561,1285,466,,,,,,
1635307562,1286,458,,,,,,
1635307563,1287,466,,,,,,
1635307564,1288,460,,,,,,
1635307565,1289,464,,,,,,
1635307566,1290,462,,,,,,
1635307567,1291,466,,,,,,
1635307568,1292,468,,,,,,
1635307569,1293,460,,,,,,
1635307570,1294,466,,,,,,
1635307571,1295,462,,,,,,
1635307572,1296,460,,,,,,
1635307573,1297,464,,,,,,
1635307574,1298,458,,,,,,
1635307575,1299,460,,,,,,
1635307576,1300,466,,,,,,
1635307577,1301,458,,,,,,
1635307578,1302,466,,,,,,
1635307579,1303,456,,,,,,
1635307580,1304,464,,,,,,
1635307581,1305,464,,,,,,
1635307582,1306,462,,,,,,
1635307583,1307,464,,,,,,
1635307584,1308,460,,,,,,
1635307585,1309,458,,,,,,
1635307586,1310,464,,,,,,
1635307587,1311,458,,,,,,
1635307588,1312,458,,,,,,
1635307589,1313,458,,,,,,
1635307590,1314,460,,,,,,
1635307591,1315,456,,,,,,
1635307592,1316,460,,,,,,
1635307593,1317,464,,,,,,
1635307594,1318,464,,,,,,
1635307595,1319,464,,,,,,
1635307596,1320,464,,,,,,
1635307597,1321,462,,,,,,
1635307598,1322,456,,,,,,
1635307599,1323,466,,,,,,
1635307600,1324,464,,,,,,
1635307601,1325,462,,,,,,
1635307602,1326,464,,,,,,
1635307603,1327,454,,,,,,
1635307604,1328,462,,,,,,
1635307605,1329,462,,,,,,
1635307606,1330,462,,,,,,
1635307607,1331,464,,,,,,
1635307608,1332,452,,,,,,
1635307609,1333,462,,,,,,
1635307610,1334,456,,,,,,
1635307611,1335,458,,,,,,
1635307612,1336,460,,,,,,
1635307613,1337,460,,,,,,
1635307614,1338,456,,,,,,
1635307615,1339,464,,,,,,
1635307616,1340,458,,,,,,
1635307617,1341,456,,,,,,
1635307618,1342,458,,,,,,
1635307619,1343,456,,,,,,
1635307620,1344,464,,,,,,
1635307621,1345,462,,,,,,
1635307622,1346,456,,,,,,
1635307623,1347,454,,,,,,
1635307624,1348,456,,,,,,
1635307625,1349,460,,,,,,
1635307626,1350,464,,,,,,
1635307627,1351,456,,,,,,
1635307628,1352,460,,,,,,
1635307629,1353,460,,,,,,
1635307630,1354,452,,,,,,
1635307631,1355,460,,,,,,
1635307632,1356,460,,,,,,
1635307633,1357,454,,,,,,
1635307634,1358,456,,,,,,
1635307635,1359,460,,,,,,
1635307636,1360,452,,,,,,
1635307637,1361,460,,,,,,
1635307638,1362,454,,,,,,
1635307639,1363,460,,,,,,
1635307640,1364,464,,,,,,
1635307641,1365,454,,,,,,
1635307642,1366,460,,,,,,
1635307643,1367,454,,,,,,
1635307644,1368,456,,,,,,
1635307645,1369,454,,,,,,
1635307646,1370,458,,,,,,
1635307647,1371,454,,,,,,
1635307648,1372,458,,,,,,
1635307649,1373,458,,,,,,
1635307650,1374,452,,,,,,
1635307651,1375,460,,,,,,
1635307652,1376,458,,,,,,
1635307653,1377,452,,,,,,
1635307654,1378,460,,,,,,
1635307655,1379,454,,,,,,
1635307656,1380,452,,,,,,
1635307657,1381,460,,,,,,
1635307658,1382,452,,,,,,
1635307659,1383,460,,,,,,
1635307660,1384,456,,,,,,
1635307661,1385,462,,,,,,
1635307662,1386,458,,,,,,
1635307663,1387,462,,,,,,
1635307664,1388,450,,,,,,
1635307665,1389,456,,,,,,
1635307666,1390,458,,,,,,
1635307667,1391,456,,,,,,
1635307668,1392,456,,,,,,
1635307669,1393,458,,,,,,
1635307670,1394,456,,,,,,
1635307671,1395,460,,,,,,
1635307672,1396,458,,,,,,
1635307673,1397,456,,,,,,
1635307674,1398,452,,,,,,
1635307675,1399,450,,,,,,
1635307676,1400,458,,,,,,
1635307677,1401,456,,,,,,
1635307678,1402,452,,,,,,
1635307679,1403,450,,,,,,
1635307680,1404,456,,,,,,
1635307681,1405,456,,,,,,
1635307682,1406,452,,,,,,
1635307683,1407,456,,,,,,
1635307684,1408,452,,,,,,
1635307685,1409,452,,,,,,
1635307686,1410,456,,,,,,
1635307687,1411,462,,,,,,
1635307688,1412,456,,,,,,
1635307689,1413,454,,,,,,
1635307690,1414,458,,,,,,
1635307691,1415,456,,,,,,
1635307692,1416,456,,,,,,
1635307693,1417,454,,,,,,
1635307694,1418,450,,,,,,
1635307695,1419,454,,,,,,
1635307696,1420,452,,,,,,
1635307697,1421,450,,,,,,
1635307698,1422,454,,,,,,
1635307699,1423,454,,,,,,
1635307700,1424,452,,,,,,
1635307701,1425,454,,,,,,
1635307702,1426,450,,,,,,
1635307703,1427,456,,,,,,
1635307704,1428,458,,,,,,
1635307705,1429,454,,,,,,
1635307706,1430,452,,,,,,
1635307707,1431,456,,,,,,
1635307708,1432,450,,,,,,
1635307709,1433,456,,,,,,
1635307710,1434,458,,,,,,
1635307711,1435,450,,,,,,
1635307712,1436,458,,,,,,
1635307713,1437,454,,,,,,
1635307714,1438,452,,,,,,
1635307715,1439,456,,,,,,
1635307716,1440,452,,,,,,
1635307717,1441,448,,,,,,
1635307718,1442,456,,,,,,
1635307719,1443,454,,,,,,
1635307720,1444,456,,,,,,
1635307721,1445,454,,,,,,
1635307722,1446,448,,,,,,
1635307723,1447,450,,,,,,
1635307724,1448,452,,,,,,
1635307725,1449,448,,,,,,
1635307726,1450,448,,,,,,
1635307727,1451,454,,,,,,
1635307728,1452,450,,,,,,
1635307729,1453,456,,,,,,
1635307730,1454,454,,,,,,
1635307731,1455,454,,,,,,
1635307732,1456,454,,,,,,
1635307733,1457,452,,,,,,
1635307734,1458,448,,,,,,
1635307735,1459,448,,,,,,
1635307736,1460,458,,,,,,
1635307737,1461,454,,,,,,
1635307738,1462,450,,,,,,
1635307739,1463,454,,,,,,
1635307740,1464,446,,,,,,
1635307741,1465,446,,,,,,
1635307742,1466,448,,,,,,
1635307743,1467,454,,,,,,
1635307744,1468,444,,,,,,
1635307745,1469,454,,,,,,
1635307746,1470,456,,,,,,
1635307747,1471,448,,,,,,
1635307748,1472,452,,,,,,
1635307749,1473,452,,,,,,
1635307750,1474,450,,,,,,
1635307751,1475,456,,,,,,
1635307752,1476,456,,,,,,
1635307753,1477,454,,,,,,
1635307754,1478,452,,,,,,
1635307755,1479,450,,,,,,
1635307756,1480,446,,,,,,
1635307757,1481,454,,,,,,
1635307758,1482,450,,,,,,
1635307759,1483,448,,,,,,
1635307760,1484,450,,,,,,
1635307761,1485,454,,,,,,
1635307762,1486,452,,,,,,
1635307763,1487,446,,,,,,
1635307764,1488,454,,,,,,
1635307765,1489,448,,,,,,
1635307766,1490,448,,,,,,
1635307767,1491,452,,,,,,
1635307768,1492,454,,,,,,
1635307769,1493,446,,,,,,
1635307770,1494,454,,,,,,
1635307771,1495,446,,,,,,
1635307772,1496,446,,,,,,
1635307773,1497,450,,,,,,
1635307774,1498,450,,,,,,
1635307775,1499,446,,,,,,
1635307776,1500,444,,,,,,
1635307777,1501,452,,,,,,
1635307778,1502,446,,,,,,
1635307779,1503,452,,,,,,
1635307780,1504,452,,,,,,
1635307781,1505,452,,,,,,
1635307782,1506,448,,,,,,
1635307783,1507,452,,,,,,
1635307784,1508,448,,,,,,
1635307785,1509,446,,,,,,
1635307786,1510,454,,,,,,
1635307787,1511,450,,,,,,
1635307788,1512,446,,,,,,
1635307789,1513,448,,,,,,
1635307790,1514,452,,,,,,
1635307791,1515,452,,,,,,
1635307792,1516,446,,,,,,
1635307793,1517,452,,,,,,
1635307794,1518,450,,,,,,
1635307795,1519,446,,,,,,
1635307796,1520,454,,,,,,
1635307797,1521,450,,,,,,
1635307798,1522,448,,,,,,
1635307799,1523,446,,,,,,
1635307800,1524,454,,,,,,
1635307801,1525,448,,,,,,
1635307802,1526,444,,,,,,
1635307803,1527,446,,,,,,
1635307804,1528,452,,,,,,
1635307805,1529,450,,,,,,
1635307806,1530,452,,,,,,
1635307807,1531,450,,,,,,
1635307808,1532,446,,,,,,
1635307809,1533,450,,,,,,
1635307810,1534,454,,,,,,
1635307811,1535,446,,,,,,
1635307812,1536,450,,,,,,
1635307813,1537,448,,,,,,
1635307814,1538,448,,,,,,
1635307815,1539,448,,,,,,
1635307816,1540,448,,,,,,
1635307817,1541,450,,,,,,
1635307818,1542,442,,,,,,
1635307819,1543,450,,,,,,
1635307820,1544,452,,,,,,
1635307821,1545,446,,,,,,
1635307822,1546,450,,,,,,
1635307823,1547,444,,,,,,
1635307824,1548,450,,,,,,
1635307825,1549,446,,,,,,
1635307826,1550,448,,,,,,
1635307827,1551,448,,,,,,
1635307828,1552,444,,,,,,
1635307829,1553,444,,,,,,
1635307830,1554,444,,,,,,
1635307831,1555,452,,,,,,
1635307832,1556,446,,,,,,
1635307833,1557,444,,,,,,
1635307834,1558,450,,,,,,
1635307835,1559,448,,,,,,
1635307836,1560,444,,,,,,
1635307837,1561,444,,,,,,
1635307838,1562,452,,,,,,
1635307839,1563,450,,,,,,
1635307840,1564,444,,,,,,
1635307841,1565,446,,,,,,
1635307842,1566,450,,,,,,
1635307843,1567,448,,,,,,
1635307844,1568,450,,,,,,
1635307845,1569,446,,,,,,
1635307846,1570,450,,,,,,
1635307847,1571,442,,,,,,
1635307848,1572,444,,,,,,
1635307849,1573,448,,,,,,
1635307850,1574,442,,,,,,
1635307851,1575,448,,,,,,
1635307852,1576,450,,,,,,
1635307853,1577,450,,,,,,
1635307854,1578,442,,,,,,
1635307855,1579,446,,,,,,
1635307856,1580,450,,,,,,
1635307857,1581,446,,,,,,
1635307858,1582,440,,,,,,
1635307859,1583,442,,,,,,
1635307860,1584,450,,,,,,
1635307861,1585,448,,,,,,
1635307862,1586,442,,,,,,
1635307863,1587,450,,,,,,
1635307864,1588,446,,,,,,
1635307865,1589,446,,,,,,
1635307866,1590,450,,,,,,
1635307867,1591,440,,,,,,
1635307868,1592,442,,,,,,
1635307869,1593,444,,,,,,
1635307870,1594,448,,,,,,
1635307871,1595,450,,,,,,
1635307872,1596,446,,,,,,
1635307873,1597,450,,,,,,
1635307874,1598,440,,,,,,
1635307875,1599,440,,,,,,
1635307876,1600,444,,,,,,
1635307877,1601,448,,,,,,
1635307878,1602,442,,,,,,
1635307879,1603,440,,,,,,
1635307880,1604,450,,,,,,
1635307881,1605,444,,,,,,
1635307882,1606,442,,,,,,
1635307883,1607,444,,,,,,
1635307884,1608,448,,,,,,
1635307885,1609,444,,,,,,
1635307886,1610,446,,,,,,
1635307887,1611,450,,,,,,
1635307888,1612,446,,,,,,
1635307889,1613,442,,,,,,
1635307890,1614,444,,,,,,
1635307891,1615,448,,,,,,
1635307892,1616,442,,,,,,
1635307893,1617,442,,,,,,
1635307894,1618,444,,,,,,
1635307895,1619,442,,,,,,
1635307896,1620,446,,,,,,
1635307897,1621,450,,,,,,
1635307898,1622,444,,,,,,
1635307899,1623,446,,,,,,
1635307900,1624,446,,,,,,
1635307901,1625,446,,,,,,
1635307902,1626,442,,,,,,
1635307903,1627,442,,,,,,
1635307904,1628,448,,,,,,
1635307905,1629,444,,,,,,
1635307906,1630,440,,,,,,
1635307907,1631,442,,,,,,
1635307908,1632,446,,,,,,
1635307909,1633,450,,,,,,
1635307910,1634,444,,,,,,
1635307911,1635,444,,,,,,
1635307912,1636,446,,,,,,
1635307913,1637,442,,,,,,
1635307914,1638,444,,,,,,
1635307915,1639,446,,,,,,
1635307916,1640,446,,,,,,
1635307917,1641,442,,,,,,
1635307918,1642,450,,,,,,
1635307919,1643,448,,,,,,
1635307920,1644,440,,,,,,
1635307921,1645,450,,,,,,
1635307922,1646,446,,,,,,
1635307923,1647,450,,,,,,
1635307924,1648,444,,,,,,
1635307925,1649,442,,,,,,
1635307926,1650,448,,,,,,
1635307927,1651,440,,,,,,
1635307928,1652,442,,,,,,
1635307929,1653,444,,,,,,
1635307930,1654,446,,,,,,
1635307931,1655,440,,,,,,
1635307932,1656,444,,,,,,
1635307933,1657,448,,,,,,
1635307934,1658,444,,,,,,
1635307935,1659,442,,,,,,
1635307936,1660,446,,,,,,
1635307937,1661,450,,,,,,
1635307938,1662,448,,,,,,
1635307939,1663,442,,,,,,
1635307940,1664,448,,,,,,
1635307941,1665,446,,,,,,
1635307942,1666,440,,,,,,
1635307943,1667,448,,,,,,
1635307944,1668,442,,,,,,
1635307945,1669,440,,,,,,
1635307946,1670,440,,,,,,
1635307947,1671,446,,,,,,
1635307948,1672,444,,,,,,
1635307949,1673,440,,,,,,
1635307950,1674,446,,,,,,
1635307951,1675,438,,,,,,
1635307952,1676,444,,,,,,
1635307953,1677,440,,,,,,
1635307954,1678,444,,,,,,
1635307955,1679,442,,,,,,
1635307956,1680,438,,,,,,
1635307957,1681,444,,,,,,
1635307958,1682,446,,,,,,
1635307959,1683,442,,,,,,
1635307960,1684,446,,,,,,
1635307961,1685,440,,,,,,
1635307962,1686,446,,,,,,
1635307963,1687,442,,,,,,
1635307964,1688,440,,,,,,
1635307965,1689,446,,,,,,
1635307966,1690,442,,,,,,
1635307967,1691,440,,,,,,
1635307968,1692,446,,,,,,
1635307969,1693,448,,,,,,
1635307970,1694,440,,,,,,
1635307971,1695,442,,,,,,
1635307972,1696,446,,,,,,
1635307973,1697,446,,,,,,
1635307974,1698,444,,,,,,
1635307975,1699,444,,,,,,
1635307976,1700,438,,,,,,
1635307977,1701,446,,,,,,
1635307978,1702,442,,,,,,
1635307979,1703,446,,,,,,
1635307980,1704,446,,,,,,
1635307981,1705,444,,,,,,
1635307982,1706,448,,,,,,
1635307983,1707,442,,,,,,
1635307984,1708,448,,,,,,
1635307985,1709,446,,,,,,
1635307986,1710,440,,,,,,
1635307987,1711,444,,,,,,
1635307988,1712,448,,,,,,
1635307989,1713,442,,,,,,
1635307990,1714,444,,,,,,
1635307991,1715,446,,,,,,
1635307992,1716,442,,,,,,
1635307993,1717,440,,,,,,
1635307994,1718,444,,,,,,
1635307995,1719,444,,,,,,
1635307996,1720,444,,,,,,
1635307997,1721,444,,,,,,
1635307998,1722,440,,,,,,
1635307999,1723,448,,,,,,
1635308000,1724,440,,,,,,
1635308001,1725,446,,,,,,
1635308002,1726,444,,,,,,
1635308003,1727,442,,,,,,
1635308004,1728,444,,,,,,
1635308005,1729,446,,,,,,
1635308006,1730,446,,,,,,
1635308007,1731,436,,,,,,
1635308008,1732,438,,,,,,
1635308009,1733,444,,,,,,
1635308010,1734,446,,,,,,
1635308011,1735,440,,,,,,
1635308012,1736,438,,,,,,
1635308013,1737,448,,,,,,
1635308014,1738,440,,,,,,
1635308015,1739,440,,,,,,
1635308016,1740,442,,,,,,
1635308017,1741,446,,,,,,
1635308018,1742,444,,,,,,
1635308019,1743,442,,,,,,
1635308020,1744,446,,,,,,
1635308021,1745,440,,,,,,
1635308022,1746,440,,,,,,
1635308023,1747,438,,,,,,
1635308024,1748,444,,,,,,
1635308025,1749,444,,,,,,
1635308026,1750,440,,,,,,
1635308027,1751,446,,,,,,
1635308028,1752,440,,,,,,
1635308029,1753,442,,,,,,
1635308030,1754,446,,,,,,
1635308031,1755,446,,,,,,
1635308032,1756,444,,,,,,
1635308033,1757,444,,,,,,
1635308034,1758,440,,,,,,
1635308035,1759,446,,,,,,
1635308036,1760,442,,,,,,
1635308037,1761,438,,,,,,
1635308038,1762,440,,,,,,
1635308039,1763,442,,,,,,
1635308040,1764,440,,,,,,
1635308041,1765,442,,,,,,
1635308042,1766,448,,,,,,
1635308043,1767,444,,,,,,
1635308044,1768,438,,,,,,
1635308045,1769,440,,,,,,
1635308046,1770,446,,,,,,
1635308047,1771,448,,,,,,
1635308048,1772,438,,,,,,
1635308049,1773,446,,,,,,
1635308050,1774,446,,,,,,
1635308051,1775,444,,,,,,
1635308052,1776,442,,,,,,
1635308053,1777,444,,,,,,
1635308054,1778,444,,,,,,
1635308055,1779,438,,,,,,
1635308056,1780,448,,,,,,
1635308057,1781,444,,,,,,
1635308058,1782,440,,,,,,
1635308059,1783,438,,,,,,
1635308060,1784,440,,,,,,
1635308061,1785,446,,,,,,
1635308062,1786,438,,,,,,
1635308063,1787,442,,,,,,
1635308064,1788,440,,,,,,
1635308065,1789,438,,,,,,
1635308066,1790,444,,,,,,
1635308067,1791,442,,,,,,
1635308068,1792,448,,,,,,
1635308069,1793,440,,,,,,
1635308070,1794,440,,,,,,
1635308071,1795,446,,,,,,
1635308072,1796,442,,,,,,
1635308073,1797,438,,,,,,
1635308074,1798,440,,,,,,
1635308075,1799,446,,,,,,
1635308076,1800,444,,,,,,
1635308077,1801,438,,,,,,
1635308078,1802,446,,,,,,
1635308079,1803,442,,,,,,
1635308080,1804,446,,,,,,
1635308081,1805,440,,,,,,
1635308082,1806,446,,,,,,
1635308083,1807,444,,,,,,
1635308084,1808,440,,,,,,
1635308085,1809,444,,,,,,
1635308086,1810,446,,,,,,
1635308087,1811,444,,,,,,
1635308088,1812,442,,,,,,
1635308089,1813,436,,,,,,
1635308090,1814,446,,,,,,
1635308091,1815,444,,,,,,
1635308092,1816,440,,,,,,
1635308093,1817,444,,,,,,
1635308094,1818,446,,,,,,
1635308095,1819,444,,,,,,
1635308096,1820,440,,,,,,
1635308097,1821,444,,,,,,
1635308098,1822,444,,,,,,
1635308099,1823,444,,,,,,
1635308100,1824,438,,,,,,
1635308101,1825,440,,,,,,
1635308102,1826,448,,,,,,
1635308103,1827,440,,,,,,
1635308104,1828,440,,,,,,
1635308105,1829,440,,,,,,
1635308106,1830,444,,,,,,
1635308107,1831,442,,,,,,
1635308108,1832,438,,,,,,
1635308109,1833,438,,,,,,
1635308110,1834,442,,,,,,
1635308111,1835,440,,,,,,
1635308112,1836,438,,,,,,
1635308113,1837,446,,,,,,
1635308114,1838,442,,,,,,
1635308115,1839,438,,,,,,
1635308116,1840,440,,,,,,
1635308117,1841,442,,,,,,
1635308118,1842,444,,,,,,
1635308119,1843,436,,,,,,
1635308120,1844,438,,,,,,
1635308121,1845,442,,,,,,
1635308122,1846,444,,,,,,
1635308123,1847,438,,,,,,
1635308124,1848,436,,,,,,
1635308125,1849,444,,,,,,
1635308126,1850,442,,,,,,
1635308127,1851,438,,,,,,
1635308128,1852,440,,,,,,
1635308129,1853,444,,,,,,
1635308130,1854,446,,,,,,
1635308131,1855,442,,,,,,
1635308132,1856,438,,,,,,
1635308133,1857,440,,,,,,
1635308134,1858,442,,,,,,
1635308135,1859,440,,,,,,
1635308136,1860,438,,,,,,
1635308137,1861,438,,,,,,
1635308138,1862,444,,,,,,
1635308139,1863,444,,,,,,
1635308140,1864,438,,,,,,
1635308141,1865,438,,,,,,
1635308142,1866,442,,,,,,
1635308143,1867,446,,,,,,
1635308144,1868,438,,,,,,
1635308145,1869,438,,,,,,
1635308146,1870,442,,,,,,
1635308147,1871,442,,,,,,
1635308148,1872,438,,,,,,
1635308149,1873,438,,,,,,
1635308150,1874,440,,,,,,
1635308151,1875,440,,,,,,
1635308152,1876,436,,,,,,
1635308153,1877,440,,,,,,
1635308154,1878,444,,,,,,
1635308155,1879,444,,,,,,
1635308156,1880,438,,,,,,
1635308157,1881,438,,,,,,
1635308158,1882,442,,,,,,
1635308159,1883,444,,,,,,
1635308160,1884,438,,,,,,
1635308161,1885,438,,,,,,
1635308162,1886,444,,,,,,
1635308163,1887,442,,,,,,
1635308164,1888,436,,,,,,
1635308165,1889,438,,,,,,
1635308166,1890,442,,,,,,
1635308167,1891,440,,,,,,
1635308168,1892,438,,,,,,
1635308169,1893,440,,,,,,
1635308170,1894,440,,,,,,
1635308171,1895,440,,,,,,
1635308172,1896,446,,,,,,
1635308173,1897,442,,,,,,
1635308174,1898,442,,,,,,
1635308175,1899,444,,,,,,
1635308176,1900,438,,,,,,
1635308177,1901,446,,,,,,
1635308178,1902,446,,,,,,
1635308179,1903,444,,,,,,
1635308180,1904,438,,,,,,
1635308181,1905,440,,,,,,
1635308182,1906,440,,,,,,
1635308183,1907,436,,,,,,
1635308184,1908,436,,,,,,
1635308185,1909,442,,,,,,
1635308186,1910,440,,,,,,
1635308187,1911,440,,,,,,
1635308188,1912,448,,,,,,
1635308189,1913,448,,,,,,
1635308190,1914,446,,,,,,
1635308191,1915,450,,,,,,
1635308192,1916,444,,,,,,
1635308193,1917,450,,,,,,
1635308194,1918,450,,,,,,
1635308195,1919,450,,,,,,
1635308196,1920,448,,,,,,
1635308197,1921,448,,,,,,
1635308198,1922,452,,,,,,
1635308199,1923,460,,,,,,
1635308200,1924,454,,,,,,
1635308201,1925,468,,,,,,
1635308202,1926,501,,,,,,
1635308203,1927,509,,,,,,
1635308204,1928,513,,,,,,
1635308205,1929,513,,,,,,
1635308206,1930,497,,,,,,
1635308207,1931,474,,,,,,
1635308208,1932,458,,,,,,
1635308209,1933,462,,,,,,
1635308210,1934,458,,,,,,
1635308211,1935,462,,,,,,
1635308212,1936,462,,,,,,
1635308213,1937,462,,,,,,
1635308214,1938,454,,,,,,
1635308215,1939,450,,,,,,
1635308216,1940,448,,,,,,
1635308217,1941,454,,,,,,
1635308218,1942,450,,,,,,
1635308219,1943,456,,,,,,
1635308220,1944,454,,,,,,
1635308221,1945,450,,,,,,
1635308222,1946,450,,,,,,
1635308223,1947,444,,,,,,
1635308224,1948,448,,,,,,
1635308225,1949,442,,,,,,
1635308226,1950,444,,,,,,
1635308227,1951,442,,,,,,
1635308228,1952,448,,,,,,
1635308229,1953,446,,,,,,
1635308230,1954,448,,,,,,
1635308231,1955,446,,,,,,
1635308232,1956,442,,,,,,
1635308233,1957,448,,,,,,
1635308234,1958,448,,,,,,
1635308235,1959,442,,,,,,
1635308236,1960,442,,,,,,
1635308237,1961,438,,,,,,
1635308238,1962,444,,,,,,
1635308239,1963,446,,,,,,
1635308240,1964,444,,,,,,
1635308241,1965,452,,,,,,
1635308242,1966,442,,,,,,
1635308243,1967,444,,,,,,
1635308244,1968,446,,,,,,
1635308245,1969,450,,,,,,
1635308246,1970,446,,,,,,
1635308247,1971,442,,,,,,
1635308248,1972,442,,,,,,
1635308249,1973,448,,,,,,
1635308250,1974,446,,,,,,
1635308251,1975,446,,,,,,
1635308252,1976,444,,,,,,
1635308253,1977,444,,,,,,
1635308254,1978,440,,,,,,
1635308255,1979,438,,,,,,
1635308256,1980,446,,,,,,
1635308257,1981,442,,,,,,
1635308258,1982,440,,,,,,
1635308259,1983,444,,,,,,
1635308260,1984,446,,,,,,
1635308261,1985,440,,,,,,
1635308262,1986,436,,,,,,
1635308263,1987,440,,,,,,
1635308264,1988,444,,,,,,
1635308265,1989,440,,,,,,
1635308266,1990,440,,,,,,
1635308267,1991,448,,,,,,
1635308268,1992,446,,,,,,
1635308269,1993,444,,,,,,
1635308270,1994,442,,,,,,
1635308271,1995,442,,,,,,
1635308272,1996,444,,,,,,
1635308273,1997,440,,,,,,
1635308274,1998,444,,,,,,
1635308275,1999,440,,,,,,
1635308276,2000,442,,,,,,
1635308277,2001,442,,,,,,
1635308278,2002,442,,,,,,
1635308279,2003,446,,,,,,
1635308280,2004,444,,,,,,
1635308281,2005,444,,,,,,
1635308282,2006,450,,,,,,
1635308283,2007,446,,,,,,
1635308284,2008,1128,,,,,,
1635308285,2009,1735,,,,,,
1635308286,2010,1975,,,,,,
1635308287,2011,1975,,,,,,
1635308288,2012,1873,,,,,,
1635308289,2013,1277,,,,,,
1635308290,2014,1209,,,,,,
1635308291,2015,1115,,,,,,
1635308292,2016,988,,,,,,
1635308293,2017,649,,,,,,
1635308294,2018,626,,,,,,
1635308295,2019,624,,,,,,
1635308296,2020,618,,,,,,
1635308297,2021,550,,,,,,
1635308298,2022,536,,,,,,
1635308299,2023,503,,,,,,
1635308300,2024,507,,,,,,
1635308301,2025,501,,,,,,
1635308302,2026,497,,,,,,
1635308303,2027,472,,,,,,
1635308304,2028,464,,,,,,
1635308305,2029,468,,,,,,
1635308306,2030,462,,,,,,
1635308307,2031,460,,,,,,
1635308308,2032,462,,,,,,
1635308309,2033,458,,,,,,
1635308310,2034,466,,,,,,
1635308311,2035,450,,,,,,
1635308312,2036,454,,,,,,
1635308313,2037,456,,,,,,
1635308314,2038,454,,,,,,
1635308315,2039,452,,,,,,
1635308316,2040,456,,,,,,
1635308317,2041,462,,,,,,
1635308318,2042,458,,,,,,
1635308319,2043,450,,,,,,
1635308320,2044,452,,,,,,
1635308321,2045,456,,,,,,
1635308322,2046,458,,,,,,
1635308323,2047,458,,,,,,
1635308324,2048,446,,,,,,
1635308325,2049,448,,,,,,
1635308326,2050,446,,,,,,
1635308327,2051,450,,,,,,
1635308328,2052,450,,,,,,
1635308329,2053,446,,,,,,
1635308330,2054,454,,,,,,
1635308331,2055,454,,,,,,
1635308332,2056,450,,,,,,
1635308333,2057,448,,,,,,
1635308334,2058,450,,,,,,
1635308335,2059,450,,,,,,
1635308336,2060,446,,,,,,
1635308337,2061,448,,,,,,
1635308338,2062,454,,,,,,
1635308339,2063,452,,,,,,
1635308340,2064,450,,,,,,
1635308341,2065,452,,,,,,
1635308342,2066,452,,,,,,
1635308343,2067,446,,,,,,
1635308344,2068,444,,,,,,
1635308345,2069,450,,,,,,
1635308346,2070,444,,,,,,
1635308347,2071,442,,,,,,
1635308348,2072,448,,,,,,
1635308349,2073,452,,,,,,
1635308350,2074,450,,,,,,
1635308351,2075,444,,,,,,
1635308352,2076,450,,,,,,
1635308353,2077,450,,,,,,
1635308354,2078,444,,,,,,
1635308355,2079,450,,,,,,
1635308356,2080,446,,,,,,
1635308357,2081,442,,,,,,
1635308358,2082,446,,,,,,
1635308359,2083,452,,,,,,
1635308360,2084,448,,,,,,
1635308361,2085,444,,,,,,
1635308362,2086,446,,,,,,
1635308363,2087,450,,,,,,
1635308364,2088,448,,,,,,
1635308365,2089,446,,,,,,
1635308366,2090,446,,,,,,
1635308367,2091,452,,,,,,
1635308368,2092,448,,,,,,
1635308369,2093,448,,,,,,
1635308370,2094,452,,,,,,
1635308371,2095,442,,,,,,
1635308372,2096,450,,,,,,
1635308373,2097,452,,,,,,
1635308374,2098,450,,,,,,
1635308375,2099,448,,,,,,
1635308376,2100,448,,,,,,
1635308377,2101,454,,,,,,
1635308378,2102,446,,,,,,
1635308379,2103,448,,,,,,
1635308380,2104,446,,,,,,
1635308381,2105,452,,,,,,
1635308382,2106,452,,,,,,
1635308383,2107,448,,,,,,
1635308384,2108,448,,,,,,
1635308385,2109,452,,,,,,
1635308386,2110,456,,,,,,
1635308387,2111,450,,,,,,
1635308388,2112,450,,,,,,
1635308389,2113,456,,,,,,
1635308390,2114,448,,,,,,
1635308391,2115,446,,,,,,
1635308392,2116,446,,,,,,
1635308393,2117,454,,,,,,
1635308394,2118,446,,,,,,
1635308395,2119,446,,,,,,
1635308396,2120,452,,,,,,
1635308397,2121,452,,,,,,
1635308398,2122,452,,,,,,
1635308399,2123,452,,,,,,
1635308400,2124,454,,,,,,
1635308401,2125,452,,,,,,
1635308402,2126,454,,,,,,
1635308403,2127,450,,,,,,
1635308404,2128,450,,,,,,
1635308405,2129,448,,,,,,
1635308406,2130,450,,,,,,
1635308407,2131,450,,,,,,
1635308408,2132,454,,,,,,
1635308409,2133,452,,,,,,
1635308410,2134,450,,,,,,
1635308411,2135,446,,,,,,
1635308412,2136,452,,,,,,
1635308413,2137,446,,,,,,
1635308414,2138,448,,,,,,
1635308415,2139,454,,,,,,
1635308416,2140,450,,,,,,
1635308417,2141,450,,,,,,
1635308418,2142,446,,,,,,
1635308419,2143,456,,,,,,
1635308420,2144,454,,,,,,
1635308421,2145,448,,,,,,
1635308422,2146,448,,,,,,
1635308423,2147,454,,,,,,
1635308424,2148,454,,,,,,
1635308425,2149,448,,,,,,
1635308426,2150,452,,,,,,
1635308427,2151,452,,,,,,
1635308428,2152,452,,,,,,
1635308429,2153,450,,,,,,
1635308430,2154,456,,,,,,
1635308431,2155,454,,,,,,
1635308432,2156,450,,,,,,
1635308433,2157,456,,,,,,
1635308434,2158,452,,,,,,
1635308435,2159,456,,,,,,
1635308436,2160,456,,,,,,
1635308437,2161,452,,,,,,
1635308438,2162,450,,,,,,
1635308439,2163,452,,,,,,
1635308440,2164,454,,,,,,
1635308441,2165,452,,,,,,
1635308442,2166,456,,,,,,
1635308443,2167,454,,,,,,
1635308444,2168,450,,,,,,
1635308445,2169,450,,,,,,
1635308446,2170,454,,,,,,
1635308447,2171,456,,,,,,
1635308448,2172,454,,,,,,
1635308449,2173,458,,,,,,
1635308450,2174,452,,,,,,
1635308451,2175,448,,,,,,
1635308452,2176,452,,,,,,
1635308453,2177,458,,,,,,
1635308454,2178,450,,,,,,
1635308455,2179,456,,,,,,
1635308456,2180,456,,,,,,
1635308457,2181,456,,,,,,
1635308458,2182,450,,,,,,
1635308459,2183,452,,,,,,
1635308460,2184,456,,,,,,
1635308461,2185,448,,,,,,
1635308462,2186,452,,,,,,
1635308463,2187,454,,,,,,
1635308464,2188,448,,,,,,
1635308465,2189,450,,,,,,
1635308466,2190,448,,,,,,
1635308467,2191,450,,,,,,
1635308468,2192,456,,,,,,
1635308469,2193,456,,,,,,
1635308470,2194,452,,,,,,
1635308471,2195,452,,,,,,
1635308472,2196,450,,,,,,
1635308473,2197,454,,,,,,
1635308474,2198,450,,,,,,
1635308475,2199,452,,,,,,
1635308476,2200,450,,,,,,
1635308477,2201,448,,,,,,
1635308478,2202,454,,,,,,
1635308479,2203,450,,,,,,
1635308480,2204,454,,,,,,
1635308481,2205,450,,,,,,
1635308482,2206,448,,,,,,
1635308483,2207,454,,,,,,
1635308484,2208,454,,,,,,
1635308485,2209,458,,,,,,
1635308486,2210,454,,,,,,
1635308487,2211,450,,,,,,
1635308488,2212,444,,,,,,
1635308489,2213,1975,,,,,,
1635308490,2214,1975,,,,,,
1635308491,2215,1369,,,,,,
1635308492,2216,1412,,,,,,
1635308493,2217,1033,,,,,,
1635308494,2218,1027,,,,,,
1635308495,2219,962,,,,,,
1635308496,2220,872,,,,,,
1635308497,2221,802,,,,,,
1635308498,2222,816,,,,,,
1635308499,2223,773,,,,,,
1635308500,2224,669,,,,,,
1635308501,2225,630,,,,,,
1635308502,2226,606,,,,,,
1635308503,2227,567,,,,,,
1635308504,2228,556,,,,,,
1635308505,2229,552,,,,,,
1635308506,2230,565,,,,,,
1635308507,2231,579,,,,,,
1635308508,2232,532,,,,,,
1635308509,2233,509,,,,,,
1635308510,2234,483,,,,,,
1635308511,2235,483,,,,,,
1635308512,2236,493,,,,,,
1635308513,2237,487,,,,,,
1635308514,2238,474,,,,,,
1635308515,2239,468,,,,,,
1635308516,2240,472,,,,,,
1635308517,2241,466,,,,,,
1635308518,2242,462,,,,,,
1635308519,2243,472,,,,,,
1635308520,2244,466,,,,,,
1635308521,2245,458,,,,,,
1635308522,2246,456,,,,,,
1635308523,2247,460,,,,,,
1635308524,2248,452,,,,,,
1635308525,2249,456,,,,,,
1635308526,2250,458,,,,,,
1635308527,2251,454,,,,,,
1635308528,2252,462,,,,,,
1635308529,2253,456,,,,,,
1635308530,2254,458,,,,,,
1635308531,2255,458,,,,,,
1635308532,2256,462,,,,,,
1635308533,2257,470,,,,,,
1635308534,2258,477,,,,,,
1635308535,2259,487,,,,,,
1635308536,2260,479,,,,,,
1635308537,2261,466,,,,,,
1635308538,2262,470,,,,,,
1635308539,2263,462,,,,,,
1635308540,2264,458,,,,,,
1635308541,2265,468,,,,,,
1635308542,2266,466,,,,,,
1635308543,2267,466,,,,,,
1635308544,2268,474,,,,,,
1635308545,2269,477,,,,,,
1635308546,2270,468,,,,,,
1635308547,2271,497,,,,,,
1635308548,2272,479,,,,,,
1635308549,2273,589,,,,,,
1635308550,2274,546,,,,,,
1635308551,2275,495,,,,,,
1635308552,2276,501,,,,,,
1635308553,2277,479,,,,,,
1635308554,2278,470,,,,,,
1635308555,2279,472,,,,,,
1635308556,2280,468,,,,,,
1635308557,2281,464,,,,,,
1635308558,2282,470,,,,,,
1635308559,2283,460,,,,,,
1635308560,2284,460,,,,,,
1635308561,2285,460,,,,,,
1635308562,2286,462,,,,,,
1635308563,2287,456,,,,,,
1635308564,2288,464,,,,,,
1635308565,2289,466,,,,,,
1635308566,2290,462,,,,,,
1635308567,2291,458,,,,,,
1635308568,2292,462,,,,,,
1635308569,2293,458,,,,,,
1635308570,2294,462,,,,,,
1635308571,2295,458,,,,,,
1635308572,2296,454,,,,,,
1635308573,2297,456,,,,,,
1635308574,2298,454,,,,,,
1635308575,2299,456,,,,,,
1635308576,2300,450,,,,,,
1635308577,2301,454,,,,,,
1635308578,2302,456,,,,,,
1635308579,2303,454,,,,,,
1635308580,2304,454,,,,,,
1635308581,2305,456,,,,,,
1635308582,2306,452,,,,,,
1635308583,2307,450,,,,,,
1635308584,2308,458,,,,,,
1635308585,2309,452,,,,,,
1635308586,2310,452,,,,,,
1635308587,2311,454,,,,,,
1635308588,2312,450,,,,,,
1635308589,2313,456,,,,,,
1635308590,2314,456,,,,,,
1635308591,2315,456,,,,,,
1635308592,2316,458,,,,,,
1635308593,2317,458,,,,,,
1635308594,2318,458,,,,,,
1635308595,2319,454,,,,,,
1635308596,2320,452,,,,,,
1635308597,2321,452,,,,,,
1635308598,2322,458,,,,,,
1635308599,2323,460,,,,,,
1635308600,2324,458,,,,,,
1635308601,2325,454,,,,,,
1635308602,2326,456,,,,,,
1635308603,2327,454,,,,,,
1635308604,2328,452,,,,,,
1635308605,2329,450,,,,,,
1635308606,2330,456,,,,,,
1635308607,2331,452,,,,,,
1635308608,2332,458,,,,,,
1635308609,2333,458,,,,,,
1635308610,2334,450,,,,,,
1635308611,2335,460,,,,,,
1635308612,2336,460,,,,,,
1635308613,2337,450,,,,,,
1635308614,2338,458,,,,,,
1635308615,2339,456,,,,,,
1635308616,2340,458,,,,,,
1635308617,2341,458,,,,,,
1635308618,2342,452,,,,,,
1635308619,2343,454,,,,,,
1635308620,2344,454,,,,,,
1635308621,2345,456,,,,,,
1635308622,2346,454,,,,,,
1635308623,2347,458,,,,,,
1635308624,2348,454,,,,,,
1635308625,2349,454,,,,,,
1635308626,2350,458,,,,,,
1635308627,2351,452,,,,,,
1635308628,2352,456,,,,,,
1635308629,2353,454,,,,,,
1635308630,2354,456,,,,,,
1635308631,2355,452,,,,,,
1635308632,2356,454,,,,,,
1635308633,2357,458,,,,,,
1635308634,2358,458,,,,,,
1635308635,2359,456,,,,,,
1635308636,2360,456,,,,,,
1635308637,2361,450,,,,,,
1635308638,2362,452,,,,,,
1635308639,2363,460,,,,,,
1635308640,2364,450,,,,,,
1635308641,2365,452,,,,,,
1635308642,2366,458,,,,,,
1635308643,2367,452,,,,,,
1635308644,2368,450,,,,,,
1635308645,2369,452,,,,,,
1635308646,2370,452,,,,,,
1635308647,2371,458,,,,,,
1635308648,2372,458,,,,,,
1635308649,2373,458,,,,,,
1635308650,2374,458,,,,,,
1635308651,2375,452,,,,,,
1635308652,2376,452,,,,,,
1635308653,2377,460,,,,,,
1635308654,2378,456,,,,,,
1635308655,2379,452,,,,,,
1635308656,2380,454,,,,,,
1635308657,2381,460,,,,,,
1635308658,2382,458,,,,,,
1635308659,2383,452,,,,,,
1635308660,2384,458,,,,,,
1635308661,2385,454,,,,,,
1635308662,2386,456,,,,,,
1635308663,2387,456,,,,,,
1635308664,2388,458,,,,,,
1635308665,2389,452,,,,,,
1635308666,2390,460,,,,,,
1635308667,2391,458,,,,,,
1635308668,2392,448,,,,,,
1635308669,2393,458,,,,,,
1635308670,2394,456,,,,,,
1635308671,2395,450,,,,,,
1635308672,2396,456,,,,,,
1635308673,2397,456,,,,,,
1635308674,2398,452,,,,,,
1635308675,2399,456,,,,,,
1635308676,2400,456,,,,,,
1635308677,2401,458,,,,,,
1635308678,2402,450,,,,,,
1635308679,2403,458,,,,,,
1635308680,2404,456,,,,,,
1635308681,2405,452,,,,,,
1635308682,2406,448,,,,,,
1635308683,2407,456,,,,,,
1635308684,2408,458,,,,,,
1635308685,2409,456,,,,,,
1635308686,2410,450,,,,,,
1635308687,2411,448,,,,,,
1635308688,2412,458,,,,,,
1635308689,2413,452,,,,,,
1635308690,2414,458,,,,,,
1635308691,2415,458,,,,,,
1635308692,2416,450,,,,,,
1635308693,2417,448,,,,,,
1635308694,2418,456,,,,,,
1635308695,2419,450,,,,,,
1635308696,2420,448,,,,,,
1635308697,2421,450,,,,,,
1635308698,2422,456,,,,,,
1635308699,2423,452,,,,,,
1635308700,2424,450,,,,,,
1635308701,2425,454,,,,,,
1635308702,2426,452,,,,,,
1635308703,2427,448,,,,,,
1635308704,2428,454,,,,,,
1635308705,2429,458,,,,,,
1635308706,2430,452,,,,,,
1635308707,2431,456,,,,,,
1635308708,2432,454,,,,,,
1635308709,2433,456,,,,,,
1635308710,2434,450,,,,,,
1635308711,2435,456,,,,,,
1635308712,2436,454,,,,,,
1635308713,2437,450,,,,,,
1635308714,2438,454,,,,,,
1635308715,2439,448,,,,,,
1635308716,2440,448,,,,,,
1635308717,2441,454,,,,,,
1635308718,2442,452,,,,,,
1635308719,2443,456,,,,,,
1635308720,2444,456,,,,,,
1635308721,2445,448,,,,,,
1635308722,2446,448,,,,,,
1635308723,2447,456,,,,,,
1635308724,2448,450,,,,,,
1635308725,2449,448,,,,,,
1635308726,2450,446,,,,,,
1635308727,2451,450,,,,,,
1635308728,2452,454,,,,,,
1635308729,2453,448,,,,,,
1635308730,2454,454,,,,,,
1635308731,2455,446,,,,,,
1635308732,2456,452,,,,,,
1635308733,2457,454,,,,,,
1635308734,2458,454,,,,,,
1635308735,2459,452,,,,,,
1635308736,2460,450,,,,,,
1635308737,2461,452,,,,,,
1635308738,2462,454,,,,,,
1635308739,2463,448,,,,,,
1635308740,2464,450,,,,,,
1635308741,2465,446,,,,,,
1635308742,2466,446,,,,,,
1635308743,2467,452,,,,,,
1635308744,2468,450,,,,,,
1635308745,2469,448,,,,,,
1635308746,2470,452,,,,,,
1635308747,2471,452,,,,,,
1635308748,2472,452,,,,,,
1635308749,2473,454,,,,,,
1635308750,2474,446,,,,,,
1635308751,2475,448,,,,,,
1635308752,2476,446,,,,,,
1635308753,2477,448,,,,,,
1635308754,2478,454,,,,,,
1635308755,2479,450,,,,,,
1635308756,2480,456,,,,,,
1635308757,2481,454,,,,,,
1635308758,2482,446,,,,,,
1635308759,2483,452,,,,,,
1635308760,2484,452,,,,,,
1635308761,2485,448,,,,,,
1635308762,2486,454,,,,,,
1635308763,2487,452,,,,,,
1635308764,2488,454,,,,,,
1635308765,2489,448,,,,,,
