C-sec,C-ppm,HNS-sec,HNS-ppm,SLN-sec,SLN-ppm,SLNS-sec,SLNS-ppm,Licor-sec,Licor-ppm
0,890,25,750,0,468,0,437,1279,1202.76
1,890,27,749,1,454,2,437,1280,817.62
3,888,28,749,3,454,3,467,1281,727.69
4,889,30,749,4,467,5,467,1282,819.57
6,890,32,748,6,467,6,467,1283,768.74
7,890,33,748,7,467,8,429,1284,665.13
9,891,35,748,9,465,9,429,1285,629.94
10,892,36,748,10,465,11,464,1286,616.25
12,893,38,748,12,505,12,464,1287,610.39
13,894,39,748,13,505,14,464,1288,612.34
15,894,41,748,15,505,15,456,1289,616.25
16,893,42,748,16,492,17,456,1290,626.03
18,892,44,748,18,492,18,456,1291,637.76
19,892,45,749,19,492,20,462,1292,643.62
21,892,47,749,21,478,21,462,1293,659.26
22,893,48,750,22,478,23,432,1294,672.95
24,820,50,751,24,465,24,432,1295,684.68
25,920,51,751,25,465,26,432,1296,690.54
27,920,53,752,27,465,27,472,1297,696.41
28,820,54,753,29,533,29,472,1298,700.32
30,1020,56,754,30,533,31,472,1299,704.23
31,1120,57,755,32,473,32,478,1300,698.36
33,1255,59,755,33,473,34,478,1301,686.63
35,1250,60,756,35,473,35,507,1302,678.81
36,1236,62,756,36,486,37,507,1303,665.13
38,1226,63,756,38,486,38,507,1304,672.95
39,1118,65,756,39,486,40,478,1305,678.81
41,1018,66,757,41,532,41,478,1306,663.17
42,1009,68,757,42,532,43,489,1307,651.44
44,1008,70,756,44,501,44,489,1308,637.76
45,1005,71,756,45,501,46,489,1309,620.16
47,1004,73,755,47,501,47,487,1310,620.16
48,999,74,755,48,607,49,487,1311,606.48
50,999,76,753,50,607,50,487,1312,606.48
51,1005,77,753,51,607,52,497,1313,594.75
53,1008,79,751,53,507,53,497,1314,590.84
54,1013,80,749,54,507,55,515,1315,583.02
56,1015,82,746,56,527,56,515,1316,573.24
57,1018,83,744,57,527,58,515,1317,573.24
59,1018,85,740,59,527,59,506,1318,567.38
60,1027,86,738,61,551,61,506,1319,518.5
62,1037,88,734,62,551,62,506,1320,538.05
63,1046,89,731,64,557,64,493,1321,538.05
65,1059,91,726,65,557,65,493,1322,541.96
66,1059,92,723,67,557,67,503,1323,541.96
68,1053,94,717,68,548,68,503,1324,510.68
69,1048,95,711,70,548,70,503,1325,512.63
71,1039,97,708,71,548,72,521,1326,514.59
73,1038,98,701,73,556,73,521,1327,518.5
74,1040,100,698,74,556,75,521,1328,510.68
76,1042,101,691,76,553,76,533,1329,514.59
77,1049,103,688,77,553,78,533,1330,495.04
79,1058,104,681,79,553,79,540,1331,504.81
80,1074,106,678,80,559,81,540,1332,500.9
82,1082,108,673,82,559,82,540,1333,502.86
83,1085,109,670,83,568,84,539,1334,512.63
85,1086,111,665,85,568,85,539,1335,508.72
86,1089,112,663,86,568,87,535,1336,516.54
88,1090,114,659,88,561,88,535,1337,522.41
89,1095,115,658,89,561,90,535,1338,512.63
91,1098,117,655,91,561,91,529,1339,530.23
92,1102,118,654,92,565,93,529,1340,541.96
94,1103,120,652,94,565,94,529,1341,555.65
95,1106,121,651,95,580,96,531,1342,532.18
97,1107,123,650,97,580,97,531,1343,530.23
98,1109,124,649,99,580,99,538,1344,520.45
100,1112,126,649,100,587,100,538,1345,534.14
101,1115,127,649,102,587,102,538,1346,541.96
103,1116,129,648,103,587,103,542,1347,563.47
104,1118,130,648,105,588,105,542,1348,569.33
106,1117,132,649,106,588,106,542,1349,567.38
107,1113,133,650,108,590,108,541,1350,604.52
109,1111,135,650,109,590,110,541,1351,590.84
110,1108,136,651,111,590,111,533,1352,590.84
112,1103,138,651,112,589,113,533,1353,584.97
114,1093,139,652,114,589,114,533,1354,616.25
115,1093,141,652,115,584,116,531,1355,624.07
117,1092,142,653,117,584,117,531,1356,620.16
118,1092,144,653,118,584,119,531,1357,626.03
120,1095,145,653,120,582,120,527,1358,637.76
121,1094,147,654,121,582,122,527,1359,633.85
123,1096,149,654,123,582,123,524,1360,647.53
124,1095,150,654,124,585,125,524,1361,635.8
126,1094,152,654,126,585,126,524,1362,635.8
127,1094,153,654,127,586,128,526,1363,627.98
129,1094,155,654,129,586,129,526,1364,618.21
130,1094,156,654,130,586,131,525,1365,729.64
132,1094,158,653,132,590,132,525,1366,672.95
133,1095,159,653,133,590,134,525,1367,663.17
135,1096,161,652,135,590,135,519,1368,641.67
136,1099,162,652,136,595,137,519,1369,614.3
138,1101,164,651,138,595,138,519,1370,590.84
139,1106,165,650,140,593,140,513,1371,590.84
141,1107,167,649,141,593,141,513,1372,579.11
142,1109,168,648,143,593,143,504,1373,584.97
144,1110,170,647,144,585,144,504,1374,575.2
145,1112,171,645,146,585,146,504,1375,571.29
147,1113,173,644,147,581,147,491,1376,559.56
148,1115,174,642,149,581,149,491,1377,559.56
150,1115,176,641,150,581,151,491,1378,575.2
151,1115,177,638,152,591,152,481,1379,594.75
153,1115,179,637,153,591,154,481,1380,583.02
154,1114,180,635,155,591,155,470,1381,583.02
156,1112,182,634,156,597,157,470,1382,590.84
158,1106,183,633,158,597,158,470,1383,590.84
159,1103,185,632,159,592,160,459,1384,583.02
161,1001,187,631,161,592,161,459,1385,571.29
162,901,188,630,162,592,163,453,1386,569.33
164,901,190,629,164,583,164,453,1387,563.47
165,1001,191,629,165,583,166,453,1388,567.38
167,1110,193,628,167,583,167,446,1389,569.33
168,1010,194,627,168,570,169,446,1390,551.74
170,902,196,627,170,570,170,446,1391,543.91
171,898,197,627,171,558,172,437,1392,545.87
173,895,199,627,173,558,173,437,1393,530.23
174,896,200,627,174,558,175,435,1394,524.36
176,896,202,628,176,545,176,435,1395,530.23
177,895,203,628,177,545,178,435,1396,520.45
179,896,205,629,179,529,179,435,1397,524.36
180,897,206,629,181,529,181,435,1398,504.81
182,900,208,630,182,529,182,435,1399,516.54
183,902,209,630,184,516,184,428,1400,514.59
185,910,211,631,185,516,185,428,1401,502.86
186,915,212,633,187,516,187,426,1402,496.99
188,925,214,633,188,499,189,426,1403,493.08
189,931,215,635,190,499,190,426,1404,487.22
191,938,217,635,191,488,192,431,1405,485.26
192,944,218,636,193,488,193,431,1406,479.4
194,966,220,637,194,488,195,431,1407,481.35
196,977,221,637,196,484,196,429,1408,483.31
197,1000,223,637,197,484,198,429,1409,487.22
199,1007,224,638,199,484,199,427,1410,481.35
200,1018,226,638,200,480,201,427,1411,481.35
202,1024,227,638,202,480,202,427,1412,477.44
203,1037,229,639,203,477,204,430,1413,477.44
205,1045,231,639,205,477,205,430,1414,483.31
206,1060,232,639,206,477,207,434,1415,479.4
208,1066,234,640,208,481,208,434,1416,483.31
209,1071,235,640,209,481,210,434,1417,524.36
211,1079,237,640,211,487,211,437,1418,514.59
212,1081,238,640,212,487,213,437,1419,516.54
214,1088,240,640,214,487,214,437,1420,506.77
215,1092,241,640,215,481,216,440,1421,500.9
217,1098,243,639,217,481,217,440,1422,483.31
218,1198,244,639,218,481,219,441,1423,479.4
220,1222,246,638,220,475,220,441,1424,477.44
221,1227,247,638,222,475,222,441,1425,481.35
223,1390,249,636,223,473,223,436,1426,479.4
224,1290,250,636,225,473,225,436,1427,491.13
226,1090,252,634,226,473,226,436,1428,496.99
227,1071,253,633,228,476,228,431,1429,502.86
229,871,255,632,229,476,229,431,1430,510.68
230,971,256,630,231,476,231,426,1431,506.77
232,1118,258,630,232,483,233,426,1432,512.63
233,1218,259,628,234,483,234,426,1433,520.45
235,1147,261,627,235,488,236,421,1434,528.27
237,1047,262,625,237,488,237,421,1435,545.87
238,995,264,624,238,488,239,421,1436,545.87
240,991,265,623,240,490,240,418,1437,530.23
241,988,267,622,241,490,242,418,1438,540
243,986,268,620,243,489,243,419,1439,538.05
244,981,270,619,244,489,245,419,1440,534.14
246,979,272,617,246,489,246,419,1441,534.14
247,972,273,617,247,480,248,414,1442,526.32
249,967,275,615,249,480,249,414,1443,522.41
250,955,276,614,250,480,251,415,1444,522.41
252,946,278,613,252,479,252,415,1445,514.59
253,929,279,613,254,479,254,415,1446,524.36
255,920,281,612,255,478,255,424,1447,530.23
256,901,282,612,257,478,257,424,1448,545.87
258,892,284,611,258,478,258,424,1449,530.23
259,876,285,611,260,477,260,428,1450,528.27
261,869,287,610,261,477,261,428,1451,530.23
262,854,288,610,263,477,263,425,1452,518.5
264,850,290,609,264,477,264,425,1453,516.54
265,839,291,609,266,477,266,425,1454,516.54
267,832,293,609,267,467,267,422,1455,514.59
268,825,294,608,269,467,269,422,1456,510.68
270,827,296,608,270,467,270,422,1457,506.77
271,835,297,608,272,456,272,418,1458,510.68
273,840,299,608,273,456,274,418,1459,512.63
274,850,300,608,275,450,275,415,1460,508.72
276,855,302,608,276,450,277,415,1461,518.5
278,866,303,608,278,450,278,415,1462,528.27
279,869,305,608,279,447,280,416,1463,520.45
281,872,306,608,281,447,281,416,1464,532.18
282,883,308,608,282,447,283,416,1465,528.27
284,886,310,608,284,451,284,418,1466,534.14
285,879,311,609,285,451,286,418,1467,534.14
287,873,313,609,287,458,287,421,1468,534.14
288,859,314,609,288,458,289,421,1469,524.36
290,846,316,610,290,458,290,421,1470,518.5
291,823,317,611,291,463,292,423,1471,506.77
293,813,319,612,293,463,293,423,1472,565.42
294,792,320,613,295,463,295,423,1473,555.65
296,781,322,614,296,463,296,423,1474,516.54
297,759,323,615,298,463,298,423,1475,522.41
299,750,325,616,299,462,299,420,1476,498.95
300,731,326,616,301,462,301,420,1477,483.31
302,723,328,618,302,462,302,420,1478,502.86
303,706,329,619,304,460,304,415,1479,493.08
305,698,331,619,305,460,305,415,1480,495.04
306,686,332,620,307,456,307,411,1481,493.08
308,679,334,620,308,456,308,411,1482,496.99
309,670,335,620,310,456,310,411,1483,496.99
311,667,337,621,311,456,312,411,1484,491.13
312,667,338,621,313,456,313,411,1485,487.22
314,668,340,621,314,456,315,411,1486,483.31
315,669,341,622,316,455,316,407,1487,483.31
317,670,343,623,317,455,318,407,1488,483.31
318,672,344,624,319,453,319,402,1489,479.4
320,673,346,624,320,453,321,402,1490,481.35
322,675,347,625,322,453,322,402,1491,481.35
323,675,349,625,323,454,324,399,1492,485.26
325,676,351,626,325,454,325,399,1493,477.44
326,677,352,626,326,454,327,396,1494,475.49
328,690,354,626,328,454,328,396,1495,457.89
329,790,355,626,329,454,330,396,1496,455.94
331,790,357,626,331,453,331,399,1497,463.76
332,856,358,626,332,453,333,399,1498,461.8
334,999,360,625,334,453,334,399,1499,461.8
335,899,361,624,336,453,336,403,1500,440.3
337,844,363,623,337,453,337,403,1501,455.94
338,847,364,622,339,455,339,405,1502,448.12
340,851,366,621,340,455,340,405,1503,457.89
341,853,367,620,342,455,342,405,1504,455.94
343,856,369,618,343,452,343,406,1505,452.03
344,856,370,616,345,452,345,406,1506,453.98
346,858,372,614,346,452,346,406,1507,450.07
347,859,373,612,348,449,348,403,1508,446.16
349,860,375,611,349,449,349,403,1509,452.03
350,863,376,608,351,446,351,402,1510,455.94
352,866,378,607,352,446,353,402,1511,453.98
353,873,379,604,354,446,354,402,1512,459.85
355,877,381,603,355,445,356,403,1513,457.89
356,883,382,600,357,445,357,403,1514,467.67
358,884,384,599,358,442,359,403,1515,459.85
359,886,385,596,360,442,360,403,1516,467.67
361,886,387,595,361,442,362,403,1517,471.58
363,886,388,593,363,434,363,405,1518,469.62
364,885,390,592,364,434,365,405,1519,479.4
366,882,392,590,366,434,366,405,1520,469.62
367,880,393,589,367,428,368,406,1521,475.49
369,876,395,587,369,428,369,406,1522,465.71
370,872,396,586,370,424,371,405,1523,457.89
372,859,398,584,372,424,372,405,1524,467.67
373,853,399,583,373,424,374,405,1525,444.21
375,846,401,581,375,422,375,408,1526,463.76
376,846,402,580,377,422,377,408,1527,463.76
378,854,404,579,378,425,378,408,1528,461.8
379,860,405,578,380,425,380,408,1529,461.8
381,870,407,577,381,425,381,408,1530,455.94
382,874,408,576,383,430,383,407,1531,463.76
384,873,410,575,384,430,384,407,1532,475.49
385,872,411,574,386,430,386,407,1533,465.71
387,871,413,574,387,434,387,406,1534,463.76
388,971,414,573,389,434,389,406,1535,477.44
390,971,416,572,390,437,390,406,1536,495.04
391,871,417,571,392,437,392,408,1537,498.95
393,671,419,570,393,437,394,408,1538,506.77
394,619,420,569,395,437,395,409,1539,518.5
396,602,422,568,396,437,397,409,1540,526.32
397,601,423,565,398,437,398,409,1541,530.23
399,599,425,563,399,438,400,410,1542,530.23
400,598,426,559,401,438,401,410,1543,530.23
402,601,428,556,402,438,403,410,1544,534.14
404,701,430,551,404,438,404,414,1545,536.09
405,901,431,547,405,438,406,414,1546,534.14
407,924,433,541,407,436,407,418,1547,534.14
408,724,434,537,408,436,409,418,1548,538.05
410,625,436,530,410,434,410,418,1549,530.23
411,706,437,526,411,434,412,416,1550,538.05
413,790,439,518,413,434,413,416,1551,534.14
414,797,440,514,415,432,415,415,1552,543.91
416,797,442,507,416,432,416,415,1553,530.23
417,876,443,504,418,432,418,415,1554,534.14
419,952,445,497,419,436,419,416,1555,530.23
420,945,446,491,421,436,421,416,1556,526.32
422,836,448,488,422,444,422,416,1557,526.32
423,736,449,483,424,444,424,415,1558,520.45
425,536,451,480,425,444,425,415,1559,518.5
426,636,452,475,427,449,427,412,1560,526.32
428,836,454,472,428,449,428,412,1561,526.32
429,736,455,467,430,449,430,412,1562,526.32
431,623,457,465,431,450,431,406,1563,526.32
432,629,458,461,433,450,433,406,1564,522.41
434,631,460,459,434,450,435,406,1565,518.5
435,632,461,456,436,450,436,399,1566,516.54
437,632,463,454,437,450,438,399,1567,522.41
438,630,464,451,439,450,439,395,1568,528.27
440,627,466,450,440,450,441,395,1569,538.05
441,625,467,447,442,448,442,395,1570,538.05
443,624,469,445,443,448,444,391,1571,534.14
445,624,471,443,445,448,445,391,1572,534.14
446,624,472,441,446,443,447,387,1573,532.18
448,626,474,438,448,443,448,387,1574,528.27
449,629,475,437,450,443,450,387,1575,526.32
451,630,477,435,451,436,451,386,1576,528.27
452,632,478,433,453,436,453,386,1577,524.36
454,634,480,431,454,430,454,386,1578,524.36
455,636,481,430,456,430,456,384,1579,518.5
457,635,483,428,457,430,457,384,1580,520.45
458,628,484,427,459,421,459,378,1581,510.68
460,625,486,425,460,421,460,378,1582,506.77
461,622,487,423,462,415,462,378,1583,498.95
463,623,489,423,463,415,463,374,1584,493.08
464,504,490,421,465,415,465,374,1585,487.22
466,567,492,420,466,415,466,374,1586,481.35
467,534,493,419,468,415,468,374,1587,483.31
469,542,495,418,469,415,469,374,1588,485.26
470,742,496,417,471,414,471,376,1589,483.31
472,685,498,416,472,414,472,376,1590,479.4
473,684,499,415,474,408,474,376,1591,471.58
475,683,501,414,475,408,475,377,1592,471.58
476,678,502,413,477,408,477,377,1593,467.67
478,676,504,413,478,400,479,377,1594,467.67
479,672,505,412,480,400,480,374,1595,463.76
481,670,507,412,481,400,482,374,1596,457.89
482,665,508,411,483,396,483,367,1597,452.03
484,565,510,411,484,396,485,367,1598,438.34
486,566,512,410,486,394,486,367,1599,422.7
487,570,513,410,488,394,488,359,1600,444.21
489,571,515,409,489,394,489,359,1601,440.3
490,573,516,409,491,393,491,354,1602,442.25
492,574,518,409,492,393,492,354,1603,434.43
493,577,519,409,494,388,494,354,1604,432.48
495,577,521,408,495,388,495,348,1605,432.48
496,582,522,408,497,388,497,348,1606,432.48
498,584,524,408,498,383,498,348,1607,436.39
499,590,525,407,500,383,500,344,1608,428.57
501,594,527,407,501,383,501,344,1609,422.7
502,603,528,406,503,380,503,341,1610,416.84
504,605,530,406,504,380,504,341,1611,420.75
505,610,531,405,506,376,506,341,1612,416.84
507,613,533,404,507,376,507,335,1613,416.84
508,619,534,404,509,376,509,335,1614,414.88
510,621,536,404,510,372,510,335,1615,412.93
511,625,537,403,512,372,512,327,1616,414.88
513,628,539,403,513,372,513,327,1617,416.84
514,632,540,403,515,366,515,317,1618,412.93
516,633,542,403,516,366,516,317,1619,414.88
517,633,543,402,518,364,518,317,1620,414.88
519,633,545,402,519,364,520,310,1621,412.93
520,569,546,403,521,364,521,310,1622,416.84
522,669,548,403,522,356,523,310,1623,416.84
523,685,549,403,524,356,524,307,1624,416.84
525,689,551,403,525,342,526,307,1625,412.93
527,692,553,404,527,342,527,305,1626,426.61
528,692,554,404,529,342,529,305,1627,430.52
530,687,556,404,530,336,530,305,1628,446.16
531,686,557,404,532,336,532,303,1629,440.3
533,683,559,405,533,336,533,303,1630,432.48
534,583,560,405,535,334,535,298,1631,428.57
536,383,562,405,536,334,536,298,1632,424.66
537,373,563,405,538,326,538,298,1633,428.57
539,378,565,405,539,326,539,295,1634,422.7
540,386,566,405,541,326,541,295,1635,418.79
542,403,568,405,542,315,542,295,1636,428.57
543,411,569,405,544,315,544,292,1637,430.52
545,427,571,405,545,315,545,292,1638,420.75
546,436,572,406,547,302,547,288,1639,424.66
548,454,574,406,548,302,548,288,1640,420.75
549,463,575,406,550,289,550,288,1641,422.7
551,482,577,406,551,289,551,286,1642,418.79
552,491,578,406,553,289,553,286,1643,416.84
554,501,580,406,554,281,554,286,1644,414.88
555,522,581,407,556,281,556,287,1645,412.93
557,533,583,408,557,276,557,287,1646,410.97
558,554,584,409,559,276,559,288,1647,397.29
560,563,586,409,560,276,561,288,1648,387.51
561,584,587,410,562,272,562,288,1649,399.24
563,596,589,411,563,272,564,289,1650,389.47
564,615,590,412,565,272,565,289,1651,389.47
566,622,592,412,566,265,567,289,1652,377.74
567,633,594,413,568,265,568,289,1653,366.01
569,733,595,413,570,261,570,289,1654,364.05
571,733,597,414,571,261,571,288,1655,369.92
572,633,598,415,573,261,573,288,1656,369.92
574,747,600,415,574,259,574,288,1657,366.01
575,749,601,415,576,259,576,285,1658,364.05
577,748,603,416,577,259,577,285,1659,356.23
578,848,604,417,579,258,579,284,1660,340.59
580,1048,606,417,580,258,580,284,1661,330.82
581,1053,607,418,582,256,582,284,1662,323
583,853,609,418,583,256,583,284,1663,326.91
584,786,610,418,585,256,585,284,1664,315.18
586,784,612,418,586,251,586,284,1665,311.27
587,785,613,419,588,251,588,287,1666,305.4
589,786,615,419,589,245,589,287,1667,301.49
590,784,616,420,591,245,591,289,1668,299.54
592,780,618,420,592,245,592,289,1669,293.67
593,780,619,422,594,240,594,289,1670,285.85
595,785,621,423,595,240,595,290,1671,274.12
596,789,622,424,597,240,597,290,1672,270.21
598,797,624,425,598,241,599,290,1673,262.39
599,802,625,428,600,241,600,292,1674,256.52
601,809,627,429,601,244,602,292,1675,252.61
602,812,628,431,603,244,603,294,1676,256.52
604,816,630,433,604,244,605,294,1677,260.44
605,817,631,436,606,247,606,294,1678,260.44
607,820,633,437,607,247,608,297,1679,254.57
608,821,635,441,609,247,609,297,1680,258.48
610,823,636,442,611,251,611,300,1681,260.44
612,825,638,446,612,251,612,300,1682,266.3
613,832,639,448,614,253,614,300,1683,268.26
615,836,641,452,615,253,615,301,1684,260.44
616,849,642,456,617,253,617,301,1685,256.52
618,854,644,459,618,254,618,301,1686,260.44
619,860,645,463,620,254,620,300,1687,260.44
621,860,647,465,621,255,621,300,1688,260.44
622,858,648,470,623,255,623,299,1689,256.52
624,855,650,472,624,255,624,299,1690,254.57
625,854,651,477,626,254,626,299,1691,252.61
627,859,653,479,627,254,627,301,1692,252.61
628,864,654,483,629,254,629,301,1693,252.61
630,877,656,486,630,257,630,301,1694,254.57
631,882,657,490,632,257,632,303,1695,254.57
633,752,659,492,633,260,633,303,1696,252.61
634,706,660,496,635,260,635,304,1697,256.52
636,906,662,498,636,260,636,304,1698,254.57
637,1006,663,502,638,261,638,304,1699,254.57
639,1172,665,504,639,261,640,303,1700,254.57
640,1072,666,508,641,263,641,303,1701,258.48
642,872,668,510,643,263,643,304,1702,250.66
643,772,669,514,644,263,644,304,1703,252.61
645,582,671,516,646,265,646,304,1704,250.66
646,682,672,520,647,265,647,304,1705,246.75
648,648,674,521,649,265,649,304,1706,242.84
649,748,676,525,650,267,650,304,1707,244.79
651,948,677,526,652,267,652,303,1708,246.75
653,848,679,529,653,265,653,303,1709,244.79
654,787,680,530,655,265,655,302,1710,242.84
656,788,682,533,656,265,656,302,1711,244.79
657,788,683,536,658,263,658,302,1712,244.79
659,787,685,537,659,263,659,303,1713,242.84
660,793,686,540,661,263,661,303,1714,242.84
662,799,688,541,662,263,662,303,1715,246.75
663,808,689,544,664,263,664,305,1716,242.84
665,815,691,545,665,264,665,305,1717,244.79
666,827,692,547,667,264,667,309,1718,244.79
668,834,694,549,668,264,668,309,1719,244.79
669,847,695,551,670,264,670,309,1720,242.84
671,853,697,552,671,264,671,311,1721,244.79
672,867,698,554,673,258,673,311,1722,242.84
674,873,700,556,674,258,674,311,1723,242.84
675,886,701,558,676,258,676,314,1724,242.84
677,891,703,559,677,257,677,314,1725,242.84
678,902,704,561,679,257,679,317,1726,244.79
680,907,706,562,680,257,681,317,1727,242.84
681,914,707,565,682,258,682,317,1728,244.79
683,918,709,566,684,258,684,317,1729,244.79
684,926,710,568,685,257,685,317,1730,244.79
686,929,712,569,687,257,687,316,1731,244.79
687,933,713,571,688,257,688,316,1732,244.79
689,932,715,572,690,258,690,316,1733,246.75
690,930,717,574,691,258,691,317,1734,246.75
692,927,718,576,693,258,693,317,1735,246.75
694,924,720,578,694,256,694,317,1736,246.75
695,915,721,578,696,256,696,321,1737,248.7
697,912,723,580,697,253,697,321,1738,250.66
698,910,724,582,699,253,699,324,1739,252.61
700,908,726,583,700,253,700,324,1740,254.57
701,899,727,584,702,257,702,324,1741,254.57
703,896,729,585,703,257,703,324,1742,256.52
704,891,730,586,705,266,705,324,1743,256.52
706,889,732,587,706,266,706,324,1744,256.52
707,887,733,588,708,266,708,326,1745,262.39
709,888,735,589,709,269,709,326,1746,262.39
710,886,736,590,711,269,711,329,1747,264.35
712,885,738,591,712,269,712,329,1748,266.3
713,883,739,592,714,269,714,329,1749,266.3
715,883,741,592,715,269,715,331,1750,268.26
716,884,742,593,717,271,717,331,1751,270.21
718,885,744,594,718,271,718,331,1752,270.21
719,893,745,595,720,271,720,332,1753,270.21
721,902,747,595,721,275,722,332,1754,270.21
722,918,748,596,723,275,723,333,1755,272.17
724,921,750,597,725,275,725,333,1756,274.12
725,929,751,597,726,278,726,333,1757,274.12
727,933,753,598,728,278,728,336,1758,278.03
728,935,755,599,729,280,729,336,1759,276.08
730,933,756,599,731,280,731,340,1760,278.03
731,933,758,600,732,280,732,340,1761,281.94
733,937,759,600,734,287,734,340,1762,279.99
735,944,761,601,735,287,735,343,1763,283.9
736,949,762,602,737,293,737,343,1764,285.85
738,958,764,602,738,293,738,343,1765,287.81
739,963,765,603,740,293,740,346,1766,291.72
741,963,767,603,741,297,741,346,1767,291.72
742,959,768,604,743,297,743,347,1768,293.67
744,951,770,605,744,297,744,347,1769,291.72
745,951,771,605,746,299,746,347,1770,293.67
747,951,773,606,747,299,747,350,1771,293.67
748,950,774,607,749,301,749,350,1772,299.54
750,946,776,607,750,301,750,350,1773,297.58
751,943,777,608,752,301,752,353,1774,301.49
753,936,779,609,753,308,753,353,1775,301.49
754,932,780,609,755,308,755,357,1776,303.45
756,924,782,610,756,314,756,357,1777,303.45
757,919,783,610,758,314,758,357,1778,303.45
759,899,785,611,759,314,759,360,1779,305.4
760,889,786,612,761,319,761,360,1780,307.36
762,881,788,612,762,319,763,361,1781,307.36
763,872,789,613,764,319,764,361,1782,309.31
765,870,791,613,766,326,766,361,1783,309.31
766,870,792,614,767,326,767,361,1784,311.27
768,871,794,614,769,333,769,361,1785,309.31
769,884,796,614,770,333,770,361,1786,309.31
771,892,797,615,772,333,772,362,1787,311.27
772,908,799,615,773,338,773,362,1788,309.31
774,915,800,615,775,338,775,366,1789,309.31
775,925,802,615,776,338,776,366,1790,311.27
777,931,803,615,778,342,778,366,1791,313.22
779,938,805,615,779,342,779,370,1792,311.27
780,940,806,615,781,347,781,370,1793,309.31
782,941,808,615,782,347,782,370,1794,309.31
783,941,809,615,784,347,784,370,1795,315.18
785,939,811,615,785,353,785,370,1796,315.18
786,938,812,615,787,353,787,368,1797,315.18
788,935,814,615,788,357,788,368,1798,315.18
789,934,815,616,790,357,790,368,1799,315.18
791,934,817,616,791,357,791,368,1800,317.13
792,934,818,616,793,357,793,368,1801,315.18
794,934,820,616,794,357,794,368,1802,317.13
795,935,821,616,796,357,796,370,1803,315.18
797,939,823,616,797,362,797,370,1804,317.13
798,939,824,616,799,362,799,372,1805,317.13
800,938,826,616,800,370,801,372,1806,317.13
801,937,827,616,802,370,802,372,1807,317.13
803,936,829,616,803,370,804,379,1808,317.13
804,934,830,616,805,373,805,379,1809,317.13
806,928,832,616,807,373,807,385,1810,317.13
807,925,833,616,808,373,808,385,1811,319.09
809,920,835,616,810,371,810,385,1812,319.09
810,917,837,616,811,371,811,385,1813,317.13
812,912,838,616,813,373,813,385,1814,319.09
813,910,840,616,814,373,814,385,1815,321.04
815,905,841,616,816,373,816,386,1816,323
816,904,843,616,817,376,817,386,1817,321.04
818,903,844,616,819,376,819,388,1818,321.04
820,904,846,616,820,378,820,388,1819,321.04
821,905,847,616,822,378,822,388,1820,321.04
823,904,849,616,823,378,823,384,1821,321.04
824,900,850,617,825,379,825,384,1822,321.04
826,897,852,617,826,379,826,384,1823,321.04
827,892,853,617,828,379,828,380,1824,321.04
829,891,855,617,829,381,829,380,1825,319.09
830,890,856,617,831,381,831,379,1826,321.04
832,892,858,617,832,386,832,379,1827,319.09
833,895,859,617,834,386,834,379,1828,319.09
835,896,861,616,835,386,835,380,1829,321.04
836,896,862,617,837,385,837,380,1830,321.04
838,895,864,617,839,385,838,380,1831,319.09
839,894,865,617,840,385,840,382,1832,319.09
841,896,867,617,842,383,841,382,1833,319.09
842,898,868,617,843,383,843,385,1834,319.09
844,904,870,617,845,378,845,385,1835,319.09
845,908,871,616,846,378,846,385,1836,319.09
847,922,873,616,848,378,848,390,1837,319.09
848,930,874,616,849,378,849,390,1838,319.09
850,939,876,616,851,378,851,393,1839,317.13
851,938,878,616,852,383,852,393,1840,319.09
853,938,879,616,854,383,854,393,1841,317.13
854,937,881,616,855,383,855,391,1842,315.18
856,935,882,617,857,389,857,391,1843,317.13
857,935,884,617,858,389,858,391,1844,317.13
859,936,885,617,860,389,860,391,1845,319.09
861,935,887,617,861,392,861,391,1846,319.09
862,931,888,618,863,392,863,392,1847,319.09
864,926,890,618,864,393,864,392,1848,319.09
865,920,891,618,866,393,866,392,1849,319.09
867,918,893,618,867,393,867,396,1850,324.95
868,915,894,618,869,393,869,396,1851,321.04
870,915,896,618,870,393,870,396,1852,328.86
871,916,897,618,872,392,872,397,1853,338.64
873,916,899,618,873,392,873,397,1854,342.55
874,915,900,619,875,392,875,397,1855,348.41
876,915,902,619,876,394,876,397,1856,352.32
877,914,903,619,878,394,878,397,1857,362.1
879,912,905,619,880,394,879,399,1858,366.01
880,910,906,619,881,402,881,399,1859,369.92
882,909,908,619,883,402,882,399,1860,377.74
883,909,909,619,884,409,884,402,1861,381.65
885,907,911,619,886,409,886,402,1862,385.56
886,905,912,620,887,409,887,404,1863,389.47
888,904,914,620,889,410,889,404,1864,391.42
889,902,915,620,890,410,890,404,1865,397.29
891,900,917,620,892,410,892,406,1866,395.33
892,896,919,620,893,410,893,406,1867,401.2
894,895,920,621,895,410,895,410,1868,403.15
895,898,922,621,896,416,896,410,1869,405.11
897,901,923,621,898,416,898,410,1870,409.02
898,907,925,621,899,416,899,407,1871,412.93
900,911,926,621,901,418,901,407,1872,414.88
902,917,928,621,902,418,902,407,1873,416.84
903,920,929,621,904,416,904,404,1874,420.75
905,923,931,621,905,416,905,404,1875,422.7
906,927,932,621,907,416,907,404,1876,424.66
908,927,934,620,908,414,908,404,1877,426.61
909,930,935,620,910,414,910,404,1878,426.61
911,932,937,619,911,414,911,406,1879,432.48
912,934,938,619,913,414,913,406,1880,434.43
914,933,940,618,914,414,914,406,1881,436.39
915,932,941,618,916,416,916,409,1882,438.34
917,931,943,618,917,416,917,409,1883,438.34
918,931,944,617,919,416,919,408,1884,440.3
920,930,946,617,921,416,920,408,1885,440.3
921,927,947,617,922,416,922,408,1886,444.21
923,925,949,617,924,416,924,406,1887,448.12
924,919,950,617,925,415,925,406,1888,448.12
926,915,952,617,927,415,927,402,1889,448.12
927,904,953,616,928,414,928,402,1890,452.03
929,898,955,616,930,414,930,402,1891,452.03
930,804,957,616,931,414,931,399,1892,455.94
932,868,958,616,933,414,933,399,1893,457.89
933,957,960,616,934,414,934,399,1894,459.85
935,1023,961,616,936,413,936,401,1895,463.76
936,1024,963,617,937,413,937,401,1896,461.8
938,1024,964,618,939,413,939,402,1897,463.76
939,1019,966,618,940,411,940,402,1898,467.67
941,1015,967,619,942,411,942,402,1899,465.71
943,1006,969,619,943,411,943,402,1900,467.67
944,1001,970,619,945,411,945,402,1901,465.71
946,993,972,619,946,411,946,402,1902,467.67
947,990,973,619,948,411,948,398,1903,469.62
949,986,975,620,949,411,949,398,1904,469.62
950,983,976,620,951,411,951,393,1905,467.67
952,783,978,620,952,414,952,393,1906,469.62
953,686,979,621,954,414,954,393,1907,473.53
955,683,981,621,955,414,955,392,1908,471.58
956,683,982,621,957,415,957,392,1909,473.53
958,682,984,621,958,415,958,392,1910,475.49
959,682,985,621,960,412,960,392,1911,477.44
961,782,987,621,962,412,961,392,1912,477.44
962,882,988,621,963,412,963,396,1913,479.4
964,1015,990,621,965,412,965,396,1914,481.35
965,1018,991,621,966,412,966,396,1915,479.4
967,818,993,620,968,412,968,401,1916,481.35
968,815,994,621,969,412,969,401,1917,483.31
970,831,996,621,971,412,971,401,1918,483.31
971,840,997,621,972,411,972,401,1919,485.26
973,847,999,621,974,411,974,401,1920,487.22
974,850,1001,621,975,411,975,397,1921,487.22
976,851,1002,621,977,413,977,397,1922,487.22
977,850,1004,621,978,413,978,397,1923,487.22
979,848,1005,621,980,415,980,396,1924,489.17
980,848,1007,621,981,415,981,396,1925,489.17
982,849,1008,621,983,415,983,399,1926,489.17
984,852,1010,621,984,418,984,399,1927,491.13
985,854,1011,621,986,418,986,399,1928,489.17
987,858,1013,621,987,418,987,401,1929,489.17
988,860,1014,621,989,420,989,401,1930,491.13
990,864,1016,621,990,420,990,401,1931,495.04
991,866,1017,621,992,419,992,399,1932,493.08
993,870,1019,621,993,419,993,399,1933,493.08
994,872,1020,621,995,419,995,396,1934,495.04
996,877,1022,620,996,421,996,396,1935,495.04
997,878,1023,620,998,421,998,396,1936,495.04
999,878,1025,620,999,425,999,394,1937,495.04
1000,879,1026,620,1001,425,1001,394,1938,493.08
1002,1025,1028,620,1003,425,1002,394,1939,496.99
1003,925,1029,620,1004,424,1004,397,1940,496.99
1005,840,1031,620,1006,424,1006,397,1941,496.99
1006,839,1032,620,1007,424,1007,404,1942,496.99
1008,837,1034,620,1009,420,1009,404,1943,498.95
1009,837,1035,619,1010,420,1010,404,1944,495.04
1011,845,1037,619,1012,417,1012,407,1945,495.04
1012,851,1038,620,1013,417,1013,407,1946,496.99
1014,862,1040,620,1015,417,1015,401,1947,496.99
1015,962,1042,620,1016,419,1016,401,1948,498.95
1017,977,1043,621,1018,419,1018,401,1949,500.9
1018,877,1045,621,1019,419,1019,395,1950,500.9
1020,900,1046,621,1021,422,1021,395,1951,500.9
1021,979,1048,622,1022,422,1022,395,1952,500.9
1023,978,1049,622,1024,419,1024,393,1953,500.9
1025,977,1051,622,1025,419,1025,393,1954,496.99
1026,977,1052,622,1027,419,1027,392,1955,500.9
1028,976,1054,622,1028,414,1028,392,1956,500.9
1029,972,1055,623,1030,414,1030,392,1957,502.86
1031,969,1057,623,1031,414,1031,396,1958,504.81
1032,959,1058,623,1033,414,1033,396,1959,504.81
1034,955,1060,623,1035,414,1034,396,1960,504.81
1035,946,1061,624,1036,416,1036,395,1961,502.86
1037,942,1063,624,1038,416,1037,395,1962,504.81
1038,934,1064,624,1039,416,1039,390,1963,504.81
1040,931,1066,624,1041,420,1040,390,1964,504.81
1041,925,1067,624,1042,420,1042,390,1965,506.77
1043,923,1069,624,1044,420,1043,392,1966,506.77
1044,918,1070,625,1045,420,1045,392,1967,504.81
1046,916,1072,625,1047,420,1047,396,1968,504.81
1047,1016,1073,625,1048,416,1048,396,1969,504.81
1049,1193,1075,625,1050,416,1050,396,1970,504.81
1050,1191,1076,626,1051,414,1051,400,1971,504.81
1052,1183,1078,626,1053,414,1053,400,1972,504.81
1053,1176,1079,626,1054,414,1054,400,1973,506.77
1055,1162,1081,627,1056,414,1056,403,1974,504.81
1056,1153,1083,627,1057,414,1057,403,1975,508.72
1058,1137,1084,628,1059,414,1059,407,1976,504.81
1059,1237,1086,628,1060,411,1060,407,1977,506.77
1061,1037,1087,629,1062,411,1062,407,1978,506.77
1062,937,1089,629,1063,409,1063,407,1979,506.77
1064,737,1090,630,1065,409,1065,407,1980,506.77
1066,668,1092,630,1066,409,1066,407,1981,508.72
1067,868,1093,631,1068,409,1068,404,1982,504.81
1069,886,1095,631,1069,409,1069,404,1983,506.77
1070,895,1096,631,1071,409,1071,405,1984,508.72
1072,897,1098,631,1072,411,1072,405,1985,506.77
1073,902,1099,632,1074,411,1074,405,1986,506.77
1075,903,1101,632,1076,415,1075,408,1987,506.77
1076,911,1102,632,1077,415,1077,408,1988,508.72
1078,914,1104,632,1079,415,1078,408,1989,508.72
1079,919,1105,633,1080,420,1080,408,1990,504.81
1081,922,1107,633,1082,420,1081,408,1991,506.77
1082,925,1108,633,1083,420,1083,408,1992,506.77
1084,930,1110,633,1085,420,1084,408,1993,506.77
1085,930,1111,634,1086,420,1086,408,1994,506.77
1087,830,1113,634,1088,417,1088,405,1995,506.77
1088,934,1114,635,1089,417,1089,405,1996,508.72
1090,1034,1116,635,1091,417,1091,403,1997,508.72
1091,858,1117,636,1092,413,1092,403,1998,508.72
1093,858,1119,637,1094,413,1094,403,1999,506.77
1094,861,1120,637,1095,410,1095,405,2000,504.81
1096,861,1122,638,1097,410,1097,405,2001,506.77
1097,863,1124,638,1098,410,1098,405,2002,508.72
1099,864,1125,639,1100,410,1100,406,2003,506.77
1100,817,1127,639,1101,410,1101,406,2004,508.72
1102,917,1128,640,1103,410,1103,408,2005,508.72
1103,943,1130,641,1104,408,1104,408,2006,512.63
1105,943,1131,641,1106,408,1106,408,2007,510.68
1107,943,1133,642,1107,412,1107,409,2008,510.68
1108,942,1134,642,1109,412,1109,409,2009,510.68
1110,938,1136,643,1110,412,1110,409,2010,508.72
1111,934,1137,643,1112,417,1112,409,2011,506.77
1113,1134,1139,643,1113,417,1113,409,2012,508.72
1114,1034,1140,643,1115,420,1115,410,2013,506.77
1116,834,1142,644,1117,420,1116,410,2014,508.72
1117,768,1143,644,1118,420,1118,410,2015,502.86
1119,868,1145,644,1120,418,1119,408,2016,506.77
1120,868,1146,644,1121,418,1121,408,2017,506.77
1122,768,1148,645,1123,418,1122,408,2018,506.77
1123,772,1149,645,1124,417,1124,405,2019,508.72
1125,771,1151,645,1126,417,1126,405,2020,506.77
1126,767,1152,646,1127,419,1127,406,2021,508.72
1128,767,1154,646,1129,419,1129,406,2022,506.77
1129,769,1155,647,1130,419,1130,406,2023,508.72
1131,771,1157,648,1132,417,1132,408,2024,508.72
1132,777,1158,649,1133,417,1133,408,2025,506.77
1134,783,1160,650,1135,417,1135,409,2026,508.72
1135,883,1161,651,1136,419,1136,409,2027,508.72
1137,979,1163,654,1138,419,1138,409,2028,508.72
1138,993,1165,656,1139,419,1139,412,2029,508.72
1140,997,1166,660,1141,419,1141,412,2030,506.77
1141,999,1168,662,1142,419,1142,412,2031,510.68
1143,999,1169,668,1144,418,1144,414,2032,508.72
1144,999,1171,671,1145,418,1145,414,2033,508.72
1146,1000,1172,678,1147,418,1147,410,2034,512.63
1148,1002,1174,682,1148,418,1148,410,2035,512.63
1149,1004,1175,690,1150,418,1150,410,2036,510.68
1151,1007,1177,695,1151,416,1151,409,2037,512.63
1152,1009,1178,705,1153,416,1153,409,2038,514.59
1154,1013,1180,711,1154,416,1154,409,2039,512.63
1155,1015,1181,722,1156,414,1156,409,2040,512.63
1157,1021,1183,728,1157,414,1157,409,2041,512.63
1158,1024,1184,741,1159,413,1159,408,2042,514.59
1160,1032,1186,747,1161,413,1160,408,2043,514.59
1161,1037,1187,761,1162,413,1162,408,2044,512.63
1163,1050,1189,767,1164,412,1163,410,2045,506.77
1164,1057,1190,781,1165,412,1165,410,2046,510.68
1166,1072,1192,788,1167,412,1167,413,2047,510.68
1167,1083,1193,803,1168,416,1168,413,2048,510.68
1169,1107,1195,817,1170,416,1170,413,2049,510.68
1170,1119,1196,824,1171,423,1171,415,2050,510.68
1172,1141,1198,838,1173,423,1173,415,2051,510.68
1173,1149,1199,845,1174,423,1174,415,2052,510.68
1175,1165,1201,859,1176,428,1176,416,2053,506.77
1176,1171,1203,866,1177,428,1177,416,2054,506.77
1178,1187,1204,881,1179,426,1179,414,2055,508.72
1179,1195,1206,888,1180,426,1180,414,2056,506.77
1181,1212,1207,902,1182,426,1182,414,2057,506.77
1182,1222,1209,909,1183,422,1183,413,2058,508.72
1184,1241,1210,923,1185,422,1185,413,2059,508.72
1185,1250,1212,930,1186,422,1186,413,2060,508.72
1187,1266,1213,944,1188,419,1188,414,2061,510.68
1189,1274,1215,951,1189,419,1189,414,2062,510.68
1190,1282,1216,964,1191,419,1191,412,2063,512.63
1192,1297,1218,971,1192,419,1192,412,2064,510.68
1193,1304,1219,984,1194,419,1194,412,2065,512.63
1195,1318,1221,990,1195,420,1195,408,2066,512.63
1196,1324,1222,1002,1197,420,1197,408,2067,514.59
1198,1338,1224,1008,1198,420,1198,408,2068,512.63
1199,1347,1225,1019,1200,418,1200,405,2069,508.72
1201,1366,1227,1025,1202,418,1201,405,2070,510.68
1202,1375,1228,1035,1203,414,1203,406,2071,510.68
1204,1394,1230,1040,1205,414,1205,406,2072,510.68
1205,1403,1231,1050,1206,414,1206,406,2073,508.72
1207,1422,1233,1055,1208,410,1208,409,2074,510.68
1208,1431,1234,1065,1209,410,1209,409,2075,512.63
1210,1448,1236,1074,1211,406,1211,410,2076,512.63
1211,1455,1237,1079,1212,406,1212,410,2077,508.72
1213,1471,1239,1088,1214,406,1214,410,2078,510.68
1214,1478,1240,1093,1215,407,1215,411,2079,512.63
1216,1491,1242,1102,1217,407,1217,411,2080,512.63
1217,1497,1243,1106,1218,407,1218,411,2081,508.72
1219,1509,1245,1116,1220,407,1220,414,2082,510.68
1220,1515,1247,1120,1221,407,1221,414,2083,510.68
1222,1527,1248,1129,1223,407,1223,423,2084,510.68
1223,1533,1250,1134,1224,407,1224,423,2085,510.68
1225,1545,1251,1143,1226,407,1226,423,2086,508.72
1227,1551,1253,1147,1227,410,1227,433,2087,508.72
1228,1562,1254,1156,1229,410,1229,433,2088,508.72
1230,1567,1256,1160,1230,415,1230,433,2089,510.68
1231,1577,1257,1168,1232,415,1232,442,2090,512.63
1233,1583,1259,1172,1234,415,1233,442,2091,514.59
1234,1593,1260,1180,1235,419,1235,450,2092,512.63
1236,1597,1262,1184,1237,419,1236,450,2093,510.68
1237,1605,1263,1191,1238,419,1238,450,2094,508.72
1239,1609,1265,1195,1240,422,1239,463,2095,510.68
1240,1617,1266,1202,1241,422,1241,463,2096,508.72
1242,1621,1268,1205,1243,430,1242,463,2097,512.63
1243,1629,1269,1212,1244,430,1244,478,2098,512.63
1245,1634,1271,1215,1246,430,1245,478,2099,508.72
1246,1642,1272,1222,1247,442,1247,486,2100,508.72
1248,1644,1274,1225,1249,442,1249,486,2101,508.72
1249,1648,1275,1231,1250,442,1250,486,2102,506.77
1251,1651,1277,1236,1252,450,1252,496,2103,506.77
1252,1659,1278,1239,1253,450,1253,496,2104,512.63
1254,1663,1280,1244,1255,457,1255,513,2105,510.68
1255,1670,1281,1247,1256,457,1256,513,2106,508.72
1257,1674,1283,1252,1258,457,1258,513,2107,508.72
1258,1680,1284,1254,1259,470,1259,531,2108,510.68
1260,1683,1286,1259,1261,470,1261,531,2109,512.63
1261,1686,1288,1262,1262,484,1262,531,2110,510.68
1263,1692,1289,1267,1264,484,1264,551,2111,510.68
1264,1695,1291,1269,1265,484,1265,551,2112,510.68
1266,1702,1292,1274,1267,498,1267,569,2113,508.72
1267,1706,1294,1276,1268,498,1268,569,2114,508.72
1269,1711,1295,1280,1270,498,1270,569,2115,506.77
1271,1714,1297,1283,1271,518,1271,589,2116,506.77
1272,1720,1298,1287,1273,518,1273,589,2117,508.72
1274,1722,1300,1289,1275,538,1274,589,2118,506.77
1275,1723,1301,1293,1276,538,1276,612,2119,506.77
1277,1724,1303,1295,1278,538,1277,612,2120,504.81
1278,1727,1304,1298,1279,558,1279,636,2121,508.72
1280,1729,1306,1300,1281,558,1280,636,2122,508.72
1281,1733,1307,1304,1282,558,1282,636,2123,508.72
1283,1733,1309,1305,1284,579,1283,662,2124,506.77
1284,1740,1310,1309,1285,579,1285,662,2125,508.72
1286,1744,1312,1311,1287,601,1286,684,2126,506.77
1287,1750,1313,1314,1288,601,1288,684,2127,506.77
1289,1752,1315,1317,1290,601,1290,684,2128,506.77
1290,1758,1316,1319,1291,622,1291,705,2129,506.77
1292,1762,1318,1322,1293,622,1293,705,2130,508.72
1293,1768,1319,1324,1294,646,1294,705,2131,506.77
1295,1770,1321,1328,1296,646,1296,731,2132,508.72
1296,1776,1322,1329,1297,646,1297,731,2133,508.72
1298,1777,1324,1332,1299,667,1299,754,2134,508.72
1299,1783,1326,1334,1300,667,1300,754,2135,506.77
1301,1786,1327,1336,1302,667,1302,754,2136,508.72
1302,1791,1329,1338,1303,683,1303,772,2137,508.72
1304,1793,1330,1340,1305,683,1305,772,2138,506.77
1305,1797,1332,1341,1306,703,1306,772,2139,506.77
1307,1800,1333,1343,1308,703,1308,784,2140,508.72
1308,1802,1335,1344,1309,703,1309,784,2141,508.72
1310,1803,1336,1346,1311,726,1311,794,2142,508.72
1312,1803,1338,1347,1312,726,1312,794,2143,510.68
1313,1803,1339,1349,1314,726,1314,794,2144,508.72
1315,1804,1341,1350,1316,747,1315,807,2145,508.72
1316,1804,1342,1351,1317,747,1317,807,2146,508.72
1318,1803,1344,1352,1319,764,1318,807,2147,508.72
1319,1803,1345,1353,1320,764,1320,826,2148,508.72
1321,1802,1347,1353,1322,764,1321,826,2149,508.72
1322,1800,1348,1354,1323,788,1323,846,2150,508.72
1324,1796,1350,1355,1325,788,1324,846,2151,508.72
1325,1795,1351,1356,1326,814,1326,846,2152,508.72
1327,1795,1353,1357,1328,814,1328,865,2153,506.77
1328,1796,1354,1357,1329,814,1329,865,2154,508.72
1330,1797,1356,1358,1331,836,1331,875,2155,508.72
1331,1798,1357,1358,1332,836,1332,875,2156,508.72
1333,1798,1359,1359,1334,836,1334,875,2157,508.72
1334,1798,1360,1359,1335,857,1335,882,2158,512.63
1336,1798,1362,1360,1337,857,1337,882,2159,512.63
1337,1798,1363,1361,1338,875,1338,882,2160,512.63
1339,1797,1365,1362,1340,875,1340,895,2161,508.72
1340,1794,1367,1362,1341,875,1341,895,2162,512.63
1342,1793,1368,1364,1343,894,1343,906,2163,508.72
1343,1790,1370,1365,1344,894,1344,906,2164,510.68
1345,1790,1371,1366,1346,894,1346,906,2165,510.68
1346,1793,1373,1366,1347,909,1347,914,2166,510.68
1348,1796,1374,1367,1349,909,1349,914,2167,512.63
1350,1802,1376,1368,1350,922,1350,914,2168,510.68
1351,1805,1377,1369,1352,922,1352,930,2169,510.68
1353,1811,1379,1369,1353,922,1353,930,2170,510.68
1354,1813,1380,1370,1355,934,1355,943,2171,508.72
1356,1817,1382,1371,1357,934,1356,943,2172,510.68
1357,1819,1383,1371,1358,949,1358,943,2173,508.72
1359,1820,1385,1372,1360,949,1359,946,2174,508.72
1360,1820,1386,1372,1361,949,1361,946,2175,510.68
1362,1818,1388,1371,1363,957,1362,952,2176,510.68
1363,1817,1389,1371,1364,957,1364,952,2177,508.72
1365,1816,1391,1371,1366,957,1365,952,2178,512.63
1366,1815,1392,1371,1367,961,1367,959,2179,510.68
1368,1814,1394,1371,1369,961,1369,959,2180,508.72
1369,1814,1395,1371,1370,975,1370,959,2181,508.72
1371,1814,1397,1371,1372,975,1372,965,2182,512.63
1372,1815,1398,1371,1373,975,1373,965,2183,510.68
1374,1816,1400,1371,1375,988,1375,970,2184,508.72
1375,1816,1401,1371,1376,988,1376,970,2185,508.72
1377,1814,1403,1372,1378,988,1378,970,2186,508.72
1378,1813,1404,1372,1379,996,1379,979,2187,510.68
1380,1811,1406,1373,1381,996,1381,979,2188,510.68
1381,1810,1408,1373,1382,1013,1382,979,2189,510.68
1383,1808,1409,1375,1384,1013,1384,989,2190,512.63
1384,1808,1411,1375,1385,1013,1385,989,2191,510.68
1386,1808,1412,1376,1387,1027,1387,997,2192,512.63
1387,1809,1414,1377,1388,1027,1388,997,2193,510.68
1389,1810,1415,1378,1390,1039,1390,997,2194,514.59
1391,1811,1417,1378,1391,1039,1391,1004,2195,512.63
1392,1812,1418,1378,1393,1039,1393,1004,2196,512.63
1394,1813,1420,1378,1394,1050,1394,1004,2197,512.63
1395,1815,1421,1378,1396,1050,1396,1010,2198,514.59
1397,1815,1423,1379,1398,1050,1397,1010,2199,512.63
1398,1815,1424,1379,1399,1057,1399,1014,2200,512.63
1400,1815,1426,1379,1401,1057,1400,1014,2201,510.68
1401,1816,1427,1380,1402,1069,1402,1014,2202,510.68
1403,1816,1429,1380,1404,1069,1403,1014,2203,512.63
1404,1816,1430,1380,1405,1069,1405,1014,2204,512.63
1406,1817,1432,1380,1407,1081,1406,1016,2205,512.63
1407,1817,1433,1380,1408,1081,1408,1016,2206,510.68
1409,1819,1435,1380,1410,1093,1410,1016,2207,514.59
1410,1819,1436,1380,1411,1093,1411,1015,2208,510.68
1412,1821,1438,1380,1413,1093,1413,1015,2209,514.59
1413,1822,1439,1380,1414,1100,1414,1015,2210,514.59
1415,1823,1441,1380,1416,1100,1416,1016,2211,510.68
1416,1823,1442,1380,1417,1100,1417,1016,2212,510.68
1418,1823,1444,1381,1419,1105,1419,1019,2213,510.68
1419,1824,1445,1381,1420,1105,1420,1019,2214,512.63
1421,1823,1447,1381,1422,1110,1422,1019,2215,512.63
1422,1823,1449,1382,1423,1110,1423,1020,2216,508.72
1424,1824,1450,1382,1425,1110,1425,1020,2217,508.72
1425,1824,1452,1382,1426,1111,1426,1020,2218,510.68
1427,1825,1453,1382,1428,1111,1428,1031,2219,510.68
1429,1826,1455,1382,1429,1111,1429,1031,2220,510.68
1430,1828,1456,1382,1431,1108,1431,1040,2221,510.68
1432,1829,1458,1382,1432,1108,1432,1040,2222,510.68
1433,1829,1459,1383,1434,1109,1434,1040,2223,508.72
1435,1829,1461,1383,1436,1109,1435,1033,2224,508.72
1436,1831,1462,1384,1437,1109,1437,1033,2225,508.72
1438,1831,1464,1384,1439,1113,1438,1033,2226,508.72
1439,1833,1465,1385,1440,1113,1440,1029,2227,508.72
1441,1834,1467,1385,1442,1115,1441,1029,2228,508.72
1442,1836,1468,1386,1443,1115,1443,1037,2229,508.72
1444,1837,1470,1387,1445,1115,1444,1037,2230,510.68
1445,1838,1471,1388,1446,1118,1446,1037,2231,506.77
1447,1839,1473,1388,1448,1118,1447,1046,2232,508.72
1448,1839,1474,1388,1449,1118,1449,1046,2233,510.68
1450,1840,1476,1389,1451,1120,1451,1051,2234,508.72
1451,1842,1477,1389,1452,1120,1452,1051,2235,506.77
1453,1843,1479,1390,1454,1115,1454,1051,2236,508.72
1454,1845,1480,1390,1455,1115,1455,1056,2237,508.72
1456,1845,1482,1391,1457,1115,1457,1056,2238,508.72
1457,1845,1483,1391,1458,1113,1458,1056,2239,508.72
1459,1845,1485,1391,1460,1113,1460,1060,2240,508.72
1460,1844,1487,1391,1461,1113,1461,1060,2241,512.63
1462,1844,1488,1392,1463,1114,1463,1055,2242,508.72
1463,1848,1490,1392,1464,1114,1464,1055,2243,508.72
1465,1852,1491,1392,1466,1119,1466,1055,2244,508.72
1466,1857,1493,1392,1467,1119,1467,1053,2245,506.77
1468,1858,1494,1393,1469,1119,1469,1053,2246,508.72
1470,1858,1496,1393,1470,1119,1470,1053,2247,506.77
1471,1857,1497,1393,1472,1119,1472,1056,2248,504.81
1473,1858,1499,1394,1473,1118,1473,1056,2249,506.77
1474,1859,1500,1394,1475,1118,1475,1061,2250,506.77
1476,1858,1502,1395,1477,1118,1476,1061,2251,506.77
1477,1856,1503,1396,1478,1129,1478,1061,2252,506.77
1479,1855,1505,1396,1480,1129,1479,1068,2253,506.77
1480,1856,1506,1397,1481,1129,1481,1068,2254,508.72
1482,1858,1508,1397,1483,1143,1482,1068,2255,508.72
1483,1860,1509,1398,1484,1143,1484,1068,2256,508.72
1485,1863,1511,1398,1486,1154,1485,1068,2257,508.72
1486,1869,1512,1398,1487,1154,1487,1062,2258,510.68
1488,1871,1514,1399,1489,1154,1488,1062,2259,508.72
1489,1874,1515,1399,1490,1161,1490,1062,2260,508.72
1491,1876,1517,1399,1492,1161,1492,1060,2261,508.72
1492,1877,1518,1399,1493,1161,1493,1060,2262,510.68
1494,1877,1520,1400,1495,1159,1495,1062,2263,510.68
1495,1880,1521,1400,1496,1159,1496,1062,2264,514.59
1497,1880,1523,1400,1498,1155,1498,1062,2265,510.68
1498,1879,1524,1400,1499,1155,1499,1061,2266,512.63
1500,1878,1526,1400,1501,1155,1501,1061,2267,512.63
1501,1880,1527,1401,1502,1157,1502,1061,2268,512.63
1503,1882,1529,1401,1504,1157,1504,1060,2269,512.63
1504,1888,1531,1401,1505,1163,1505,1060,2270,512.63
1506,1891,1532,1401,1507,1163,1507,1065,2271,512.63
1507,1898,1534,1402,1508,1163,1508,1065,2272,510.68
1509,1904,1535,1402,1510,1164,1510,1065,2274,510.68
1511,1919,1537,1402,1511,1164,1511,1070,2275,510.68
1512,1928,1538,1403,1513,1164,1513,1070,2276,510.68
1514,1947,1540,1403,1514,1162,1514,1070,2277,512.63
1515,1957,1541,1403,1516,1162,1516,1077,2278,510.68
1517,1975,1543,1404,1518,1163,1517,1077,2279,512.63
1518,1981,1544,1404,1519,1163,1519,1085,2280,512.63
1520,1991,1546,1404,1521,1163,1520,1085,2281,514.59
1521,1994,1547,1404,1522,1167,1522,1085,2282,512.63
1523,1992,1549,1404,1524,1167,1523,1090,2283,512.63
1524,1892,1550,1405,1525,1167,1525,1090,2284,512.63
1526,1913,1552,1406,1527,1164,1526,1097,2285,512.63
1527,2006,1553,1406,1528,1164,1528,1097,2286,510.68
1529,2018,1555,1407,1530,1165,1530,1097,2287,514.59
1530,2022,1556,1407,1531,1165,1531,1105,2288,514.59
1532,2023,1558,1408,1533,1165,1533,1105,2289,510.68
1533,2022,1559,1408,1534,1171,1534,1105,2290,512.63
1535,2015,1561,1409,1536,1171,1536,1105,2291,510.68
1536,2012,1562,1409,1537,1175,1537,1105,2292,514.59
1538,2011,1564,1410,1539,1175,1539,1101,2293,512.63
1539,2010,1565,1410,1540,1175,1540,1101,2294,514.59
1541,2005,1567,1410,1542,1176,1542,1101,2295,514.59
1542,2001,1569,1411,1543,1176,1543,1097,2296,512.63
1544,1990,1570,1411,1545,1176,1545,1097,2297,514.59
1545,1985,1572,1411,1546,1174,1546,1097,2298,518.5
1547,1975,1573,1412,1548,1174,1548,1094,2299,518.5
1548,1971,1575,1412,1549,1173,1549,1094,2300,520.45
1550,1966,1576,1412,1551,1173,1551,1091,2301,518.5
1552,1955,1578,1412,1552,1173,1552,1091,2302,518.5
1553,1950,1579,1412,1554,1172,1554,1091,2303,516.54
1555,1940,1581,1412,1555,1172,1555,1089,2304,516.54
1556,1934,1582,1412,1557,1172,1557,1089,2305,518.5
1558,1924,1584,1412,1559,1173,1558,1089,2306,516.54
1559,1921,1585,1412,1560,1173,1560,1092,2307,516.54
1561,1894,1587,1412,1562,1176,1561,1092,2308,518.5
1562,1882,1588,1412,1563,1176,1563,1095,2309,520.45
1564,1868,1590,1412,1565,1176,1564,1095,2310,522.41
1565,1867,1591,1412,1566,1178,1566,1095,2311,520.45
1567,1871,1593,1411,1568,1178,1567,1096,2312,518.5
1568,1879,1594,1411,1569,1169,1569,1096,2313,520.45
1570,1883,1596,1410,1571,1169,1571,1100,2314,522.41
1571,1882,1597,1410,1572,1169,1572,1100,2315,524.36
1573,1881,1599,1410,1574,1163,1574,1100,2316,524.36
1574,1882,1600,1410,1575,1163,1575,1101,2317,522.41
1576,1884,1602,1409,1577,1163,1577,1101,2318,524.36
1577,1884,1603,1409,1578,1166,1578,1101,2319,526.32
1579,1891,1605,1408,1580,1166,1580,1096,2320,526.32
1580,1892,1606,1408,1581,1167,1581,1096,2321,524.36
1582,1899,1608,1407,1583,1167,1583,1093,2322,524.36
1583,1899,1610,1407,1584,1167,1584,1093,2323,526.32
,,1611,1406,1586,1175,1586,1093,2324,528.27
,,1613,1406,1587,1175,1587,1096,2325,528.27
,,1614,1405,1589,1175,1589,1096,2326,526.32
,,1616,1405,1590,1182,1590,1096,2327,526.32
,,1617,1405,1592,1182,1592,1093,2328,526.32
,,1619,1405,1593,1185,1593,1093,2329,530.23
,,1620,1406,1595,1185,1595,1095,2330,526.32
,,1622,1406,1596,1185,1596,1095,2331,528.27
,,1623,1406,1598,1186,1598,1095,2332,526.32
,,1625,1405,1600,1186,1599,1100,2333,530.23
,,1626,1405,1601,1188,1601,1100,2334,528.27
,,1628,1405,1603,1188,1602,1100,2335,528.27
,,1629,1405,1604,1188,1604,1100,2336,528.27
,,1631,1405,1606,1189,1605,1100,2337,528.27
,,1632,1406,1607,1189,1607,1096,2338,530.23
,,1634,1406,1609,1189,1608,1096,2339,532.18
,,1635,1406,1610,1185,1610,1096,2340,528.27
,,1637,1406,1612,1185,1612,1089,2341,524.36
,,1638,1407,1613,1186,1613,1089,2342,528.27
,,1640,1407,1615,1186,1615,1084,2343,528.27
,,1641,1406,1616,1186,1616,1084,2344,532.18
,,1643,1406,1618,1196,1618,1084,2345,532.18
,,1644,1406,1619,1196,1619,1082,2346,532.18
,,1646,1406,1621,1203,1621,1082,2347,532.18
,,1647,1406,1622,1203,1622,1082,2348,532.18
,,1649,1407,1624,1203,1624,1081,2349,532.18
,,1651,1407,1625,1204,1625,1081,2350,532.18
,,1652,1407,1627,1204,1627,1082,2351,532.18
,,1654,1408,1628,1204,1628,1082,2352,530.23
,,1655,1408,1630,1201,1630,1082,2353,530.23
,,1657,1409,1631,1201,1631,1086,2354,530.23
,,1658,1409,1633,1197,1633,1086,2355,530.23
,,1660,1409,1634,1197,1634,1086,2356,536.09
,,1661,1410,1636,1197,1636,1088,2357,536.09
,,1663,1410,1637,1200,1637,1088,2358,536.09
,,1664,1410,1639,1200,1639,1085,2359,534.14
,,1666,1411,1641,1200,1640,1085,2360,536.09
,,1667,1411,1642,1202,1642,1085,2361,536.09
,,1669,1411,1644,1202,1643,1081,2362,536.09
,,1670,1411,1645,1196,1645,1081,2363,532.18
,,1672,1411,1647,1196,1646,1080,2364,534.14
,,1673,1411,1648,1196,1648,1080,2365,534.14
,,1675,1411,1650,1189,1649,1080,2366,534.14
,,1676,1411,1651,1189,1651,1079,2367,536.09
,,1678,1410,1653,1187,1653,1079,2368,534.14
,,1679,1410,1654,1187,1654,1079,2369,534.14
,,1681,1409,1656,1187,1656,1073,2370,532.18
,,1682,1409,1657,1187,1657,1073,2371,534.14
,,1684,1409,1659,1187,1659,1073,2372,536.09
,,1685,1409,1660,1187,1660,1073,2373,534.14
,,1687,1408,1662,1193,1662,1073,2374,534.14
,,1688,1408,1663,1193,1663,1081,2375,536.09
,,1690,1408,1665,1201,1665,1081,2376,536.09
,,1692,1408,1666,1201,1666,1081,2377,536.09
,,1693,1407,1668,1201,1668,1089,2378,536.09
,,1695,1407,1669,1205,1669,1089,2379,536.09
,,1696,1407,1671,1205,1671,1093,2380,538.05
,,1698,1408,1672,1205,1672,1093,2381,538.05
,,1699,1408,1674,1209,1674,1093,2382,538.05
,,1701,1408,1675,1209,1675,1096,2383,538.05
,,1702,1408,1677,1214,1677,1096,2384,538.05
,,1704,1409,1679,1214,1678,1096,2385,536.09
,,1705,1409,1680,1214,1680,1102,2386,538.05
,,1707,1409,1682,1219,1681,1102,2387,538.05
,,1708,1409,1683,1219,1683,1106,2388,540
,,1710,1410,1685,1225,1684,1106,2389,541.96
,,1711,1410,1686,1225,1686,1106,2390,557.6
,,1713,1411,1688,1225,1687,1110,2391,583.02
,,1714,1411,1689,1228,1689,1110,2392,602.57
,,1716,1412,1691,1228,1691,1111,2393,618.21
,,1717,1412,1692,1228,1692,1111,2394,635.8
,,1719,1412,1694,1225,1694,1111,2395,647.53
,,1720,1413,1695,1225,1695,1113,2396,669.04
,,1722,1413,1697,1221,1697,1113,2397,680.77
,,1723,1413,1698,1221,1698,1113,2398,696.41
,,1725,1413,1700,1221,1700,1117,2399,702.27
,,1726,1413,1701,1213,1701,1117,2400,725.73
,,1728,1414,1703,1213,1703,1112,2401,749.19
,,1729,1414,1704,1213,1704,1112,2402,768.74
,,1731,1414,1706,1203,1706,1112,2403,780.47
,,1733,1414,1707,1203,1707,1109,2404,796.11
,,1734,1414,1709,1195,1709,1109,2405,811.75
,,1736,1414,1710,1195,1710,1109,2406,819.57
,,1737,1413,1712,1195,1712,1107,2407,843.04
,,1739,1413,1713,1192,1713,1107,2408,846.95
,,1740,1413,1715,1192,1715,1104,2409,852.81
,,1742,1413,1716,1189,1716,1104,2410,872.36
,,1743,1413,1718,1189,1718,1104,2411,884.09
,,1745,1413,1720,1189,1719,1101,2412,888
,,1746,1412,1721,1186,1721,1101,2413,897.78
,,1748,1412,1723,1186,1722,1101,2414,909.51
,,1749,1412,1724,1186,1724,1100,2415,921.24
,,1751,1412,1726,1186,1725,1100,2416,936.88
,,1752,1411,1727,1186,1727,1103,2417,938.83
,,1754,1411,1729,1187,1728,1103,2418,942.74
,,1755,1411,1730,1187,1730,1103,2419,946.65
,,1757,1411,1732,1187,1732,1103,2420,954.47
,,1758,1411,1733,1189,1733,1103,2421,950.56
,,1760,1411,1735,1189,1735,1103,2422,975.98
,,1761,1411,1736,1189,1736,1103,2423,999.44
,,1763,1412,1738,1193,1738,1103,2424,1005.3
,,1764,1412,1739,1193,1739,1101,2425,1018.99
,,1766,1412,1741,1199,1741,1101,2426,995.53
,,1767,1413,1742,1199,1742,1101,2427,991.62
,,1769,1413,1744,1199,1744,1098,2428,1034.63
,,1771,1413,1745,1202,1745,1098,2429,1028.76
,,1772,1414,1747,1202,1747,1100,2430,1022.9
,,1774,1414,1748,1204,1748,1100,2431,1032.67
,,1775,1414,1750,1204,1750,1100,2432,1046.36
,,1777,1414,1751,1204,1751,1102,2433,1056.13
,,1778,1414,1753,1198,1753,1102,2434,1067.86
,,1780,1414,1754,1198,1754,1102,2435,1073.73
,,1781,1415,1756,1198,1756,1105,2436,1087.41
,,1783,1415,1758,1189,1757,1105,2437,1097.19
,,1784,1415,1759,1189,1759,1102,2438,1099.14
,,1786,1415,1761,1186,1760,1102,2439,1105.01
,,1787,1415,1762,1186,1762,1102,2440,1114.78
,,1789,1415,1764,1186,1763,1099,2441,1118.7
,,1790,1414,1765,1182,1765,1099,2442,1120.65
,,1792,1414,1767,1182,1766,1097,2443,1128.47
,,1793,1414,1768,1182,1768,1097,2444,1132.38
,,1795,1414,1770,1180,1769,1097,2445,1142.16
,,1796,1415,1771,1180,1771,1095,2446,1144.11
,,1798,1415,1773,1172,1772,1095,2447,1151.93
,,1799,1416,1774,1172,1774,1095,2448,1157.8
,,1801,1417,1776,1172,1776,1095,2449,1163.66
,,1802,1418,1777,1168,1777,1095,2450,1167.57
,,1804,1422,1779,1168,1779,1101,2451,1171.48
,,1805,1427,1780,1172,1780,1101,2452,1175.39
,,,,1782,1172,1782,1101,2453,1175.39
,,,,1783,1172,1783,1110,2454,1181.26
,,,,1785,1172,1785,1110,2455,1187.12
,,,,1786,1172,1786,1110,2456,1192.99
,,,,1788,1172,1788,1113,2457,1192.99
,,,,1789,1174,1789,1113,2458,1202.76
,,,,1791,1174,1791,1112,2459,1204.72
,,,,1792,1176,1792,1112,2460,1208.63
,,,,1794,1176,1794,1112,2461,1208.63
,,,,1795,1176,1795,1111,2462,1212.54
,,,,1797,1175,1797,1111,2463,1218.4
,,,,1799,1175,1798,1111,2464,1222.31
,,,,1800,1175,1800,1112,2465,1224.27
,,,,1802,1173,1801,1112,2466,1230.13
,,,,1803,1173,1803,1119,2467,1230.13
,,,,1805,1174,1804,1119,2468,1234.04
,,,,1806,1174,1806,1119,2469,1234.04
,,,,1808,1174,1807,1120,2470,1239.91
,,,,1809,1184,1809,1120,2471,1239.91
,,,,1811,1184,1810,1114,2472,1243.82
,,,,1812,1198,1812,1114,2473,1251.64
,,,,1814,1198,1814,1114,2474,1251.64
,,,,1815,1198,1815,1108,2475,1253.59
,,,,1817,1204,1817,1108,2476,1257.5
,,,,1818,1204,1818,1108,2477,1261.41
,,,,1820,1204,1820,1105,2478,1263.37
,,,,1821,1201,1821,1105,2479,1265.32
,,,,1823,1201,1823,1106,2480,1265.32
,,,,1824,1196,1824,1106,2481,1271.19
,,,,1826,1196,1826,1106,2482,1269.23
,,,,1827,1196,1827,1111,2483,1271.19
,,,,1829,1191,1829,1111,2484,1275.1
,,,,1830,1191,1830,1111,2485,1277.05
,,,,1832,1192,1832,1114,2486,1282.92
,,,,1833,1192,1833,1114,2487,1282.92
,,,,1835,1192,1835,1112,2488,1284.87
,,,,1836,1191,1836,1112,2489,1286.83
,,,,1838,1191,1838,1112,2490,1286.83
,,,,1840,1191,1839,1105,2491,1292.69
,,,,1841,1198,1841,1105,2492,1290.74
,,,,1843,1198,1842,1105,2493,1292.69
,,,,1844,1207,1844,1098,2494,1292.69
,,,,1846,1207,1845,1098,2495,1296.6
,,,,1847,1207,1847,1102,2496,1298.56
,,,,1849,1211,1848,1102,2497,1300.51
,,,,1850,1211,1850,1102,2498,1300.51
,,,,1852,1211,1851,1102,2499,1304.42
,,,,1853,1214,1853,1102,2500,1306.38
,,,,1855,1214,1855,1100,2501,1304.42
,,,,1856,1213,1856,1100,2502,1310.29
,,,,1858,1213,1858,1100,2503,1308.33
,,,,1859,1213,1859,1106,2504,1312.24
,,,,1861,1213,1861,1106,2505,1310.29
,,,,1862,1213,1862,1106,2506,1314.2
,,,,1864,1215,1864,1111,2507,1314.2
,,,,1865,1215,1865,1111,2508,1320.06
,,,,1867,1215,1867,1143,2509,1320.06
,,,,1868,1213,1868,1143,2510,1320.06
,,,,1870,1213,1870,1143,2511,1322.02
,,,,1871,1213,1871,1217,2512,1320.06
,,,,1873,1206,1873,1217,2513,1325.93
,,,,1874,1206,1874,1217,2514,1327.88
,,,,1876,1203,1876,1318,2515,1325.93
,,,,1877,1203,1877,1318,2516,1329.84
,,,,1879,1203,1879,1409,2517,1329.84
,,,,1881,1200,1880,1409,2518,1329.84
,,,,1882,1200,1882,1409,2519,1327.88
,,,,1884,1200,1883,1466,2520,1329.84
,,,,1885,1196,1885,1466,2521,1333.75
,,,,1887,1196,1886,1502,2522,1333.75
,,,,1888,1207,1888,1502,2523,1339.61
,,,,1890,1207,1889,1502,2524,1341.57
,,,,1891,1207,1891,1523,2525,1333.75
,,,,1893,1256,1892,1523,2526,1337.66
,,,,1894,1256,1894,1523,2527,1335.7
,,,,1896,1339,1896,1516,2528,1337.66
,,,,1897,1339,1897,1516,2529,1337.66
,,,,1899,1339,1899,1493,2530,1345.48
,,,,1900,1438,1900,1493,2531,1343.52
,,,,1902,1438,1902,1493,2532,1343.52
,,,,1903,1438,1903,1461,2533,1341.57
,,,,1905,1522,1905,1461,2534,1347.43
,,,,1906,1522,1906,1461,2535,1343.52
,,,,1908,1580,1908,1412,2536,1343.52
,,,,1909,1580,1909,1412,2537,1343.52
,,,,1911,1580,1911,1360,2538,1341.57
,,,,1912,1608,1912,1360,2539,1343.52
,,,,1914,1608,1914,1360,2540,1343.52
,,,,1915,1608,1915,1312,2541,1345.48
,,,,1917,1615,1917,1312,2542,1349.39
,,,,1918,1615,1918,1312,2543,1347.43
,,,,1920,1612,1920,1266,2544,1349.39
,,,,1922,1612,1921,1266,2545,1347.43
,,,,1923,1612,1923,1207,2546,1345.48
,,,,1925,1590,1924,1207,2547,1345.48
,,,,1926,1590,1926,1207,2548,1349.39
,,,,1928,1553,1927,1145,2549,1351.34
,,,,1929,1553,1929,1145,2550,1349.39
,,,,1931,1553,1930,1090,2551,1351.34
,,,,1932,1514,1932,1090,2552,1353.3
,,,,1934,1514,1933,1090,2553,1353.3
,,,,1935,1514,1935,1041,2554,1353.3
,,,,1937,1467,1937,1041,2555,1351.34
,,,,1938,1467,1938,1041,2556,1349.39
,,,,1940,1414,1940,992,2557,1351.34
,,,,1941,1414,1941,992,2558,1351.34
,,,,1943,1414,1943,944,2559,1349.39
,,,,1944,1362,1944,944,2560,1351.34
,,,,1946,1362,1946,944,2561,1353.3
,,,,1947,1362,1947,910,2562,1353.3
,,,,1949,1310,1949,910,2563,1351.34
,,,,1950,1310,1950,910,2564,1351.34
,,,,1952,1255,1952,877,2565,1349.39
,,,,1953,1255,1953,877,2566,1347.43
,,,,1955,1255,1955,840,2567,1351.34
,,,,1956,1198,1956,840,2568,1353.3
,,,,1958,1198,1958,840,2569,1349.39
,,,,1959,1150,1959,810,2570,1351.34
,,,,1961,1150,1961,810,2571,1351.34
,,,,1963,1150,1962,781,2572,1349.39
,,,,1964,1105,1964,781,2573,1353.3
,,,,1966,1105,1965,781,2574,1349.39
,,,,1967,1105,1967,754,2575,1349.39
,,,,1969,1060,1968,754,2576,1349.39
,,,,1970,1060,1970,754,2577,1351.34
,,,,1972,1022,1971,734,2578,1351.34
,,,,1973,1022,1973,734,2579,1353.3
,,,,1975,1022,1975,713,2580,1351.34
,,,,1976,983,1976,713,2581,1353.3
,,,,1978,983,1978,713,2582,1351.34
,,,,1979,983,1979,694,2583,1351.34
,,,,1981,950,1981,694,2584,1351.34
,,,,1982,950,1982,694,2585,1353.3
,,,,1984,925,1984,676,2586,1353.3
,,,,1985,925,1985,676,2587,1353.3
,,,,1987,925,1987,661,2588,1355.25
,,,,1988,893,1988,661,2589,1353.3
,,,,1990,893,1990,661,2590,1355.25
,,,,1991,864,1991,649,2591,1353.3
,,,,1993,864,1993,649,2592,1355.25
,,,,1994,864,1994,649,2593,1355.25
,,,,1996,840,1996,641,2594,1355.25
,,,,1997,840,1997,641,2595,1355.25
,,,,1999,840,1999,632,2596,1353.3
,,,,2000,819,2000,632,2597,1355.25
,,,,2002,819,,,2598,1353.3
,,,,2004,800,,,2599,1351.34
,,,,2005,800,,,2600,1351.34
,,,,2007,800,,,2601,1357.21
,,,,2008,781,,,2602,1355.25
,,,,2010,781,,,2603,1353.3
,,,,2011,781,,,2604,1355.25
,,,,2013,761,,,2605,1355.25
,,,,2014,761,,,2606,1355.25
,,,,2016,743,,,2607,1355.25
,,,,2017,743,,,2608,1351.34
,,,,2019,743,,,2609,1355.25
,,,,,,,,2610,1355.25
,,,,,,,,2611,1357.21
,,,,,,,,2612,1357.21
,,,,,,,,2613,1359.16
,,,,,,,,2614,1359.16
,,,,,,,,2615,1359.16
,,,,,,,,2616,1357.21
,,,,,,,,2617,1357.21
,,,,,,,,2618,1361.12
,,,,,,,,2619,1361.12
,,,,,,,,2620,1361.12
,,,,,,,,2621,1359.16
,,,,,,,,2622,1359.16
,,,,,,,,2623,1359.16
,,,,,,,,2624,1363.07
,,,,,,,,2625,1363.07
,,,,,,,,2626,1361.12
,,,,,,,,2627,1363.07
,,,,,,,,2628,1357.21
,,,,,,,,2629,1359.16
,,,,,,,,2630,1363.07
,,,,,,,,2631,1361.12
,,,,,,,,2632,1361.12
,,,,,,,,2633,1361.12
,,,,,,,,2634,1361.12
,,,,,,,,2635,1361.12
,,,,,,,,2636,1361.12
,,,,,,,,2637,1365.03
,,,,,,,,2638,1361.12
,,,,,,,,2639,1361.12
,,,,,,,,2640,1361.12
,,,,,,,,2641,1361.12
,,,,,,,,2642,1363.07
,,,,,,,,2643,1365.03
,,,,,,,,2644,1363.07
,,,,,,,,2645,1368.94
,,,,,,,,2646,1366.98
,,,,,,,,2647,1370.89
,,,,,,,,2648,1366.98
,,,,,,,,2649,1366.98
,,,,,,,,2650,1368.94
,,,,,,,,2651,1366.98
,,,,,,,,2652,1368.94
,,,,,,,,2653,1368.94
,,,,,,,,2654,1365.03
,,,,,,,,2655,1366.98
,,,,,,,,2656,1365.03
,,,,,,,,2657,1366.98
,,,,,,,,2658,1366.98
,,,,,,,,2659,1370.89
,,,,,,,,2660,1365.03
,,,,,,,,2661,1365.03
,,,,,,,,2662,1366.98
,,,,,,,,2663,1366.98
,,,,,,,,2664,1368.94
,,,,,,,,2665,1365.03
,,,,,,,,2666,1366.98
,,,,,,,,2667,1368.94
,,,,,,,,2668,1372.85
,,,,,,,,2669,1372.85
,,,,,,,,2670,1370.89
,,,,,,,,2671,1370.89
,,,,,,,,2672,1372.85
,,,,,,,,2673,1374.8
,,,,,,,,2674,1374.8
,,,,,,,,2675,1374.8
,,,,,,,,2676,1376.76
,,,,,,,,2677,1374.8
,,,,,,,,2678,1378.71
,,,,,,,,2679,1376.76
,,,,,,,,2680,1378.71
,,,,,,,,2681,1374.8
,,,,,,,,2682,1376.76
,,,,,,,,2683,1374.8
,,,,,,,,2684,1380.67
,,,,,,,,2685,1376.76
,,,,,,,,2686,1378.71
,,,,,,,,2687,1374.8
,,,,,,,,2688,1378.71
,,,,,,,,2689,1380.67
,,,,,,,,2690,1380.67
,,,,,,,,2691,1382.62
,,,,,,,,2692,1378.71
,,,,,,,,2693,1380.67
,,,,,,,,2694,1382.62
,,,,,,,,2695,1376.76
,,,,,,,,2696,1378.71
,,,,,,,,2697,1378.71
,,,,,,,,2698,1376.76
,,,,,,,,2699,1382.62
,,,,,,,,2700,1382.62
,,,,,,,,2701,1380.67
,,,,,,,,2702,1380.67
,,,,,,,,2703,1378.71
,,,,,,,,2704,1380.67
,,,,,,,,2705,1382.62
,,,,,,,,2706,1382.62
,,,,,,,,2707,1382.62
,,,,,,,,2708,1380.67
,,,,,,,,2709,1382.62
,,,,,,,,2710,1384.58
,,,,,,,,2711,1380.67
,,,,,,,,2712,1382.62
,,,,,,,,2713,1382.62
,,,,,,,,2714,1382.62
,,,,,,,,2715,1380.67
,,,,,,,,2716,1386.53
,,,,,,,,2717,1382.62
,,,,,,,,2718,1382.62
,,,,,,,,2719,1382.62
,,,,,,,,2720,1382.62
,,,,,,,,2721,1384.58
,,,,,,,,2722,1382.62
,,,,,,,,2723,1384.58
,,,,,,,,2724,1384.58
,,,,,,,,2725,1384.58
,,,,,,,,2726,1388.49
,,,,,,,,2727,1388.49
,,,,,,,,2728,1388.49
,,,,,,,,2729,1386.53
,,,,,,,,2730,1388.49
,,,,,,,,2731,1388.49
,,,,,,,,2732,1388.49
,,,,,,,,2733,1390.44
,,,,,,,,2734,1390.44
,,,,,,,,2735,1392.4
,,,,,,,,2736,1390.44
,,,,,,,,2737,1388.49
,,,,,,,,2738,1392.4
,,,,,,,,2739,1394.35
,,,,,,,,2740,1390.44
,,,,,,,,2741,1390.44
,,,,,,,,2742,1392.4
,,,,,,,,2743,1394.35
,,,,,,,,2744,1392.4
,,,,,,,,2745,1392.4
,,,,,,,,2746,1392.4
,,,,,,,,2747,1392.4
,,,,,,,,2748,1392.4
,,,,,,,,2749,1392.4
,,,,,,,,2750,1396.31
,,,,,,,,2751,1394.35
,,,,,,,,2752,1392.4
,,,,,,,,2753,1398.26
,,,,,,,,2754,1394.35
,,,,,,,,2755,1394.35
,,,,,,,,2756,1394.35
,,,,,,,,2757,1390.44
,,,,,,,,2758,1396.31
,,,,,,,,2759,1394.35
,,,,,,,,2760,1396.31
,,,,,,,,2761,1398.26
,,,,,,,,2762,1396.31
,,,,,,,,2763,1390.44
,,,,,,,,2764,1392.4
,,,,,,,,2765,1396.31
,,,,,,,,2766,1394.35
,,,,,,,,2767,1398.26
,,,,,,,,2768,1394.35
,,,,,,,,2769,1398.26
,,,,,,,,2770,1398.26
,,,,,,,,2771,1398.26
,,,,,,,,2772,1400.22
,,,,,,,,2773,1398.26
,,,,,,,,2774,1400.22
,,,,,,,,2775,1398.26
,,,,,,,,2776,1400.22
,,,,,,,,2777,1400.22
,,,,,,,,2778,1400.22
,,,,,,,,2779,1400.22
,,,,,,,,2780,1398.26
,,,,,,,,2781,1398.26
,,,,,,,,2782,1400.22
,,,,,,,,2783,1396.31
,,,,,,,,2784,1402.17
,,,,,,,,2785,1398.26
,,,,,,,,2786,1400.22
,,,,,,,,2787,1400.22
,,,,,,,,2788,1400.22
,,,,,,,,2789,1396.31
,,,,,,,,2790,1400.22
,,,,,,,,2791,1398.26
,,,,,,,,2792,1400.22
,,,,,,,,2793,1396.31
,,,,,,,,2794,1400.22
,,,,,,,,2795,1398.26
,,,,,,,,2796,1396.31
,,,,,,,,2797,1398.26
,,,,,,,,2798,1400.22
,,,,,,,,2799,1398.26
,,,,,,,,2800,1398.26
,,,,,,,,2801,1398.26
,,,,,,,,2802,1396.31
,,,,,,,,2803,1400.22
,,,,,,,,2804,1396.31
,,,,,,,,2805,1394.35
,,,,,,,,2806,1396.31
,,,,,,,,2807,1398.26
,,,,,,,,2808,1398.26
,,,,,,,,2809,1398.26
,,,,,,,,2810,1400.22
,,,,,,,,2811,1396.31
,,,,,,,,2812,1396.31
,,,,,,,,2813,1396.31
,,,,,,,,2814,1396.31
,,,,,,,,2815,1396.31
,,,,,,,,2816,1394.35
,,,,,,,,2817,1398.26
,,,,,,,,2818,1398.26
,,,,,,,,2819,1396.31
,,,,,,,,2820,1396.31
,,,,,,,,2821,1398.26
,,,,,,,,2822,1398.26
,,,,,,,,2823,1398.26
,,,,,,,,2824,1398.26
,,,,,,,,2825,1398.26
,,,,,,,,2826,1396.31
,,,,,,,,2827,1396.31
,,,,,,,,2828,1396.31
,,,,,,,,2829,1394.35
,,,,,,,,2830,1394.35
,,,,,,,,2831,1394.35
,,,,,,,,2832,1394.35
,,,,,,,,2833,1394.35
,,,,,,,,2834,1396.31
,,,,,,,,2835,1392.4
,,,,,,,,2836,1394.35
,,,,,,,,2837,1392.4
,,,,,,,,2838,1392.4
,,,,,,,,2839,1392.4
,,,,,,,,2840,1390.44
,,,,,,,,2841,1392.4
,,,,,,,,2842,1394.35
,,,,,,,,2843,1394.35
,,,,,,,,2844,1394.35
,,,,,,,,2845,1394.35
,,,,,,,,2846,1394.35
,,,,,,,,2847,1394.35
,,,,,,,,2848,1392.4
,,,,,,,,2849,1396.31
,,,,,,,,2850,1392.4
,,,,,,,,2851,1394.35
,,,,,,,,2852,1394.35
,,,,,,,,2853,1394.35
,,,,,,,,2854,1396.31
,,,,,,,,2855,1392.4
,,,,,,,,2856,1392.4
,,,,,,,,2857,1392.4
,,,,,,,,2858,1394.35
,,,,,,,,2859,1392.4
,,,,,,,,2860,1394.35
,,,,,,,,2861,1394.35
,,,,,,,,2862,1396.31
,,,,,,,,2863,1396.31
,,,,,,,,2864,1398.26
,,,,,,,,2865,1398.26
,,,,,,,,2866,1398.26
,,,,,,,,2867,1396.31
,,,,,,,,2868,1396.31
,,,,,,,,2869,1398.26
,,,,,,,,2870,1398.26
,,,,,,,,2871,1396.31
,,,,,,,,2872,1394.35
,,,,,,,,2873,1396.31
,,,,,,,,2874,1398.26
,,,,,,,,2875,1398.26
,,,,,,,,2876,1404.13
,,,,,,,,2877,1404.13
,,,,,,,,2878,1400.22
,,,,,,,,2879,1398.26
,,,,,,,,2880,1400.22
,,,,,,,,2881,1402.17
,,,,,,,,2882,1400.22
,,,,,,,,2883,1402.17
,,,,,,,,2884,1400.22
,,,,,,,,2885,1400.22
,,,,,,,,2886,1402.17
,,,,,,,,2887,1398.26
,,,,,,,,2888,1402.17
,,,,,,,,2889,1400.22
,,,,,,,,2890,1400.22
,,,,,,,,2891,1400.22
,,,,,,,,2892,1402.17
,,,,,,,,2893,1404.13
,,,,,,,,2894,1402.17
,,,,,,,,2895,1402.17
,,,,,,,,2896,1402.17
,,,,,,,,2897,1400.22
,,,,,,,,2898,1404.13
,,,,,,,,2899,1402.17
,,,,,,,,2900,1398.26
,,,,,,,,2901,1400.22
,,,,,,,,2902,1402.17
,,,,,,,,2903,1400.22
,,,,,,,,2904,1400.22
,,,,,,,,2905,1404.13
,,,,,,,,2906,1402.17
,,,,,,,,2907,1398.26
,,,,,,,,2908,1398.26
,,,,,,,,2909,1400.22
,,,,,,,,2910,1398.26
,,,,,,,,2911,1402.17
,,,,,,,,2912,1400.22
,,,,,,,,2913,1402.17
,,,,,,,,2914,1404.13
,,,,,,,,2915,1404.13
,,,,,,,,2916,1406.09
,,,,,,,,2917,1402.17
,,,,,,,,2918,1404.13
,,,,,,,,2919,1400.22
,,,,,,,,2920,1406.09
,,,,,,,,2921,1402.17
,,,,,,,,2922,1404.13
,,,,,,,,2923,1406.09
,,,,,,,,2924,1406.09
,,,,,,,,2925,1406.09
,,,,,,,,2926,1404.13
,,,,,,,,2927,1408.04
,,,,,,,,2928,1410
,,,,,,,,2929,1408.04
,,,,,,,,2930,1406.09
,,,,,,,,2931,1406.09
,,,,,,,,2932,1408.04
,,,,,,,,2933,1404.13
,,,,,,,,2934,1408.04
,,,,,,,,2935,1408.04
,,,,,,,,2936,1408.04
,,,,,,,,2937,1408.04
,,,,,,,,2938,1408.04
,,,,,,,,2939,1406.09
,,,,,,,,2940,1410
,,,,,,,,2941,1406.09
,,,,,,,,2942,1406.09
,,,,,,,,2943,1406.09
,,,,,,,,2944,1408.04
,,,,,,,,2945,1406.09
,,,,,,,,2946,1404.13
,,,,,,,,2947,1404.13
,,,,,,,,2948,1404.13
,,,,,,,,2949,1404.13
,,,,,,,,2950,1402.17
,,,,,,,,2951,1400.22
,,,,,,,,2952,1402.17
,,,,,,,,2953,1402.17
,,,,,,,,2954,1402.17
,,,,,,,,2955,1406.09
,,,,,,,,2956,1404.13
,,,,,,,,2957,1404.13
,,,,,,,,2958,1406.09
,,,,,,,,2959,1404.13
,,,,,,,,2960,1404.13
,,,,,,,,2961,1402.17
,,,,,,,,2962,1402.17
,,,,,,,,2963,1402.17
,,,,,,,,2964,1406.09
,,,,,,,,2965,1406.09
,,,,,,,,2966,1404.13
,,,,,,,,2967,1402.17
,,,,,,,,2968,1400.22
,,,,,,,,2969,1402.17
,,,,,,,,2970,1400.22
,,,,,,,,2971,1404.13
,,,,,,,,2972,1404.13
,,,,,,,,2973,1404.13
,,,,,,,,2974,1400.22
,,,,,,,,2975,1402.17
,,,,,,,,2976,1406.09
,,,,,,,,2977,1402.17
,,,,,,,,2978,1404.13
,,,,,,,,2979,1404.13
,,,,,,,,2980,1404.13
,,,,,,,,2981,1406.09
,,,,,,,,2982,1406.09
,,,,,,,,2983,1402.17
,,,,,,,,2984,1406.09
,,,,,,,,2985,1408.04
,,,,,,,,2986,1402.17
,,,,,,,,2987,1404.13
,,,,,,,,2988,1404.13
,,,,,,,,2989,1406.09
,,,,,,,,2990,1400.22
,,,,,,,,2991,1402.17
,,,,,,,,2992,1406.09
,,,,,,,,2993,1402.17
,,,,,,,,2994,1404.13
,,,,,,,,2995,1404.13
,,,,,,,,2996,1404.13
,,,,,,,,2997,1410
,,,,,,,,2998,1404.13
,,,,,,,,2999,1402.17
,,,,,,,,3000,1406.09
,,,,,,,,3001,1406.09
,,,,,,,,3002,1408.04
,,,,,,,,3003,1404.13
,,,,,,,,3004,1408.04
,,,,,,,,3005,1404.13
,,,,,,,,3006,1406.09
,,,,,,,,3007,1404.13
,,,,,,,,3008,1402.17
,,,,,,,,3009,1404.13
,,,,,,,,3010,1404.13
,,,,,,,,3011,1404.13
,,,,,,,,3012,1404.13
,,,,,,,,3013,1404.13
,,,,,,,,3014,1404.13
,,,,,,,,3015,1404.13
,,,,,,,,3016,1404.13
,,,,,,,,3017,1402.17
,,,,,,,,3018,1404.13
,,,,,,,,3019,1404.13
,,,,,,,,3020,1406.09
,,,,,,,,3021,1402.17
,,,,,,,,3022,1402.17
,,,,,,,,3023,1404.13
,,,,,,,,3024,1402.17
,,,,,,,,3025,1402.17
,,,,,,,,3026,1404.13
,,,,,,,,3027,1400.22
,,,,,,,,3028,1402.17
,,,,,,,,3029,1404.13
,,,,,,,,3030,1402.17
,,,,,,,,3031,1406.09
,,,,,,,,3032,1451.05
,,,,,,,,3033,1474.51
,,,,,,,,3034,1513.61
,,,,,,,,3035,1539.03
,,,,,,,,3036,1468.65
,,,,,,,,3037,1519.48
,,,,,,,,3038,1476.47
,,,,,,,,3039,1433.46
,,,,,,,,3040,1423.68
,,,,,,,,3041,1415.86
,,,,,,,,3042,1451.05
,,,,,,,,3043,1975
,,,,,,,,3044,1975
,,,,,,,,3045,1975
,,,,,,,,3046,1975
,,,,,,,,3047,1975
,,,,,,,,3048,1975
,,,,,,,,3049,1975
,,,,,,,,3050,1975
,,,,,,,,3051,1975
,,,,,,,,3052,1975
,,,,,,,,3053,1975
,,,,,,,,3054,1975
,,,,,,,,3055,1269.23
,,,,,,,,3056,1975
,,,,,,,,3057,1975
,,,,,,,,3058,1975
,,,,,,,,3059,1251.64
,,,,,,,,3060,1241.86
,,,,,,,,3061,952.52
,,,,,,,,3062,903.64
,,,,,,,,3063,1009.21
,,,,,,,,3064,989.66
,,,,,,,,3065,792.2
,,,,,,,,3066,766.79
,,,,,,,,3067,786.34
,,,,,,,,3068,753.1
,,,,,,,,3069,714
,,,,,,,,3070,727.69
,,,,,,,,3071,725.73
,,,,,,,,3072,721.82
,,,,,,,,3073,719.87
,,,,,,,,3074,702.27
,,,,,,,,3075,686.63
,,,,,,,,3076,667.08
,,,,,,,,3077,674.9
,,,,,,,,3078,678.81
,,,,,,,,3079,680.77
,,,,,,,,3080,692.5
,,,,,,,,3081,676.86
,,,,,,,,3082,669.04
,,,,,,,,3083,665.13
,,,,,,,,3084,669.04
,,,,,,,,3085,670.99
,,,,,,,,3086,667.08
,,,,,,,,3087,657.31
,,,,,,,,3088,657.31
,,,,,,,,3089,663.17
,,,,,,,,3090,661.22
,,,,,,,,3091,663.17
,,,,,,,,3092,663.17
,,,,,,,,3093,667.08
,,,,,,,,3094,667.08
,,,,,,,,3095,667.08
,,,,,,,,3096,670.99
,,,,,,,,3097,670.99
,,,,,,,,3098,670.99
,,,,,,,,3099,667.08
,,,,,,,,3100,665.13
,,,,,,,,3101,663.17
,,,,,,,,3102,663.17
,,,,,,,,3103,663.17
,,,,,,,,3104,665.13
,,,,,,,,3105,661.22
,,,,,,,,3106,637.76
,,,,,,,,3107,659.26
,,,,,,,,3108,659.26
,,,,,,,,3109,655.35
,,,,,,,,3110,655.35
,,,,,,,,3111,653.4
,,,,,,,,3112,649.49
,,,,,,,,3113,653.4
,,,,,,,,3114,649.49
,,,,,,,,3115,653.4
,,,,,,,,3116,649.49
,,,,,,,,3117,649.49
,,,,,,,,3118,649.49
,,,,,,,,3119,647.53
,,,,,,,,3120,649.49
,,,,,,,,3121,647.53
,,,,,,,,3122,647.53
,,,,,,,,3123,647.53
,,,,,,,,3124,649.49
,,,,,,,,3125,649.49
,,,,,,,,3126,649.49
,,,,,,,,3127,649.49
,,,,,,,,3128,649.49
,,,,,,,,3129,649.49
,,,,,,,,3130,649.49
,,,,,,,,3131,647.53
,,,,,,,,3132,649.49
,,,,,,,,3133,649.49
,,,,,,,,3134,649.49
,,,,,,,,3135,647.53
,,,,,,,,3136,647.53
,,,,,,,,3137,649.49
,,,,,,,,3138,651.44
,,,,,,,,3139,651.44
,,,,,,,,3140,649.49
,,,,,,,,3141,647.53
,,,,,,,,3142,647.53
,,,,,,,,3143,647.53
,,,,,,,,3144,649.49
,,,,,,,,3145,647.53
,,,,,,,,3146,647.53
,,,,,,,,3147,643.62
,,,,,,,,3148,649.49
,,,,,,,,3149,647.53
,,,,,,,,3150,651.44
,,,,,,,,3151,651.44
,,,,,,,,3152,649.49
,,,,,,,,3153,649.49
,,,,,,,,3154,651.44
,,,,,,,,3155,651.44
,,,,,,,,3156,653.4
,,,,,,,,3157,651.44
,,,,,,,,3158,653.4
,,,,,,,,3159,651.44
,,,,,,,,3160,657.31
,,,,,,,,3161,661.22
,,,,,,,,3162,669.04
,,,,,,,,3163,672.95
,,,,,,,,3164,674.9
,,,,,,,,3165,674.9
,,,,,,,,3166,676.86
,,,,,,,,3167,684.68
,,,,,,,,3168,690.54
,,,,,,,,3169,686.63
,,,,,,,,3170,680.77
,,,,,,,,3171,684.68
,,,,,,,,3172,663.17
,,,,,,,,3173,649.49
,,,,,,,,3174,659.26
,,,,,,,,3175,659.26
,,,,,,,,3176,657.31
,,,,,,,,3177,653.4
,,,,,,,,3178,655.35
,,,,,,,,3179,655.35
,,,,,,,,3180,645.58
,,,,,,,,3181,643.62
